extract_dt,region_id,market_name,category,commodity,price
2026-02-14,130000000,COMMONWEALTH MARKET,Rice,COMMERCIAL (IMPORTED) Premium (Yellow tagged) - 5% BROKEN,58.0
2026-02-14,130000000,NEW LAS PINAS CITY PUBLIC MARKET,Rice,COMMERCIAL (IMPORTED) Premium (Yellow tagged) - 5% BROKEN,54.0
2026-02-14,130000000,MARIKINA PUBLIC MARKET,Rice,COMMERCIAL (IMPORTED) Premium (Yellow tagged) - 5% BROKEN,58.0
2026-02-14,130000000,MUNOZ MARKET,Rice,COMMERCIAL (IMPORTED) Premium (Yellow tagged) - 5% BROKEN,52.0
2026-02-14,130000000,MUTYA NG PASIG MEGA MARKET,Rice,COMMERCIAL (IMPORTED) Premium (Yellow tagged) - 5% BROKEN,56.0
2026-02-14,130000000,MEGA Q MART,Rice,COMMERCIAL (IMPORTED) Premium (Yellow tagged) - 5% BROKEN,58.0
2026-02-14,130000000,PAMILIHANG LUNGSOD NG MUNTINLUPA,Rice,COMMERCIAL (IMPORTED) Premium (Yellow tagged) - 5% BROKEN,52.0
2026-02-14,130000000,MALABON CENTRAL MARKET,Rice,COMMERCIAL (IMPORTED) Premium (Yellow tagged) - 5% BROKEN,54.0
2026-02-14,130000000,PRITIL MARKET,Rice,COMMERCIAL (IMPORTED) Premium (Yellow tagged) - 5% BROKEN,55.0
2026-02-14,130000000,DAGONOY MARKET,Rice,COMMERCIAL (IMPORTED) Premium (Yellow tagged) - 5% BROKEN,50.0
2026-02-14,130000000,TRABAJO MARKET,Rice,COMMERCIAL (IMPORTED) Premium (Yellow tagged) - 5% BROKEN,55.0
2026-02-14,130000000,NAVOTAS AGORA MARKET,Rice,COMMERCIAL (IMPORTED) Premium (Yellow tagged) - 5% BROKEN,54.0
2026-02-14,130000000,MURPHY MARKET,Rice,COMMERCIAL (IMPORTED) Premium (Yellow tagged) - 5% BROKEN,58.0
2026-02-14,130000000,NEW MARULAS PUBLIC MARKET,Rice,COMMERCIAL (IMPORTED) Premium (Yellow tagged) - 5% BROKEN,58.0
2026-02-14,130000000,BALINTAWAK MARKET (CLOVERLEAF),Rice,COMMERCIAL (IMPORTED) Premium (Yellow tagged) - 5% BROKEN,58.0
2026-02-14,130000000,MUTYA NG PASIG MEGA MARKET,Rice,COMMERCIAL (IMPORTED) Regular Milled - 20-40% BRAN STREAK,42.0
2026-02-14,130000000,NAVOTAS AGORA MARKET,Rice,COMMERCIAL (IMPORTED) Regular Milled - 20-40% BRAN STREAK,40.0
2026-02-14,130000000,NEW MARULAS PUBLIC MARKET,Rice,COMMERCIAL (IMPORTED) Regular Milled - 20-40% BRAN STREAK,37.0
2026-02-14,130000000,NEW LAS PINAS CITY PUBLIC MARKET,Rice,COMMERCIAL (IMPORTED) Special (Blue tagged) - WHITE RICE,60.0
2026-02-14,130000000,MUTYA NG PASIG MEGA MARKET,Rice,COMMERCIAL (IMPORTED) Special (Blue tagged) - WHITE RICE,60.0
2026-02-14,130000000,PAMILIHANG LUNGSOD NG MUNTINLUPA,Rice,COMMERCIAL (IMPORTED) Special (Blue tagged) - WHITE RICE,60.0
2026-02-14,130000000,MUTYA NG PASIG MEGA MARKET,Rice,COMMERCIAL (IMPORTED) Well Milled - 1-19% BRAN STREAK,49.0
2026-02-14,130000000,NEW MARULAS PUBLIC MARKET,Rice,COMMERCIAL (IMPORTED) Well Milled - 1-19% BRAN STREAK,44.0
2026-02-14,130000000,COMMONWEALTH MARKET,Rice,COMMERCIAL (LOCAL) Premium (Yellow tagged) - 5% BROKEN,53.0
2026-02-14,130000000,NEW LAS PINAS CITY PUBLIC MARKET,Rice,COMMERCIAL (LOCAL) Premium (Yellow tagged) - 5% BROKEN,54.0
2026-02-14,130000000,MARIKINA PUBLIC MARKET,Rice,COMMERCIAL (LOCAL) Premium (Yellow tagged) - 5% BROKEN,54.0
2026-02-14,130000000,MUTYA NG PASIG MEGA MARKET,Rice,COMMERCIAL (LOCAL) Premium (Yellow tagged) - 5% BROKEN,52.0
2026-02-14,130000000,MEGA Q MART,Rice,COMMERCIAL (LOCAL) Premium (Yellow tagged) - 5% BROKEN,55.0
2026-02-14,130000000,PAMILIHANG LUNGSOD NG MUNTINLUPA,Rice,COMMERCIAL (LOCAL) Premium (Yellow tagged) - 5% BROKEN,50.0
2026-02-14,130000000,MALABON CENTRAL MARKET,Rice,COMMERCIAL (LOCAL) Premium (Yellow tagged) - 5% BROKEN,45.0
2026-02-14,130000000,PRITIL MARKET,Rice,COMMERCIAL (LOCAL) Premium (Yellow tagged) - 5% BROKEN,46.0
2026-02-14,130000000,DAGONOY MARKET,Rice,COMMERCIAL (LOCAL) Premium (Yellow tagged) - 5% BROKEN,55.0
2026-02-14,130000000,TRABAJO MARKET,Rice,COMMERCIAL (LOCAL) Premium (Yellow tagged) - 5% BROKEN,55.0
2026-02-14,130000000,NAVOTAS AGORA MARKET,Rice,COMMERCIAL (LOCAL) Premium (Yellow tagged) - 5% BROKEN,46.0
2026-02-14,130000000,CARTIMAR MARKET,Rice,COMMERCIAL (LOCAL) Premium (Yellow tagged) - 5% BROKEN,55.0
2026-02-14,130000000,MURPHY MARKET,Rice,COMMERCIAL (LOCAL) Premium (Yellow tagged) - 5% BROKEN,56.0
2026-02-14,130000000,NEW MARULAS PUBLIC MARKET,Rice,COMMERCIAL (LOCAL) Premium (Yellow tagged) - 5% BROKEN,58.0
2026-02-14,130000000,BALINTAWAK MARKET (CLOVERLEAF),Rice,COMMERCIAL (LOCAL) Premium (Yellow tagged) - 5% BROKEN,58.0
2026-02-14,130000000,MUTYA NG PASIG MEGA MARKET,Rice,COMMERCIAL (LOCAL) Regular Milled - 20-40% BRAN STREAK,42.0
2026-02-14,130000000,PAMILIHANG LUNGSOD NG MUNTINLUPA,Rice,COMMERCIAL (LOCAL) Regular Milled - 20-40% BRAN STREAK,42.0
2026-02-14,130000000,PRITIL MARKET,Rice,COMMERCIAL (LOCAL) Regular Milled - 20-40% BRAN STREAK,42.0
2026-02-14,130000000,NAVOTAS AGORA MARKET,Rice,COMMERCIAL (LOCAL) Regular Milled - 20-40% BRAN STREAK,40.0
2026-02-14,130000000,BALINTAWAK MARKET (CLOVERLEAF),Rice,COMMERCIAL (LOCAL) Regular Milled - 20-40% BRAN STREAK,42.0
2026-02-14,130000000,COMMONWEALTH MARKET,Rice,COMMERCIAL (LOCAL) Special (Blue tagged) - WHITE RICE,60.0
2026-02-14,130000000,NEW LAS PINAS CITY PUBLIC MARKET,Rice,COMMERCIAL (LOCAL) Special (Blue tagged) - WHITE RICE,60.0
2026-02-14,130000000,MARIKINA PUBLIC MARKET,Rice,COMMERCIAL (LOCAL) Special (Blue tagged) - WHITE RICE,59.0
2026-02-14,130000000,MUNOZ MARKET,Rice,COMMERCIAL (LOCAL) Special (Blue tagged) - WHITE RICE,60.0
2026-02-14,130000000,MUTYA NG PASIG MEGA MARKET,Rice,COMMERCIAL (LOCAL) Special (Blue tagged) - WHITE RICE,60.0
2026-02-14,130000000,MEGA Q MART,Rice,COMMERCIAL (LOCAL) Special (Blue tagged) - WHITE RICE,58.0
2026-02-14,130000000,PAMILIHANG LUNGSOD NG MUNTINLUPA,Rice,COMMERCIAL (LOCAL) Special (Blue tagged) - WHITE RICE,57.0
2026-02-14,130000000,PRITIL MARKET,Rice,COMMERCIAL (LOCAL) Special (Blue tagged) - WHITE RICE,58.0
2026-02-14,130000000,DAGONOY MARKET,Rice,COMMERCIAL (LOCAL) Special (Blue tagged) - WHITE RICE,60.0
2026-02-14,130000000,NAVOTAS AGORA MARKET,Rice,COMMERCIAL (LOCAL) Special (Blue tagged) - WHITE RICE,55.0
2026-02-14,130000000,CARTIMAR MARKET,Rice,COMMERCIAL (LOCAL) Special (Blue tagged) - WHITE RICE,60.0
2026-02-14,130000000,MURPHY MARKET,Rice,COMMERCIAL (LOCAL) Special (Blue tagged) - WHITE RICE,60.0
2026-02-14,130000000,NEW MARULAS PUBLIC MARKET,Rice,COMMERCIAL (LOCAL) Special (Blue tagged) - WHITE RICE,60.0
2026-02-14,130000000,BALINTAWAK MARKET (CLOVERLEAF),Rice,COMMERCIAL (LOCAL) Special (Blue tagged) - WHITE RICE,55.0
2026-02-14,130000000,COMMONWEALTH MARKET,Rice,COMMERCIAL (LOCAL) Well Milled - 1-19% BRAN STREAK,50.0
2026-02-14,130000000,MUTYA NG PASIG MEGA MARKET,Rice,COMMERCIAL (LOCAL) Well Milled - 1-19% BRAN STREAK,46.0
2026-02-14,130000000,MEGA Q MART,Rice,COMMERCIAL (LOCAL) Well Milled - 1-19% BRAN STREAK,50.0
2026-02-14,130000000,PAMILIHANG LUNGSOD NG MUNTINLUPA,Rice,COMMERCIAL (LOCAL) Well Milled - 1-19% BRAN STREAK,45.0
2026-02-14,130000000,PRITIL MARKET,Rice,COMMERCIAL (LOCAL) Well Milled - 1-19% BRAN STREAK,42.0
2026-02-14,130000000,DAGONOY MARKET,Rice,COMMERCIAL (LOCAL) Well Milled - 1-19% BRAN STREAK,40.0
2026-02-14,130000000,TRABAJO MARKET,Rice,COMMERCIAL (LOCAL) Well Milled - 1-19% BRAN STREAK,48.0
2026-02-14,130000000,NAVOTAS AGORA MARKET,Rice,COMMERCIAL (LOCAL) Well Milled - 1-19% BRAN STREAK,42.0
2026-02-14,130000000,NEW MARULAS PUBLIC MARKET,Rice,COMMERCIAL (LOCAL) Well Milled - 1-19% BRAN STREAK,46.0
2026-02-14,130000000,MUTYA NG PASIG MEGA MARKET,Corn,"Corn (White) - Cob, Glutinous",70.0
2026-02-14,130000000,COMMONWEALTH MARKET,Corn,"Corn (Yellow) - Cob, Sweet Corn",100.0
2026-02-14,130000000,MARIKINA PUBLIC MARKET,Corn,"Corn (Yellow) - Cob, Sweet Corn",70.0
2026-02-14,130000000,MUNOZ MARKET,Corn,"Corn (Yellow) - Cob, Sweet Corn",70.0
2026-02-14,130000000,MUTYA NG PASIG MEGA MARKET,Corn,"Corn (Yellow) - Cob, Sweet Corn",50.0
2026-02-14,130000000,MEGA Q MART,Corn,"Corn (Yellow) - Cob, Sweet Corn",60.0
2026-02-14,130000000,PAMILIHANG LUNGSOD NG MUNTINLUPA,Corn,"Corn (Yellow) - Cob, Sweet Corn",60.0
2026-02-14,130000000,MALABON CENTRAL MARKET,Corn,"Corn (Yellow) - Cob, Sweet Corn",80.0
2026-02-14,130000000,PRITIL MARKET,Corn,"Corn (Yellow) - Cob, Sweet Corn",75.0
2026-02-14,130000000,DAGONOY MARKET,Corn,"Corn (Yellow) - Cob, Sweet Corn",90.0
2026-02-14,130000000,NAVOTAS AGORA MARKET,Corn,"Corn (Yellow) - Cob, Sweet Corn",75.0
2026-02-14,130000000,CARTIMAR MARKET,Corn,"Corn (Yellow) - Cob, Sweet Corn",80.0
2026-02-14,130000000,NEW MARULAS PUBLIC MARKET,Corn,"Corn (Yellow) - Cob, Sweet Corn",110.0
2026-02-14,130000000,COMMONWEALTH MARKET,Legumes,Mungbean - KG,120.0
2026-02-14,130000000,MARIKINA PUBLIC MARKET,Legumes,Mungbean - KG,130.0
2026-02-14,130000000,MUNOZ MARKET,Legumes,Mungbean - KG,140.0
2026-02-14,130000000,MUTYA NG PASIG MEGA MARKET,Legumes,Mungbean - KG,150.0
2026-02-14,130000000,MEGA Q MART,Legumes,Mungbean - KG,120.0
2026-02-14,130000000,PAMILIHANG LUNGSOD NG MUNTINLUPA,Legumes,Mungbean - KG,120.0
2026-02-14,130000000,MALABON CENTRAL MARKET,Legumes,Mungbean - KG,120.0
2026-02-14,130000000,PRITIL MARKET,Legumes,Mungbean - KG,120.0
2026-02-14,130000000,DAGONOY MARKET,Legumes,Mungbean - KG,140.0
2026-02-14,130000000,TRABAJO MARKET,Legumes,Mungbean - KG,140.0
2026-02-14,130000000,NAVOTAS AGORA MARKET,Legumes,Mungbean - KG,120.0
2026-02-14,130000000,CARTIMAR MARKET,Legumes,Mungbean - KG,140.0
2026-02-14,130000000,MURPHY MARKET,Legumes,Mungbean - KG,140.0
2026-02-14,130000000,NEW MARULAS PUBLIC MARKET,Legumes,Mungbean - KG,130.0
2026-02-14,130000000,BALINTAWAK MARKET (CLOVERLEAF),Legumes,Mungbean - KG,110.0
2026-02-14,130000000,MUTYA NG PASIG MEGA MARKET,Fish,Alumahan - MEDIUM (4-6PCS/KG),340.0
2026-02-14,130000000,COMMONWEALTH MARKET,Fish,Bangus (Medium) - MEDIUM (3-4PCS/KG),260.0
2026-02-14,130000000,MARIKINA PUBLIC MARKET,Fish,Bangus (Medium) - MEDIUM (3-4PCS/KG),260.0
2026-02-14,130000000,MUNOZ MARKET,Fish,Bangus (Medium) - MEDIUM (3-4PCS/KG),240.0
2026-02-14,130000000,MUTYA NG PASIG MEGA MARKET,Fish,Bangus (Medium) - MEDIUM (3-4PCS/KG),180.0
2026-02-14,130000000,MEGA Q MART,Fish,Bangus (Medium) - MEDIUM (3-4PCS/KG),200.0
2026-02-14,130000000,MALABON CENTRAL MARKET,Fish,Bangus (Medium) - MEDIUM (3-4PCS/KG),250.0
2026-02-14,130000000,PRITIL MARKET,Fish,Bangus (Medium) - MEDIUM (3-4PCS/KG),260.0
2026-02-14,130000000,TRABAJO MARKET,Fish,Bangus (Medium) - MEDIUM (3-4PCS/KG),240.0
2026-02-14,130000000,NAVOTAS AGORA MARKET,Fish,Bangus (Medium) - MEDIUM (3-4PCS/KG),260.0
2026-02-14,130000000,CARTIMAR MARKET,Fish,Bangus (Medium) - MEDIUM (3-4PCS/KG),280.0
2026-02-14,130000000,MURPHY MARKET,Fish,Bangus (Medium) - MEDIUM (3-4PCS/KG),240.0
2026-02-14,130000000,NEW MARULAS PUBLIC MARKET,Fish,Bangus (Medium) - MEDIUM (3-4PCS/KG),280.0
2026-02-14,130000000,MUTYA NG PASIG MEGA MARKET,Fish,"Galunggong(Imported) - MALE, MEDIUM (12-14PCS/KG)",300.0
2026-02-14,130000000,MARIKINA PUBLIC MARKET,Fish,"Galunggong(Local) - MALE, MEDIUM(12-14PCS/KG)",380.0
2026-02-14,130000000,PRITIL MARKET,Fish,"Galunggong(Local) - MALE, MEDIUM(12-14PCS/KG)",340.0
2026-02-14,130000000,TRABAJO MARKET,Fish,"Galunggong(Local) - MALE, MEDIUM(12-14PCS/KG)",350.0
2026-02-14,130000000,COMMONWEALTH MARKET,Fish,Tilapia - MEDIUM (5-6PCS/KG),130.0
2026-02-14,130000000,NEW LAS PINAS CITY PUBLIC MARKET,Fish,Tilapia - MEDIUM (5-6PCS/KG),170.0
2026-02-14,130000000,MARIKINA PUBLIC MARKET,Fish,Tilapia - MEDIUM (5-6PCS/KG),150.0
2026-02-14,130000000,MUNOZ MARKET,Fish,Tilapia - MEDIUM (5-6PCS/KG),140.0
2026-02-14,130000000,MUTYA NG PASIG MEGA MARKET,Fish,Tilapia - MEDIUM (5-6PCS/KG),160.0
2026-02-14,130000000,MEGA Q MART,Fish,Tilapia - MEDIUM (5-6PCS/KG),140.0
2026-02-14,130000000,PAMILIHANG LUNGSOD NG MUNTINLUPA,Fish,Tilapia - MEDIUM (5-6PCS/KG),160.0
2026-02-14,130000000,MALABON CENTRAL MARKET,Fish,Tilapia - MEDIUM (5-6PCS/KG),160.0
2026-02-14,130000000,PRITIL MARKET,Fish,Tilapia - MEDIUM (5-6PCS/KG),150.0
2026-02-14,130000000,DAGONOY MARKET,Fish,Tilapia - MEDIUM (5-6PCS/KG),160.0
2026-02-14,130000000,TRABAJO MARKET,Fish,Tilapia - MEDIUM (5-6PCS/KG),150.0
2026-02-14,130000000,NAVOTAS AGORA MARKET,Fish,Tilapia - MEDIUM (5-6PCS/KG),140.0
2026-02-14,130000000,CARTIMAR MARKET,Fish,Tilapia - MEDIUM (5-6PCS/KG),160.0
2026-02-14,130000000,MURPHY MARKET,Fish,Tilapia - MEDIUM (5-6PCS/KG),160.0
2026-02-14,130000000,NEW MARULAS PUBLIC MARKET,Fish,Tilapia - MEDIUM (5-6PCS/KG),170.0
2026-02-14,130000000,MUTYA NG PASIG MEGA MARKET,Fish,Sardines (Tamban),140.0
2026-02-14,130000000,MUNOZ MARKET,Fish,Squid (Pusit Bisaya) - Medium,480.0
2026-02-14,130000000,MUTYA NG PASIG MEGA MARKET,Fish,Squid (Pusit Bisaya) - Medium,480.0
2026-02-14,130000000,MEGA Q MART,Fish,Squid (Pusit Bisaya) - Medium,460.0
2026-02-14,130000000,PRITIL MARKET,Fish,Squid (Pusit Bisaya) - Medium,440.0
2026-02-14,130000000,MUTYA NG PASIG MEGA MARKET,Fish,Yellow-Fin Tuna (Tambakol),330.0
2026-02-14,130000000,PAMILIHANG LUNGSOD NG MUNTINLUPA,Fish,Yellow-Fin Tuna (Tambakol),320.0
2026-02-14,130000000,COMMONWEALTH MARKET,Fish,Bangus (Large) - LARGE (KG),280.0
2026-02-14,130000000,NEW LAS PINAS CITY PUBLIC MARKET,Fish,Bangus (Large) - LARGE (KG),240.0
2026-02-14,130000000,MARIKINA PUBLIC MARKET,Fish,Bangus (Large) - LARGE (KG),290.0
2026-02-14,130000000,MUNOZ MARKET,Fish,Bangus (Large) - LARGE (KG),260.0
2026-02-14,130000000,MUTYA NG PASIG MEGA MARKET,Fish,Bangus (Large) - LARGE (KG),200.0
2026-02-14,130000000,MEGA Q MART,Fish,Bangus (Large) - LARGE (KG),220.0
2026-02-14,130000000,PAMILIHANG LUNGSOD NG MUNTINLUPA,Fish,Bangus (Large) - LARGE (KG),240.0
2026-02-14,130000000,DAGONOY MARKET,Fish,Bangus (Large) - LARGE (KG),280.0
2026-02-14,130000000,TRABAJO MARKET,Fish,Bangus (Large) - LARGE (KG),260.0
2026-02-14,130000000,COMMONWEALTH MARKET,Fruits,Calamansi - KG,80.0
2026-02-14,130000000,NEW LAS PINAS CITY PUBLIC MARKET,Fruits,Calamansi - KG,130.0
2026-02-14,130000000,MARIKINA PUBLIC MARKET,Fruits,Calamansi - KG,130.0
2026-02-14,130000000,MUNOZ MARKET,Fruits,Calamansi - KG,120.0
2026-02-14,130000000,MUTYA NG PASIG MEGA MARKET,Fruits,Calamansi - KG,100.0
2026-02-14,130000000,MEGA Q MART,Fruits,Calamansi - KG,120.0
2026-02-14,130000000,PAMILIHANG LUNGSOD NG MUNTINLUPA,Fruits,Calamansi - KG,120.0
2026-02-14,130000000,MALABON CENTRAL MARKET,Fruits,Calamansi - KG,120.0
2026-02-14,130000000,PRITIL MARKET,Fruits,Calamansi - KG,120.0
2026-02-14,130000000,DAGONOY MARKET,Fruits,Calamansi - KG,140.0
2026-02-14,130000000,TRABAJO MARKET,Fruits,Calamansi - KG,150.0
2026-02-14,130000000,NAVOTAS AGORA MARKET,Fruits,Calamansi - KG,120.0
2026-02-14,130000000,MURPHY MARKET,Fruits,Calamansi - KG,150.0
2026-02-14,130000000,NEW MARULAS PUBLIC MARKET,Fruits,Calamansi - KG,140.0
2026-02-14,130000000,BALINTAWAK MARKET (CLOVERLEAF),Fruits,Calamansi - KG,80.0
2026-02-14,130000000,NEW LAS PINAS CITY PUBLIC MARKET,Fruits,Banana (Lakatan) - 8-10PCS/KG,90.0
2026-02-14,130000000,MARIKINA PUBLIC MARKET,Fruits,Banana (Lakatan) - 8-10PCS/KG,120.0
2026-02-14,130000000,MUTYA NG PASIG MEGA MARKET,Fruits,Banana (Lakatan) - 8-10PCS/KG,100.0
2026-02-14,130000000,MEGA Q MART,Fruits,Banana (Lakatan) - 8-10PCS/KG,80.0
2026-02-14,130000000,PAMILIHANG LUNGSOD NG MUNTINLUPA,Fruits,Banana (Lakatan) - 8-10PCS/KG,90.0
2026-02-14,130000000,MALABON CENTRAL MARKET,Fruits,Banana (Lakatan) - 8-10PCS/KG,90.0
2026-02-14,130000000,PRITIL MARKET,Fruits,Banana (Lakatan) - 8-10PCS/KG,80.0
2026-02-14,130000000,NAVOTAS AGORA MARKET,Fruits,Banana (Lakatan) - 8-10PCS/KG,110.0
2026-02-14,130000000,CARTIMAR MARKET,Fruits,Banana (Lakatan) - 8-10PCS/KG,120.0
2026-02-14,130000000,MURPHY MARKET,Fruits,Banana (Lakatan) - 8-10PCS/KG,100.0
2026-02-14,130000000,NEW MARULAS PUBLIC MARKET,Fruits,Banana (Lakatan) - 8-10PCS/KG,120.0
2026-02-14,130000000,NEW LAS PINAS CITY PUBLIC MARKET,Fruits,Banana (Latundan) - 10-12PCS/KG,70.0
2026-02-14,130000000,MARIKINA PUBLIC MARKET,Fruits,Banana (Latundan) - 10-12PCS/KG,80.0
2026-02-14,130000000,MUTYA NG PASIG MEGA MARKET,Fruits,Banana (Latundan) - 10-12PCS/KG,90.0
2026-02-14,130000000,MEGA Q MART,Fruits,Banana (Latundan) - 10-12PCS/KG,55.0
2026-02-14,130000000,PAMILIHANG LUNGSOD NG MUNTINLUPA,Fruits,Banana (Latundan) - 10-12PCS/KG,70.0
2026-02-14,130000000,MALABON CENTRAL MARKET,Fruits,Banana (Latundan) - 10-12PCS/KG,60.0
2026-02-14,130000000,PRITIL MARKET,Fruits,Banana (Latundan) - 10-12PCS/KG,70.0
2026-02-14,130000000,NAVOTAS AGORA MARKET,Fruits,Banana (Latundan) - 10-12PCS/KG,90.0
2026-02-14,130000000,MURPHY MARKET,Fruits,Banana (Latundan) - 10-12PCS/KG,80.0
2026-02-14,130000000,NEW MARULAS PUBLIC MARKET,Fruits,Banana (Latundan) - 10-12PCS/KG,90.0
2026-02-14,130000000,NEW LAS PINAS CITY PUBLIC MARKET,Fruits,"Mango (Carabao) - RIPE, 3-4PCS/KG",180.0
2026-02-14,130000000,MARIKINA PUBLIC MARKET,Fruits,"Mango (Carabao) - RIPE, 3-4PCS/KG",200.0
2026-02-14,130000000,MUTYA NG PASIG MEGA MARKET,Fruits,"Mango (Carabao) - RIPE, 3-4PCS/KG",240.0
2026-02-14,130000000,MEGA Q MART,Fruits,"Mango (Carabao) - RIPE, 3-4PCS/KG",180.0
2026-02-14,130000000,PAMILIHANG LUNGSOD NG MUNTINLUPA,Fruits,"Mango (Carabao) - RIPE, 3-4PCS/KG",150.0
2026-02-14,130000000,PRITIL MARKET,Fruits,"Mango (Carabao) - RIPE, 3-4PCS/KG",160.0
2026-02-14,130000000,NAVOTAS AGORA MARKET,Fruits,"Mango (Carabao) - RIPE, 3-4PCS/KG",160.0
2026-02-14,130000000,CARTIMAR MARKET,Fruits,"Mango (Carabao) - RIPE, 3-4PCS/KG",220.0
2026-02-14,130000000,MURPHY MARKET,Fruits,"Mango (Carabao) - RIPE, 3-4PCS/KG",200.0
2026-02-14,130000000,NEW MARULAS PUBLIC MARKET,Fruits,"Mango (Carabao) - RIPE, 3-4PCS/KG",200.0
2026-02-14,130000000,NEW LAS PINAS CITY PUBLIC MARKET,Fruits,"Papaya - SOLO, RIPE, 2-3PCS",80.0
2026-02-14,130000000,MARIKINA PUBLIC MARKET,Fruits,"Papaya - SOLO, RIPE, 2-3PCS",70.0
2026-02-14,130000000,MUTYA NG PASIG MEGA MARKET,Fruits,"Papaya - SOLO, RIPE, 2-3PCS",90.0
2026-02-14,130000000,MEGA Q MART,Fruits,"Papaya - SOLO, RIPE, 2-3PCS",80.0
2026-02-14,130000000,PAMILIHANG LUNGSOD NG MUNTINLUPA,Fruits,"Papaya - SOLO, RIPE, 2-3PCS",65.0
2026-02-14,130000000,CARTIMAR MARKET,Fruits,"Papaya - SOLO, RIPE, 2-3PCS",90.0
2026-02-14,130000000,NEW LAS PINAS CITY PUBLIC MARKET,Fruits,Melon,90.0
2026-02-14,130000000,MARIKINA PUBLIC MARKET,Fruits,Melon,120.0
2026-02-14,130000000,MUTYA NG PASIG MEGA MARKET,Fruits,Melon,150.0
2026-02-14,130000000,MEGA Q MART,Fruits,Melon,85.0
2026-02-14,130000000,PAMILIHANG LUNGSOD NG MUNTINLUPA,Fruits,Melon,80.0
2026-02-14,130000000,MURPHY MARKET,Fruits,Melon,100.0
2026-02-14,130000000,NEW MARULAS PUBLIC MARKET,Fruits,Melon,100.0
2026-02-14,130000000,MARIKINA PUBLIC MARKET,Fruits,Avocado,300.0
2026-02-14,130000000,MUTYA NG PASIG MEGA MARKET,Fruits,Avocado,350.0
2026-02-14,130000000,MEGA Q MART,Fruits,Avocado,200.0
2026-02-14,130000000,NAVOTAS AGORA MARKET,Fruits,Avocado,230.0
2026-02-14,130000000,MURPHY MARKET,Fruits,Avocado,350.0
2026-02-14,130000000,NEW LAS PINAS CITY PUBLIC MARKET,Fruits,Pomelo - KG,150.0
2026-02-14,130000000,MARIKINA PUBLIC MARKET,Fruits,Pomelo - KG,320.0
2026-02-14,130000000,MUTYA NG PASIG MEGA MARKET,Fruits,Pomelo - KG,190.0
2026-02-14,130000000,MEGA Q MART,Fruits,Pomelo - KG,180.0
2026-02-14,130000000,PAMILIHANG LUNGSOD NG MUNTINLUPA,Fruits,Pomelo - KG,140.0
2026-02-14,130000000,MURPHY MARKET,Fruits,Pomelo - KG,200.0
2026-02-14,130000000,NEW LAS PINAS CITY PUBLIC MARKET,Fruits,Watermelon - KG,65.0
2026-02-14,130000000,MARIKINA PUBLIC MARKET,Fruits,Watermelon - KG,80.0
2026-02-14,130000000,MUTYA NG PASIG MEGA MARKET,Fruits,Watermelon - KG,90.0
2026-02-14,130000000,MEGA Q MART,Fruits,Watermelon - KG,85.0
2026-02-14,130000000,PAMILIHANG LUNGSOD NG MUNTINLUPA,Fruits,Watermelon - KG,65.0
2026-02-14,130000000,MURPHY MARKET,Fruits,Watermelon - KG,80.0
2026-02-14,130000000,MARIKINA PUBLIC MARKET,Fruits,Banana (Saba) - KG,60.0
2026-02-14,130000000,MUNOZ MARKET,Fruits,Banana (Saba) - KG,50.0
2026-02-14,130000000,MUTYA NG PASIG MEGA MARKET,Fruits,Banana (Saba) - KG,60.0
2026-02-14,130000000,MEGA Q MART,Fruits,Banana (Saba) - KG,55.0
2026-02-14,130000000,PAMILIHANG LUNGSOD NG MUNTINLUPA,Fruits,Banana (Saba) - KG,40.0
2026-02-14,130000000,MALABON CENTRAL MARKET,Fruits,Banana (Saba) - KG,40.0
2026-02-14,130000000,PRITIL MARKET,Fruits,Banana (Saba) - KG,50.0
2026-02-14,130000000,NAVOTAS AGORA MARKET,Fruits,Banana (Saba) - KG,60.0
2026-02-14,130000000,MURPHY MARKET,Fruits,Banana (Saba) - KG,60.0
2026-02-14,130000000,NEW MARULAS PUBLIC MARKET,Fruits,Banana (Saba) - KG,50.0
2026-02-14,130000000,TRABAJO MARKET,Highland Vegetables,Cabbage (Scorpio) - 750GM-1KG/HEAD,90.0
2026-02-14,130000000,NEW MARULAS PUBLIC MARKET,Highland Vegetables,Cabbage (Scorpio) - 750GM-1KG/HEAD,120.0
2026-02-14,130000000,COMMONWEALTH MARKET,Highland Vegetables,Carrots - 8-10PCS/KG,70.0
2026-02-14,130000000,NEW LAS PINAS CITY PUBLIC MARKET,Highland Vegetables,Carrots - 8-10PCS/KG,100.0
2026-02-14,130000000,MARIKINA PUBLIC MARKET,Highland Vegetables,Carrots - 8-10PCS/KG,120.0
2026-02-14,130000000,MUNOZ MARKET,Highland Vegetables,Carrots - 8-10PCS/KG,100.0
2026-02-14,130000000,MUTYA NG PASIG MEGA MARKET,Highland Vegetables,Carrots - 8-10PCS/KG,120.0
2026-02-14,130000000,MEGA Q MART,Highland Vegetables,Carrots - 8-10PCS/KG,80.0
2026-02-14,130000000,PAMILIHANG LUNGSOD NG MUNTINLUPA,Highland Vegetables,Carrots - 8-10PCS/KG,70.0
2026-02-14,130000000,MALABON CENTRAL MARKET,Highland Vegetables,Carrots - 8-10PCS/KG,80.0
2026-02-14,130000000,PRITIL MARKET,Highland Vegetables,Carrots - 8-10PCS/KG,100.0
2026-02-14,130000000,DAGONOY MARKET,Highland Vegetables,Carrots - 8-10PCS/KG,90.0
2026-02-14,130000000,TRABAJO MARKET,Highland Vegetables,Carrots - 8-10PCS/KG,90.0
2026-02-14,130000000,NAVOTAS AGORA MARKET,Highland Vegetables,Carrots - 8-10PCS/KG,100.0
2026-02-14,130000000,CARTIMAR MARKET,Highland Vegetables,Carrots - 8-10PCS/KG,100.0
2026-02-14,130000000,MURPHY MARKET,Highland Vegetables,Carrots - 8-10PCS/KG,120.0
2026-02-14,130000000,NEW MARULAS PUBLIC MARKET,Highland Vegetables,Carrots - 8-10PCS/KG,120.0
2026-02-14,130000000,BALINTAWAK MARKET (CLOVERLEAF),Highland Vegetables,Carrots - 8-10PCS/KG,80.0
2026-02-14,130000000,COMMONWEALTH MARKET,Highland Vegetables,Habichuelas (Baguio Bean) - KG,60.0
2026-02-14,130000000,NEW LAS PINAS CITY PUBLIC MARKET,Highland Vegetables,Habichuelas (Baguio Bean) - KG,80.0
2026-02-14,130000000,MARIKINA PUBLIC MARKET,Highland Vegetables,Habichuelas (Baguio Bean) - KG,100.0
2026-02-14,130000000,MUNOZ MARKET,Highland Vegetables,Habichuelas (Baguio Bean) - KG,80.0
2026-02-14,130000000,MUTYA NG PASIG MEGA MARKET,Highland Vegetables,Habichuelas (Baguio Bean) - KG,100.0
2026-02-14,130000000,MEGA Q MART,Highland Vegetables,Habichuelas (Baguio Bean) - KG,100.0
2026-02-14,130000000,PAMILIHANG LUNGSOD NG MUNTINLUPA,Highland Vegetables,Habichuelas (Baguio Bean) - KG,80.0
2026-02-14,130000000,PRITIL MARKET,Highland Vegetables,Habichuelas (Baguio Bean) - KG,120.0
2026-02-14,130000000,DAGONOY MARKET,Highland Vegetables,Habichuelas (Baguio Bean) - KG,100.0
2026-02-14,130000000,TRABAJO MARKET,Highland Vegetables,Habichuelas (Baguio Bean) - KG,90.0
2026-02-14,130000000,NAVOTAS AGORA MARKET,Highland Vegetables,Habichuelas (Baguio Bean) - KG,120.0
2026-02-14,130000000,CARTIMAR MARKET,Highland Vegetables,Habichuelas (Baguio Bean) - KG,100.0
2026-02-14,130000000,MURPHY MARKET,Highland Vegetables,Habichuelas (Baguio Bean) - KG,120.0
2026-02-14,130000000,NEW MARULAS PUBLIC MARKET,Highland Vegetables,Habichuelas (Baguio Bean) - KG,100.0
2026-02-14,130000000,BALINTAWAK MARKET (CLOVERLEAF),Highland Vegetables,Habichuelas (Baguio Bean) - KG,60.0
2026-02-14,130000000,COMMONWEALTH MARKET,Highland Vegetables,White Potato - 10-12PCS/KG,80.0
2026-02-14,130000000,NEW LAS PINAS CITY PUBLIC MARKET,Highland Vegetables,White Potato - 10-12PCS/KG,115.0
2026-02-14,130000000,MARIKINA PUBLIC MARKET,Highland Vegetables,White Potato - 10-12PCS/KG,140.0
2026-02-14,130000000,MUNOZ MARKET,Highland Vegetables,White Potato - 10-12PCS/KG,100.0
2026-02-14,130000000,MUTYA NG PASIG MEGA MARKET,Highland Vegetables,White Potato - 10-12PCS/KG,120.0
2026-02-14,130000000,MEGA Q MART,Highland Vegetables,White Potato - 10-12PCS/KG,100.0
2026-02-14,130000000,PAMILIHANG LUNGSOD NG MUNTINLUPA,Highland Vegetables,White Potato - 10-12PCS/KG,120.0
2026-02-14,130000000,MALABON CENTRAL MARKET,Highland Vegetables,White Potato - 10-12PCS/KG,120.0
2026-02-14,130000000,PRITIL MARKET,Highland Vegetables,White Potato - 10-12PCS/KG,140.0
2026-02-14,130000000,DAGONOY MARKET,Highland Vegetables,White Potato - 10-12PCS/KG,100.0
2026-02-14,130000000,TRABAJO MARKET,Highland Vegetables,White Potato - 10-12PCS/KG,120.0
2026-02-14,130000000,NAVOTAS AGORA MARKET,Highland Vegetables,White Potato - 10-12PCS/KG,140.0
2026-02-14,130000000,CARTIMAR MARKET,Highland Vegetables,White Potato - 10-12PCS/KG,120.0
2026-02-14,130000000,MURPHY MARKET,Highland Vegetables,White Potato - 10-12PCS/KG,120.0
2026-02-14,130000000,NEW MARULAS PUBLIC MARKET,Highland Vegetables,White Potato - 10-12PCS/KG,120.0
2026-02-14,130000000,BALINTAWAK MARKET (CLOVERLEAF),Highland Vegetables,White Potato - 10-12PCS/KG,80.0
2026-02-14,130000000,COMMONWEALTH MARKET,Highland Vegetables,Pechay (Baguio) - KG,50.0
2026-02-14,130000000,NEW LAS PINAS CITY PUBLIC MARKET,Highland Vegetables,Pechay (Baguio) - KG,100.0
2026-02-14,130000000,MARIKINA PUBLIC MARKET,Highland Vegetables,Pechay (Baguio) - KG,70.0
2026-02-14,130000000,MUNOZ MARKET,Highland Vegetables,Pechay (Baguio) - KG,80.0
2026-02-14,130000000,MUTYA NG PASIG MEGA MARKET,Highland Vegetables,Pechay (Baguio) - KG,80.0
2026-02-14,130000000,MEGA Q MART,Highland Vegetables,Pechay (Baguio) - KG,80.0
2026-02-14,130000000,PAMILIHANG LUNGSOD NG MUNTINLUPA,Highland Vegetables,Pechay (Baguio) - KG,70.0
2026-02-14,130000000,MALABON CENTRAL MARKET,Highland Vegetables,Pechay (Baguio) - KG,70.0
2026-02-14,130000000,PRITIL MARKET,Highland Vegetables,Pechay (Baguio) - KG,100.0
2026-02-14,130000000,DAGONOY MARKET,Highland Vegetables,Pechay (Baguio) - KG,100.0
2026-02-14,130000000,TRABAJO MARKET,Highland Vegetables,Pechay (Baguio) - KG,100.0
2026-02-14,130000000,NAVOTAS AGORA MARKET,Highland Vegetables,Pechay (Baguio) - KG,100.0
2026-02-14,130000000,CARTIMAR MARKET,Highland Vegetables,Pechay (Baguio) - KG,80.0
2026-02-14,130000000,MURPHY MARKET,Highland Vegetables,Pechay (Baguio) - KG,100.0
2026-02-14,130000000,NEW MARULAS PUBLIC MARKET,Highland Vegetables,Pechay (Baguio) - KG,100.0
2026-02-14,130000000,BALINTAWAK MARKET (CLOVERLEAF),Highland Vegetables,Pechay (Baguio) - KG,50.0
2026-02-14,130000000,COMMONWEALTH MARKET,Highland Vegetables,Chayote - KG,35.0
2026-02-14,130000000,NEW LAS PINAS CITY PUBLIC MARKET,Highland Vegetables,Chayote - KG,70.0
2026-02-14,130000000,MARIKINA PUBLIC MARKET,Highland Vegetables,Chayote - KG,60.0
2026-02-14,130000000,MUNOZ MARKET,Highland Vegetables,Chayote - KG,50.0
2026-02-14,130000000,MEGA Q MART,Highland Vegetables,Chayote - KG,50.0
2026-02-14,130000000,PAMILIHANG LUNGSOD NG MUNTINLUPA,Highland Vegetables,Chayote - KG,60.0
2026-02-14,130000000,MALABON CENTRAL MARKET,Highland Vegetables,Chayote - KG,50.0
2026-02-14,130000000,PRITIL MARKET,Highland Vegetables,Chayote - KG,60.0
2026-02-14,130000000,DAGONOY MARKET,Highland Vegetables,Chayote - KG,50.0
2026-02-14,130000000,TRABAJO MARKET,Highland Vegetables,Chayote - KG,60.0
2026-02-14,130000000,NAVOTAS AGORA MARKET,Highland Vegetables,Chayote - KG,60.0
2026-02-14,130000000,CARTIMAR MARKET,Highland Vegetables,Chayote - KG,50.0
2026-02-14,130000000,MURPHY MARKET,Highland Vegetables,Chayote - KG,70.0
2026-02-14,130000000,NEW MARULAS PUBLIC MARKET,Highland Vegetables,Chayote - KG,60.0
2026-02-14,130000000,BALINTAWAK MARKET (CLOVERLEAF),Highland Vegetables,Chayote - KG,35.0
2026-02-14,130000000,MUTYA NG PASIG MEGA MARKET,Highland Vegetables,Broccoli - MEDIUM (8-10CM DIAMETER/BUNCH HD),180.0
2026-02-14,130000000,COMMONWEALTH MARKET,Highland Vegetables,Cauliflower - MEDIUM (8-10CM DIAMETER/BUNCH HD),80.0
2026-02-14,130000000,NEW LAS PINAS CITY PUBLIC MARKET,Highland Vegetables,Cauliflower - MEDIUM (8-10CM DIAMETER/BUNCH HD),150.0
2026-02-14,130000000,MARIKINA PUBLIC MARKET,Highland Vegetables,Cauliflower - MEDIUM (8-10CM DIAMETER/BUNCH HD),100.0
2026-02-14,130000000,MUNOZ MARKET,Highland Vegetables,Cauliflower - MEDIUM (8-10CM DIAMETER/BUNCH HD),100.0
2026-02-14,130000000,MUTYA NG PASIG MEGA MARKET,Highland Vegetables,Cauliflower - MEDIUM (8-10CM DIAMETER/BUNCH HD),120.0
2026-02-14,130000000,MEGA Q MART,Highland Vegetables,Cauliflower - MEDIUM (8-10CM DIAMETER/BUNCH HD),120.0
2026-02-14,130000000,PAMILIHANG LUNGSOD NG MUNTINLUPA,Highland Vegetables,Cauliflower - MEDIUM (8-10CM DIAMETER/BUNCH HD),130.0
2026-02-14,130000000,MALABON CENTRAL MARKET,Highland Vegetables,Cauliflower - MEDIUM (8-10CM DIAMETER/BUNCH HD),120.0
2026-02-14,130000000,PRITIL MARKET,Highland Vegetables,Cauliflower - MEDIUM (8-10CM DIAMETER/BUNCH HD),90.0
2026-02-14,130000000,DAGONOY MARKET,Highland Vegetables,Cauliflower - MEDIUM (8-10CM DIAMETER/BUNCH HD),150.0
2026-02-14,130000000,TRABAJO MARKET,Highland Vegetables,Cauliflower - MEDIUM (8-10CM DIAMETER/BUNCH HD),100.0
2026-02-14,130000000,NAVOTAS AGORA MARKET,Highland Vegetables,Cauliflower - MEDIUM (8-10CM DIAMETER/BUNCH HD),80.0
2026-02-14,130000000,NEW MARULAS PUBLIC MARKET,Highland Vegetables,Cauliflower - MEDIUM (8-10CM DIAMETER/BUNCH HD),120.0
2026-02-14,130000000,BALINTAWAK MARKET (CLOVERLEAF),Highland Vegetables,Cauliflower - MEDIUM (8-10CM DIAMETER/BUNCH HD),70.0
2026-02-14,130000000,COMMONWEALTH MARKET,Highland Vegetables,Bell Pepper (Green) - MEDIUM (151-250GM/PC),300.0
2026-02-14,130000000,NEW LAS PINAS CITY PUBLIC MARKET,Highland Vegetables,Bell Pepper (Green) - MEDIUM (151-250GM/PC),240.0
2026-02-14,130000000,MARIKINA PUBLIC MARKET,Highland Vegetables,Bell Pepper (Green) - MEDIUM (151-250GM/PC),250.0
2026-02-14,130000000,MUNOZ MARKET,Highland Vegetables,Bell Pepper (Green) - MEDIUM (151-250GM/PC),300.0
2026-02-14,130000000,MEGA Q MART,Highland Vegetables,Bell Pepper (Green) - MEDIUM (151-250GM/PC),250.0
2026-02-14,130000000,PAMILIHANG LUNGSOD NG MUNTINLUPA,Highland Vegetables,Bell Pepper (Green) - MEDIUM (151-250GM/PC),300.0
2026-02-14,130000000,CARTIMAR MARKET,Highland Vegetables,Bell Pepper (Green) - MEDIUM (151-250GM/PC),160.0
2026-02-14,130000000,NEW MARULAS PUBLIC MARKET,Highland Vegetables,Bell Pepper (Green) - MEDIUM (151-250GM/PC),300.0
2026-02-14,130000000,BALINTAWAK MARKET (CLOVERLEAF),Highland Vegetables,Bell Pepper (Green) - MEDIUM (151-250GM/PC),150.0
2026-02-14,130000000,COMMONWEALTH MARKET,Highland Vegetables,Bell Pepper (Red) - MEDIUM (151-250GM/PC),280.0
2026-02-14,130000000,NEW LAS PINAS CITY PUBLIC MARKET,Highland Vegetables,Bell Pepper (Red) - MEDIUM (151-250GM/PC),270.0
2026-02-14,130000000,MARIKINA PUBLIC MARKET,Highland Vegetables,Bell Pepper (Red) - MEDIUM (151-250GM/PC),220.0
2026-02-14,130000000,MUNOZ MARKET,Highland Vegetables,Bell Pepper (Red) - MEDIUM (151-250GM/PC),250.0
2026-02-14,130000000,MUTYA NG PASIG MEGA MARKET,Highland Vegetables,Bell Pepper (Red) - MEDIUM (151-250GM/PC),250.0
2026-02-14,130000000,MEGA Q MART,Highland Vegetables,Bell Pepper (Red) - MEDIUM (151-250GM/PC),250.0
2026-02-14,130000000,PAMILIHANG LUNGSOD NG MUNTINLUPA,Highland Vegetables,Bell Pepper (Red) - MEDIUM (151-250GM/PC),250.0
2026-02-14,130000000,MALABON CENTRAL MARKET,Highland Vegetables,Bell Pepper (Red) - MEDIUM (151-250GM/PC),250.0
2026-02-14,130000000,PRITIL MARKET,Highland Vegetables,Bell Pepper (Red) - MEDIUM (151-250GM/PC),250.0
2026-02-14,130000000,DAGONOY MARKET,Highland Vegetables,Bell Pepper (Red) - MEDIUM (151-250GM/PC),300.0
2026-02-14,130000000,TRABAJO MARKET,Highland Vegetables,Bell Pepper (Red) - MEDIUM (151-250GM/PC),200.0
2026-02-14,130000000,NAVOTAS AGORA MARKET,Highland Vegetables,Bell Pepper (Red) - MEDIUM (151-250GM/PC),250.0
2026-02-14,130000000,CARTIMAR MARKET,Highland Vegetables,Bell Pepper (Red) - MEDIUM (151-250GM/PC),200.0
2026-02-14,130000000,MURPHY MARKET,Highland Vegetables,Bell Pepper (Red) - MEDIUM (151-250GM/PC),300.0
2026-02-14,130000000,NEW MARULAS PUBLIC MARKET,Highland Vegetables,Bell Pepper (Red) - MEDIUM (151-250GM/PC),300.0
2026-02-14,130000000,BALINTAWAK MARKET (CLOVERLEAF),Highland Vegetables,Bell Pepper (Red) - MEDIUM (151-250GM/PC),170.0
2026-02-14,130000000,COMMONWEALTH MARKET,Highland Vegetables,Celery - MEDIUM (501-800 G),160.0
2026-02-14,130000000,MARIKINA PUBLIC MARKET,Highland Vegetables,Celery - MEDIUM (501-800 G),120.0
2026-02-14,130000000,MUNOZ MARKET,Highland Vegetables,Celery - MEDIUM (501-800 G),200.0
2026-02-14,130000000,MUTYA NG PASIG MEGA MARKET,Highland Vegetables,Celery - MEDIUM (501-800 G),160.0
2026-02-14,130000000,PAMILIHANG LUNGSOD NG MUNTINLUPA,Highland Vegetables,Celery - MEDIUM (501-800 G),190.0
2026-02-14,130000000,PRITIL MARKET,Highland Vegetables,Celery - MEDIUM (501-800 G),200.0
2026-02-14,130000000,BALINTAWAK MARKET (CLOVERLEAF),Highland Vegetables,Celery - MEDIUM (501-800 G),100.0
2026-02-14,130000000,COMMONWEALTH MARKET,Highland Vegetables,Cabbage (Rare Ball) - 510GM-1KG/HEAD,50.0
2026-02-14,130000000,NEW LAS PINAS CITY PUBLIC MARKET,Highland Vegetables,Cabbage (Rare Ball) - 510GM-1KG/HEAD,90.0
2026-02-14,130000000,MARIKINA PUBLIC MARKET,Highland Vegetables,Cabbage (Rare Ball) - 510GM-1KG/HEAD,100.0
2026-02-14,130000000,MUTYA NG PASIG MEGA MARKET,Highland Vegetables,Cabbage (Rare Ball) - 510GM-1KG/HEAD,80.0
2026-02-14,130000000,PAMILIHANG LUNGSOD NG MUNTINLUPA,Highland Vegetables,Cabbage (Rare Ball) - 510GM-1KG/HEAD,80.0
2026-02-14,130000000,DAGONOY MARKET,Highland Vegetables,Cabbage (Rare Ball) - 510GM-1KG/HEAD,80.0
2026-02-14,130000000,MEGA Q MART,Highland Vegetables,Cabbage (Wonder Ball) - 510GM-1KG/HEAD,80.0
2026-02-14,130000000,MALABON CENTRAL MARKET,Highland Vegetables,Cabbage (Wonder Ball) - 510GM-1KG/HEAD,80.0
2026-02-14,130000000,PRITIL MARKET,Highland Vegetables,Cabbage (Wonder Ball) - 510GM-1KG/HEAD,90.0
2026-02-14,130000000,NAVOTAS AGORA MARKET,Highland Vegetables,Cabbage (Wonder Ball) - 510GM-1KG/HEAD,90.0
2026-02-14,130000000,CARTIMAR MARKET,Highland Vegetables,Cabbage (Wonder Ball) - 510GM-1KG/HEAD,60.0
2026-02-14,130000000,MURPHY MARKET,Highland Vegetables,Cabbage (Wonder Ball) - 510GM-1KG/HEAD,90.0
2026-02-14,130000000,COMMONWEALTH MARKET,Highland Vegetables,Lettuce (Green Ice),150.0
2026-02-14,130000000,NEW LAS PINAS CITY PUBLIC MARKET,Highland Vegetables,Lettuce (Green Ice),220.0
2026-02-14,130000000,MARIKINA PUBLIC MARKET,Highland Vegetables,Lettuce (Green Ice),200.0
2026-02-14,130000000,MUNOZ MARKET,Highland Vegetables,Lettuce (Green Ice),200.0
2026-02-14,130000000,MUTYA NG PASIG MEGA MARKET,Highland Vegetables,Lettuce (Green Ice),200.0
2026-02-14,130000000,PAMILIHANG LUNGSOD NG MUNTINLUPA,Highland Vegetables,Lettuce (Green Ice),200.0
2026-02-14,130000000,MALABON CENTRAL MARKET,Highland Vegetables,Lettuce (Green Ice),200.0
2026-02-14,130000000,PRITIL MARKET,Highland Vegetables,Lettuce (Green Ice),250.0
2026-02-14,130000000,DAGONOY MARKET,Highland Vegetables,Lettuce (Green Ice),200.0
2026-02-14,130000000,NAVOTAS AGORA MARKET,Highland Vegetables,Lettuce (Green Ice),250.0
2026-02-14,130000000,CARTIMAR MARKET,Highland Vegetables,Lettuce (Green Ice),120.0
2026-02-14,130000000,NEW MARULAS PUBLIC MARKET,Highland Vegetables,Lettuce (Green Ice),300.0
2026-02-14,130000000,BALINTAWAK MARKET (CLOVERLEAF),Highland Vegetables,Lettuce (Green Ice),100.0
2026-02-14,130000000,BALINTAWAK MARKET (CLOVERLEAF),Highland Vegetables,Lettuce (Iceberg) - MEDIUM(301-450CM DIAMETER/BUNCH HD),200.0
2026-02-14,130000000,NEW LAS PINAS CITY PUBLIC MARKET,Highland Vegetables,Lettuce (Romaine),240.0
2026-02-14,130000000,MARIKINA PUBLIC MARKET,Highland Vegetables,Lettuce (Romaine),250.0
2026-02-14,130000000,MUTYA NG PASIG MEGA MARKET,Highland Vegetables,Lettuce (Romaine),250.0
2026-02-14,130000000,CARTIMAR MARKET,Highland Vegetables,Lettuce (Romaine),150.0
2026-02-14,130000000,BALINTAWAK MARKET (CLOVERLEAF),Highland Vegetables,Lettuce (Romaine),150.0
2026-02-14,130000000,COMMONWEALTH MARKET,Lowland Vegetables,Ampalaya - 4-5 PCS/KG,150.0
2026-02-14,130000000,NEW LAS PINAS CITY PUBLIC MARKET,Lowland Vegetables,Ampalaya - 4-5 PCS/KG,130.0
2026-02-14,130000000,MARIKINA PUBLIC MARKET,Lowland Vegetables,Ampalaya - 4-5 PCS/KG,160.0
2026-02-14,130000000,MUNOZ MARKET,Lowland Vegetables,Ampalaya - 4-5 PCS/KG,150.0
2026-02-14,130000000,MUTYA NG PASIG MEGA MARKET,Lowland Vegetables,Ampalaya - 4-5 PCS/KG,180.0
2026-02-14,130000000,MEGA Q MART,Lowland Vegetables,Ampalaya - 4-5 PCS/KG,140.0
2026-02-14,130000000,PAMILIHANG LUNGSOD NG MUNTINLUPA,Lowland Vegetables,Ampalaya - 4-5 PCS/KG,140.0
2026-02-14,130000000,MALABON CENTRAL MARKET,Lowland Vegetables,Ampalaya - 4-5 PCS/KG,170.0
2026-02-14,130000000,PRITIL MARKET,Lowland Vegetables,Ampalaya - 4-5 PCS/KG,160.0
2026-02-14,130000000,DAGONOY MARKET,Lowland Vegetables,Ampalaya - 4-5 PCS/KG,150.0
2026-02-14,130000000,TRABAJO MARKET,Lowland Vegetables,Ampalaya - 4-5 PCS/KG,160.0
2026-02-14,130000000,NAVOTAS AGORA MARKET,Lowland Vegetables,Ampalaya - 4-5 PCS/KG,150.0
2026-02-14,130000000,CARTIMAR MARKET,Lowland Vegetables,Ampalaya - 4-5 PCS/KG,160.0
2026-02-14,130000000,MURPHY MARKET,Lowland Vegetables,Ampalaya - 4-5 PCS/KG,160.0
2026-02-14,130000000,NEW MARULAS PUBLIC MARKET,Lowland Vegetables,Ampalaya - 4-5 PCS/KG,180.0
2026-02-14,130000000,BALINTAWAK MARKET (CLOVERLEAF),Lowland Vegetables,Ampalaya - 4-5 PCS/KG,120.0
2026-02-14,130000000,COMMONWEALTH MARKET,Lowland Vegetables,Squash - SUPREMA VARIETY,50.0
2026-02-14,130000000,NEW LAS PINAS CITY PUBLIC MARKET,Lowland Vegetables,Squash - SUPREMA VARIETY,70.0
2026-02-14,130000000,MARIKINA PUBLIC MARKET,Lowland Vegetables,Squash - SUPREMA VARIETY,60.0
2026-02-14,130000000,MUNOZ MARKET,Lowland Vegetables,Squash - SUPREMA VARIETY,50.0
2026-02-14,130000000,MUTYA NG PASIG MEGA MARKET,Lowland Vegetables,Squash - SUPREMA VARIETY,80.0
2026-02-14,130000000,MEGA Q MART,Lowland Vegetables,Squash - SUPREMA VARIETY,60.0
2026-02-14,130000000,PAMILIHANG LUNGSOD NG MUNTINLUPA,Lowland Vegetables,Squash - SUPREMA VARIETY,60.0
2026-02-14,130000000,MALABON CENTRAL MARKET,Lowland Vegetables,Squash - SUPREMA VARIETY,50.0
2026-02-14,130000000,PRITIL MARKET,Lowland Vegetables,Squash - SUPREMA VARIETY,60.0
2026-02-14,130000000,DAGONOY MARKET,Lowland Vegetables,Squash - SUPREMA VARIETY,50.0
2026-02-14,130000000,TRABAJO MARKET,Lowland Vegetables,Squash - SUPREMA VARIETY,50.0
2026-02-14,130000000,NAVOTAS AGORA MARKET,Lowland Vegetables,Squash - SUPREMA VARIETY,60.0
2026-02-14,130000000,CARTIMAR MARKET,Lowland Vegetables,Squash - SUPREMA VARIETY,60.0
2026-02-14,130000000,MURPHY MARKET,Lowland Vegetables,Squash - SUPREMA VARIETY,70.0
2026-02-14,130000000,NEW MARULAS PUBLIC MARKET,Lowland Vegetables,Squash - SUPREMA VARIETY,70.0
2026-02-14,130000000,BALINTAWAK MARKET (CLOVERLEAF),Lowland Vegetables,Squash - SUPREMA VARIETY,40.0
2026-02-14,130000000,COMMONWEALTH MARKET,Lowland Vegetables,Pechay (Native) - 3-4 SMALL BUNDLES/KG,50.0
2026-02-14,130000000,NEW LAS PINAS CITY PUBLIC MARKET,Lowland Vegetables,Pechay (Native) - 3-4 SMALL BUNDLES/KG,90.0
2026-02-14,130000000,MARIKINA PUBLIC MARKET,Lowland Vegetables,Pechay (Native) - 3-4 SMALL BUNDLES/KG,60.0
2026-02-14,130000000,MUNOZ MARKET,Lowland Vegetables,Pechay (Native) - 3-4 SMALL BUNDLES/KG,80.0
2026-02-14,130000000,MUTYA NG PASIG MEGA MARKET,Lowland Vegetables,Pechay (Native) - 3-4 SMALL BUNDLES/KG,60.0
2026-02-14,130000000,MEGA Q MART,Lowland Vegetables,Pechay (Native) - 3-4 SMALL BUNDLES/KG,80.0
2026-02-14,130000000,PAMILIHANG LUNGSOD NG MUNTINLUPA,Lowland Vegetables,Pechay (Native) - 3-4 SMALL BUNDLES/KG,70.0
2026-02-14,130000000,MALABON CENTRAL MARKET,Lowland Vegetables,Pechay (Native) - 3-4 SMALL BUNDLES/KG,80.0
2026-02-14,130000000,PRITIL MARKET,Lowland Vegetables,Pechay (Native) - 3-4 SMALL BUNDLES/KG,80.0
2026-02-14,130000000,DAGONOY MARKET,Lowland Vegetables,Pechay (Native) - 3-4 SMALL BUNDLES/KG,70.0
2026-02-14,130000000,TRABAJO MARKET,Lowland Vegetables,Pechay (Native) - 3-4 SMALL BUNDLES/KG,80.0
2026-02-14,130000000,NAVOTAS AGORA MARKET,Lowland Vegetables,Pechay (Native) - 3-4 SMALL BUNDLES/KG,70.0
2026-02-14,130000000,CARTIMAR MARKET,Lowland Vegetables,Pechay (Native) - 3-4 SMALL BUNDLES/KG,90.0
2026-02-14,130000000,MURPHY MARKET,Lowland Vegetables,Pechay (Native) - 3-4 SMALL BUNDLES/KG,100.0
2026-02-14,130000000,NEW MARULAS PUBLIC MARKET,Lowland Vegetables,Pechay (Native) - 3-4 SMALL BUNDLES/KG,70.0
2026-02-14,130000000,BALINTAWAK MARKET (CLOVERLEAF),Lowland Vegetables,Pechay (Native) - 3-4 SMALL BUNDLES/KG,50.0
2026-02-14,130000000,COMMONWEALTH MARKET,Lowland Vegetables,Sitao - 3-4 SMALL BUNDLES/KG,140.0
2026-02-14,130000000,NEW LAS PINAS CITY PUBLIC MARKET,Lowland Vegetables,Sitao - 3-4 SMALL BUNDLES/KG,140.0
2026-02-14,130000000,MARIKINA PUBLIC MARKET,Lowland Vegetables,Sitao - 3-4 SMALL BUNDLES/KG,150.0
2026-02-14,130000000,MUNOZ MARKET,Lowland Vegetables,Sitao - 3-4 SMALL BUNDLES/KG,100.0
2026-02-14,130000000,MUTYA NG PASIG MEGA MARKET,Lowland Vegetables,Sitao - 3-4 SMALL BUNDLES/KG,140.0
2026-02-14,130000000,MEGA Q MART,Lowland Vegetables,Sitao - 3-4 SMALL BUNDLES/KG,140.0
2026-02-14,130000000,PAMILIHANG LUNGSOD NG MUNTINLUPA,Lowland Vegetables,Sitao - 3-4 SMALL BUNDLES/KG,130.0
2026-02-14,130000000,MALABON CENTRAL MARKET,Lowland Vegetables,Sitao - 3-4 SMALL BUNDLES/KG,150.0
2026-02-14,130000000,PRITIL MARKET,Lowland Vegetables,Sitao - 3-4 SMALL BUNDLES/KG,120.0
2026-02-14,130000000,DAGONOY MARKET,Lowland Vegetables,Sitao - 3-4 SMALL BUNDLES/KG,150.0
2026-02-14,130000000,TRABAJO MARKET,Lowland Vegetables,Sitao - 3-4 SMALL BUNDLES/KG,120.0
2026-02-14,130000000,NAVOTAS AGORA MARKET,Lowland Vegetables,Sitao - 3-4 SMALL BUNDLES/KG,120.0
2026-02-14,130000000,CARTIMAR MARKET,Lowland Vegetables,Sitao - 3-4 SMALL BUNDLES/KG,150.0
2026-02-14,130000000,MURPHY MARKET,Lowland Vegetables,Sitao - 3-4 SMALL BUNDLES/KG,140.0
2026-02-14,130000000,NEW MARULAS PUBLIC MARKET,Lowland Vegetables,Sitao - 3-4 SMALL BUNDLES/KG,150.0
2026-02-14,130000000,BALINTAWAK MARKET (CLOVERLEAF),Lowland Vegetables,Sitao - 3-4 SMALL BUNDLES/KG,90.0
2026-02-14,130000000,COMMONWEALTH MARKET,Lowland Vegetables,Eggplant - 3-4 SMALL BUNDLES/KG,90.0
2026-02-14,130000000,NEW LAS PINAS CITY PUBLIC MARKET,Lowland Vegetables,Eggplant - 3-4 SMALL BUNDLES/KG,100.0
2026-02-14,130000000,MARIKINA PUBLIC MARKET,Lowland Vegetables,Eggplant - 3-4 SMALL BUNDLES/KG,80.0
2026-02-14,130000000,MUNOZ MARKET,Lowland Vegetables,Eggplant - 3-4 SMALL BUNDLES/KG,60.0
2026-02-14,130000000,MUTYA NG PASIG MEGA MARKET,Lowland Vegetables,Eggplant - 3-4 SMALL BUNDLES/KG,80.0
2026-02-14,130000000,MEGA Q MART,Lowland Vegetables,Eggplant - 3-4 SMALL BUNDLES/KG,80.0
2026-02-14,130000000,PAMILIHANG LUNGSOD NG MUNTINLUPA,Lowland Vegetables,Eggplant - 3-4 SMALL BUNDLES/KG,80.0
2026-02-14,130000000,MALABON CENTRAL MARKET,Lowland Vegetables,Eggplant - 3-4 SMALL BUNDLES/KG,80.0
2026-02-14,130000000,PRITIL MARKET,Lowland Vegetables,Eggplant - 3-4 SMALL BUNDLES/KG,90.0
2026-02-14,130000000,DAGONOY MARKET,Lowland Vegetables,Eggplant - 3-4 SMALL BUNDLES/KG,100.0
2026-02-14,130000000,TRABAJO MARKET,Lowland Vegetables,Eggplant - 3-4 SMALL BUNDLES/KG,80.0
2026-02-14,130000000,NAVOTAS AGORA MARKET,Lowland Vegetables,Eggplant - 3-4 SMALL BUNDLES/KG,100.0
2026-02-14,130000000,CARTIMAR MARKET,Lowland Vegetables,Eggplant - 3-4 SMALL BUNDLES/KG,120.0
2026-02-14,130000000,MURPHY MARKET,Lowland Vegetables,Eggplant - 3-4 SMALL BUNDLES/KG,80.0
2026-02-14,130000000,NEW MARULAS PUBLIC MARKET,Lowland Vegetables,Eggplant - 3-4 SMALL BUNDLES/KG,100.0
2026-02-14,130000000,BALINTAWAK MARKET (CLOVERLEAF),Lowland Vegetables,Eggplant - 3-4 SMALL BUNDLES/KG,60.0
2026-02-14,130000000,COMMONWEALTH MARKET,Lowland Vegetables,Tomato - 15-18 PCS/KG,30.0
2026-02-14,130000000,NEW LAS PINAS CITY PUBLIC MARKET,Lowland Vegetables,Tomato - 15-18 PCS/KG,55.0
2026-02-14,130000000,MARIKINA PUBLIC MARKET,Lowland Vegetables,Tomato - 15-18 PCS/KG,60.0
2026-02-14,130000000,MUNOZ MARKET,Lowland Vegetables,Tomato - 15-18 PCS/KG,50.0
2026-02-14,130000000,MUTYA NG PASIG MEGA MARKET,Lowland Vegetables,Tomato - 15-18 PCS/KG,60.0
2026-02-14,130000000,MEGA Q MART,Lowland Vegetables,Tomato - 15-18 PCS/KG,60.0
2026-02-14,130000000,PAMILIHANG LUNGSOD NG MUNTINLUPA,Lowland Vegetables,Tomato - 15-18 PCS/KG,50.0
2026-02-14,130000000,MALABON CENTRAL MARKET,Lowland Vegetables,Tomato - 15-18 PCS/KG,60.0
2026-02-14,130000000,PRITIL MARKET,Lowland Vegetables,Tomato - 15-18 PCS/KG,70.0
2026-02-14,130000000,DAGONOY MARKET,Lowland Vegetables,Tomato - 15-18 PCS/KG,80.0
2026-02-14,130000000,TRABAJO MARKET,Lowland Vegetables,Tomato - 15-18 PCS/KG,80.0
2026-02-14,130000000,NAVOTAS AGORA MARKET,Lowland Vegetables,Tomato - 15-18 PCS/KG,70.0
2026-02-14,130000000,CARTIMAR MARKET,Lowland Vegetables,Tomato - 15-18 PCS/KG,90.0
2026-02-14,130000000,MURPHY MARKET,Lowland Vegetables,Tomato - 15-18 PCS/KG,80.0
2026-02-14,130000000,NEW MARULAS PUBLIC MARKET,Lowland Vegetables,Tomato - 15-18 PCS/KG,80.0
2026-02-14,130000000,BALINTAWAK MARKET (CLOVERLEAF),Lowland Vegetables,Tomato - 15-18 PCS/KG,50.0
2026-02-14,130000000,COMMONWEALTH MARKET,Meat and Poultry,Beef Brisket - MEAT WITH BONES,360.0
2026-02-14,130000000,MARIKINA PUBLIC MARKET,Meat and Poultry,Beef Brisket - MEAT WITH BONES,390.0
2026-02-14,130000000,MUNOZ MARKET,Meat and Poultry,Beef Brisket - MEAT WITH BONES,420.0
2026-02-14,130000000,MUTYA NG PASIG MEGA MARKET,Meat and Poultry,Beef Brisket - MEAT WITH BONES,480.0
2026-02-14,130000000,MALABON CENTRAL MARKET,Meat and Poultry,Beef Brisket - MEAT WITH BONES,380.0
2026-02-14,130000000,DAGONOY MARKET,Meat and Poultry,Beef Brisket - MEAT WITH BONES,450.0
2026-02-14,130000000,TRABAJO MARKET,Meat and Poultry,Beef Brisket - MEAT WITH BONES,460.0
2026-02-14,130000000,CARTIMAR MARKET,Meat and Poultry,Beef Brisket - MEAT WITH BONES,440.0
2026-02-14,130000000,MURPHY MARKET,Meat and Poultry,Beef Brisket - MEAT WITH BONES,420.0
2026-02-14,130000000,COMMONWEALTH MARKET,Meat and Poultry,Beef Rump - LEAN MEAT / TAPADERA,420.0
2026-02-14,130000000,MARIKINA PUBLIC MARKET,Meat and Poultry,Beef Rump - LEAN MEAT / TAPADERA,450.0
2026-02-14,130000000,MUNOZ MARKET,Meat and Poultry,Beef Rump - LEAN MEAT / TAPADERA,520.0
2026-02-14,130000000,MUTYA NG PASIG MEGA MARKET,Meat and Poultry,Beef Rump - LEAN MEAT / TAPADERA,480.0
2026-02-14,130000000,MALABON CENTRAL MARKET,Meat and Poultry,Beef Rump - LEAN MEAT / TAPADERA,480.0
2026-02-14,130000000,TRABAJO MARKET,Meat and Poultry,Beef Rump - LEAN MEAT / TAPADERA,520.0
2026-02-14,130000000,MURPHY MARKET,Meat and Poultry,Beef Rump - LEAN MEAT / TAPADERA,500.0
2026-02-14,130000000,NEW MARULAS PUBLIC MARKET,Meat and Poultry,Beef Rump - LEAN MEAT / TAPADERA,510.0
2026-02-14,130000000,COMMONWEALTH MARKET,Meat and Poultry,"Chicken Egg (White, Medium) - 56-60 grams/pc",7.33
2026-02-14,130000000,NEW LAS PINAS CITY PUBLIC MARKET,Meat and Poultry,"Chicken Egg (White, Medium) - 56-60 grams/pc",8.5
2026-02-14,130000000,MUNOZ MARKET,Meat and Poultry,"Chicken Egg (White, Medium) - 56-60 grams/pc",8.0
2026-02-14,130000000,MUTYA NG PASIG MEGA MARKET,Meat and Poultry,"Chicken Egg (White, Medium) - 56-60 grams/pc",8.0
2026-02-14,130000000,MEGA Q MART,Meat and Poultry,"Chicken Egg (White, Medium) - 56-60 grams/pc",8.5
2026-02-14,130000000,PAMILIHANG LUNGSOD NG MUNTINLUPA,Meat and Poultry,"Chicken Egg (White, Medium) - 56-60 grams/pc",8.2
2026-02-14,130000000,PRITIL MARKET,Meat and Poultry,"Chicken Egg (White, Medium) - 56-60 grams/pc",8.5
2026-02-14,130000000,DAGONOY MARKET,Meat and Poultry,"Chicken Egg (White, Medium) - 56-60 grams/pc",8.0
2026-02-14,130000000,TRABAJO MARKET,Meat and Poultry,"Chicken Egg (White, Medium) - 56-60 grams/pc",8.0
2026-02-14,130000000,NAVOTAS AGORA MARKET,Meat and Poultry,"Chicken Egg (White, Medium) - 56-60 grams/pc",8.0
2026-02-14,130000000,CARTIMAR MARKET,Meat and Poultry,"Chicken Egg (White, Medium) - 56-60 grams/pc",8.3
2026-02-14,130000000,MURPHY MARKET,Meat and Poultry,"Chicken Egg (White, Medium) - 56-60 grams/pc",8.0
2026-02-14,130000000,NEW MARULAS PUBLIC MARKET,Meat and Poultry,"Chicken Egg (White, Medium) - 56-60 grams/pc",8.4
2026-02-14,130000000,BALINTAWAK MARKET (CLOVERLEAF),Meat and Poultry,"Chicken Egg (White, Medium) - 56-60 grams/pc",8.0
2026-02-14,130000000,COMMONWEALTH MARKET,Meat and Poultry,Pork Ham (Kasim),260.0
2026-02-14,130000000,NEW LAS PINAS CITY PUBLIC MARKET,Meat and Poultry,Pork Ham (Kasim),305.0
2026-02-14,130000000,MARIKINA PUBLIC MARKET,Meat and Poultry,Pork Ham (Kasim),320.0
2026-02-14,130000000,MUNOZ MARKET,Meat and Poultry,Pork Ham (Kasim),340.0
2026-02-14,130000000,MUTYA NG PASIG MEGA MARKET,Meat and Poultry,Pork Ham (Kasim),350.0
2026-02-14,130000000,MEGA Q MART,Meat and Poultry,Pork Ham (Kasim),330.0
2026-02-14,130000000,PAMILIHANG LUNGSOD NG MUNTINLUPA,Meat and Poultry,Pork Ham (Kasim),330.0
2026-02-14,130000000,MALABON CENTRAL MARKET,Meat and Poultry,Pork Ham (Kasim),320.0
2026-02-14,130000000,PRITIL MARKET,Meat and Poultry,Pork Ham (Kasim),340.0
2026-02-14,130000000,DAGONOY MARKET,Meat and Poultry,Pork Ham (Kasim),320.0
2026-02-14,130000000,TRABAJO MARKET,Meat and Poultry,Pork Ham (Kasim),360.0
2026-02-14,130000000,NAVOTAS AGORA MARKET,Meat and Poultry,Pork Ham (Kasim),330.0
2026-02-14,130000000,CARTIMAR MARKET,Meat and Poultry,Pork Ham (Kasim),350.0
2026-02-14,130000000,MURPHY MARKET,Meat and Poultry,Pork Ham (Kasim),320.0
2026-02-14,130000000,NEW MARULAS PUBLIC MARKET,Meat and Poultry,Pork Ham (Kasim),340.0
2026-02-14,130000000,BALINTAWAK MARKET (CLOVERLEAF),Meat and Poultry,Pork Ham (Kasim),280.0
2026-02-14,130000000,COMMONWEALTH MARKET,Meat and Poultry,Pork Belly (Liempo),300.0
2026-02-14,130000000,NEW LAS PINAS CITY PUBLIC MARKET,Meat and Poultry,Pork Belly (Liempo),350.0
2026-02-14,130000000,MARIKINA PUBLIC MARKET,Meat and Poultry,Pork Belly (Liempo),370.0
2026-02-14,130000000,MUNOZ MARKET,Meat and Poultry,Pork Belly (Liempo),380.0
2026-02-14,130000000,MUTYA NG PASIG MEGA MARKET,Meat and Poultry,Pork Belly (Liempo),400.0
2026-02-14,130000000,MEGA Q MART,Meat and Poultry,Pork Belly (Liempo),400.0
2026-02-14,130000000,PAMILIHANG LUNGSOD NG MUNTINLUPA,Meat and Poultry,Pork Belly (Liempo),350.0
2026-02-14,130000000,MALABON CENTRAL MARKET,Meat and Poultry,Pork Belly (Liempo),420.0
2026-02-14,130000000,PRITIL MARKET,Meat and Poultry,Pork Belly (Liempo),400.0
2026-02-14,130000000,DAGONOY MARKET,Meat and Poultry,Pork Belly (Liempo),360.0
2026-02-14,130000000,TRABAJO MARKET,Meat and Poultry,Pork Belly (Liempo),430.0
2026-02-14,130000000,NAVOTAS AGORA MARKET,Meat and Poultry,Pork Belly (Liempo),360.0
2026-02-14,130000000,CARTIMAR MARKET,Meat and Poultry,Pork Belly (Liempo),410.0
2026-02-14,130000000,MURPHY MARKET,Meat and Poultry,Pork Belly (Liempo),370.0
2026-02-14,130000000,NEW MARULAS PUBLIC MARKET,Meat and Poultry,Pork Belly (Liempo),400.0
2026-02-14,130000000,BALINTAWAK MARKET (CLOVERLEAF),Meat and Poultry,Pork Belly (Liempo),330.0
2026-02-14,130000000,COMMONWEALTH MARKET,Meat and Poultry,Whole Chicken - FULLY DRESSED,160.0
2026-02-14,130000000,NEW LAS PINAS CITY PUBLIC MARKET,Meat and Poultry,Whole Chicken - FULLY DRESSED,180.0
2026-02-14,130000000,MARIKINA PUBLIC MARKET,Meat and Poultry,Whole Chicken - FULLY DRESSED,220.0
2026-02-14,130000000,MUNOZ MARKET,Meat and Poultry,Whole Chicken - FULLY DRESSED,240.0
2026-02-14,130000000,MUTYA NG PASIG MEGA MARKET,Meat and Poultry,Whole Chicken - FULLY DRESSED,200.0
2026-02-14,130000000,MEGA Q MART,Meat and Poultry,Whole Chicken - FULLY DRESSED,190.0
2026-02-14,130000000,PAMILIHANG LUNGSOD NG MUNTINLUPA,Meat and Poultry,Whole Chicken - FULLY DRESSED,185.0
2026-02-14,130000000,MALABON CENTRAL MARKET,Meat and Poultry,Whole Chicken - FULLY DRESSED,180.0
2026-02-14,130000000,PRITIL MARKET,Meat and Poultry,Whole Chicken - FULLY DRESSED,200.0
2026-02-14,130000000,DAGONOY MARKET,Meat and Poultry,Whole Chicken - FULLY DRESSED,220.0
2026-02-14,130000000,TRABAJO MARKET,Meat and Poultry,Whole Chicken - FULLY DRESSED,230.0
2026-02-14,130000000,NAVOTAS AGORA MARKET,Meat and Poultry,Whole Chicken - FULLY DRESSED,220.0
2026-02-14,130000000,CARTIMAR MARKET,Meat and Poultry,Whole Chicken - FULLY DRESSED,210.0
2026-02-14,130000000,MURPHY MARKET,Meat and Poultry,Whole Chicken - FULLY DRESSED,200.0
2026-02-14,130000000,NEW MARULAS PUBLIC MARKET,Meat and Poultry,Whole Chicken - FULLY DRESSED,240.0
2026-02-14,130000000,BALINTAWAK MARKET (CLOVERLEAF),Meat and Poultry,Whole Chicken - FULLY DRESSED,160.0
2026-02-14,130000000,COMMONWEALTH MARKET,Meat and Poultry,Frozen Kasim - KASIM,240.0
2026-02-14,130000000,MARIKINA PUBLIC MARKET,Meat and Poultry,Frozen Kasim - KASIM,240.0
2026-02-14,130000000,MUTYA NG PASIG MEGA MARKET,Meat and Poultry,Frozen Kasim - KASIM,250.0
2026-02-14,130000000,MEGA Q MART,Meat and Poultry,Frozen Kasim - KASIM,260.0
2026-02-14,130000000,MALABON CENTRAL MARKET,Meat and Poultry,Frozen Kasim - KASIM,240.0
2026-02-14,130000000,COMMONWEALTH MARKET,Meat and Poultry,Frozen Liempo - LIEMPO,300.0
2026-02-14,130000000,MARIKINA PUBLIC MARKET,Meat and Poultry,Frozen Liempo - LIEMPO,290.0
2026-02-14,130000000,MUTYA NG PASIG MEGA MARKET,Meat and Poultry,Frozen Liempo - LIEMPO,320.0
2026-02-14,130000000,MEGA Q MART,Meat and Poultry,Frozen Liempo - LIEMPO,340.0
2026-02-14,130000000,MALABON CENTRAL MARKET,Meat and Poultry,Frozen Liempo - LIEMPO,300.0
2026-02-14,130000000,MUTYA NG PASIG MEGA MARKET,Meat and Poultry,"Chicken Egg (White, Pewee) - 41-45 grams/pc",6.5
2026-02-14,130000000,DAGONOY MARKET,Meat and Poultry,"Chicken Egg (White, Pewee) - 41-45 grams/pc",6.0
2026-02-14,130000000,COMMONWEALTH MARKET,Meat and Poultry,"Chicken Egg (White, Extra Small) - 46-50 grams/pc",7.33
2026-02-14,130000000,MUTYA NG PASIG MEGA MARKET,Meat and Poultry,"Chicken Egg (White, Extra Small) - 46-50 grams/pc",7.0
2026-02-14,130000000,PAMILIHANG LUNGSOD NG MUNTINLUPA,Meat and Poultry,"Chicken Egg (White, Extra Small) - 46-50 grams/pc",7.3
2026-02-14,130000000,PRITIL MARKET,Meat and Poultry,"Chicken Egg (White, Extra Small) - 46-50 grams/pc",7.3
2026-02-14,130000000,NAVOTAS AGORA MARKET,Meat and Poultry,"Chicken Egg (White, Extra Small) - 46-50 grams/pc",7.0
2026-02-14,130000000,COMMONWEALTH MARKET,Meat and Poultry,"Chicken Egg (White, Small) - 51-55 grams/pc",6.67
2026-02-14,130000000,NEW LAS PINAS CITY PUBLIC MARKET,Meat and Poultry,"Chicken Egg (White, Small) - 51-55 grams/pc",8.0
2026-02-14,130000000,MUNOZ MARKET,Meat and Poultry,"Chicken Egg (White, Small) - 51-55 grams/pc",7.0
2026-02-14,130000000,MUTYA NG PASIG MEGA MARKET,Meat and Poultry,"Chicken Egg (White, Small) - 51-55 grams/pc",7.5
2026-02-14,130000000,MEGA Q MART,Meat and Poultry,"Chicken Egg (White, Small) - 51-55 grams/pc",8.0
2026-02-14,130000000,PAMILIHANG LUNGSOD NG MUNTINLUPA,Meat and Poultry,"Chicken Egg (White, Small) - 51-55 grams/pc",8.0
2026-02-14,130000000,MALABON CENTRAL MARKET,Meat and Poultry,"Chicken Egg (White, Small) - 51-55 grams/pc",7.0
2026-02-14,130000000,PRITIL MARKET,Meat and Poultry,"Chicken Egg (White, Small) - 51-55 grams/pc",8.0
2026-02-14,130000000,DAGONOY MARKET,Meat and Poultry,"Chicken Egg (White, Small) - 51-55 grams/pc",8.0
2026-02-14,130000000,TRABAJO MARKET,Meat and Poultry,"Chicken Egg (White, Small) - 51-55 grams/pc",7.0
2026-02-14,130000000,NAVOTAS AGORA MARKET,Meat and Poultry,"Chicken Egg (White, Small) - 51-55 grams/pc",7.5
2026-02-14,130000000,CARTIMAR MARKET,Meat and Poultry,"Chicken Egg (White, Small) - 51-55 grams/pc",8.0
2026-02-14,130000000,MURPHY MARKET,Meat and Poultry,"Chicken Egg (White, Small) - 51-55 grams/pc",7.0
2026-02-14,130000000,NEW MARULAS PUBLIC MARKET,Meat and Poultry,"Chicken Egg (White, Small) - 51-55 grams/pc",8.0
2026-02-14,130000000,COMMONWEALTH MARKET,Meat and Poultry,"Chicken Egg (White, Large) - 61-65 grams/pc",7.67
2026-02-14,130000000,NEW LAS PINAS CITY PUBLIC MARKET,Meat and Poultry,"Chicken Egg (White, Large) - 61-65 grams/pc",9.0
2026-02-14,130000000,MUTYA NG PASIG MEGA MARKET,Meat and Poultry,"Chicken Egg (White, Large) - 61-65 grams/pc",8.5
2026-02-14,130000000,MEGA Q MART,Meat and Poultry,"Chicken Egg (White, Large) - 61-65 grams/pc",9.0
2026-02-14,130000000,PAMILIHANG LUNGSOD NG MUNTINLUPA,Meat and Poultry,"Chicken Egg (White, Large) - 61-65 grams/pc",8.7
2026-02-14,130000000,MALABON CENTRAL MARKET,Meat and Poultry,"Chicken Egg (White, Large) - 61-65 grams/pc",8.33
2026-02-14,130000000,PRITIL MARKET,Meat and Poultry,"Chicken Egg (White, Large) - 61-65 grams/pc",9.0
2026-02-14,130000000,TRABAJO MARKET,Meat and Poultry,"Chicken Egg (White, Large) - 61-65 grams/pc",8.5
2026-02-14,130000000,NAVOTAS AGORA MARKET,Meat and Poultry,"Chicken Egg (White, Large) - 61-65 grams/pc",8.0
2026-02-14,130000000,CARTIMAR MARKET,Meat and Poultry,"Chicken Egg (White, Large) - 61-65 grams/pc",8.75
2026-02-14,130000000,MURPHY MARKET,Meat and Poultry,"Chicken Egg (White, Large) - 61-65 grams/pc",8.5
2026-02-14,130000000,NEW MARULAS PUBLIC MARKET,Meat and Poultry,"Chicken Egg (White, Large) - 61-65 grams/pc",9.0
2026-02-14,130000000,COMMONWEALTH MARKET,Meat and Poultry,"Chicken Egg (White, Extra Large) - 66-70 grams/pc",8.5
2026-02-14,130000000,NEW LAS PINAS CITY PUBLIC MARKET,Meat and Poultry,"Chicken Egg (White, Extra Large) - 66-70 grams/pc",9.5
2026-02-14,130000000,MUTYA NG PASIG MEGA MARKET,Meat and Poultry,"Chicken Egg (White, Extra Large) - 66-70 grams/pc",9.0
2026-02-14,130000000,MEGA Q MART,Meat and Poultry,"Chicken Egg (White, Extra Large) - 66-70 grams/pc",9.5
2026-02-14,130000000,PAMILIHANG LUNGSOD NG MUNTINLUPA,Meat and Poultry,"Chicken Egg (White, Extra Large) - 66-70 grams/pc",9.2
2026-02-14,130000000,MALABON CENTRAL MARKET,Meat and Poultry,"Chicken Egg (White, Extra Large) - 66-70 grams/pc",9.0
2026-02-14,130000000,PRITIL MARKET,Meat and Poultry,"Chicken Egg (White, Extra Large) - 66-70 grams/pc",10.0
2026-02-14,130000000,NAVOTAS AGORA MARKET,Meat and Poultry,"Chicken Egg (White, Extra Large) - 66-70 grams/pc",8.5
2026-02-14,130000000,CARTIMAR MARKET,Meat and Poultry,"Chicken Egg (White, Extra Large) - 66-70 grams/pc",9.0
2026-02-14,130000000,MURPHY MARKET,Meat and Poultry,"Chicken Egg (White, Extra Large) - 66-70 grams/pc",9.0
2026-02-14,130000000,NEW MARULAS PUBLIC MARKET,Meat and Poultry,"Chicken Egg (White, Extra Large) - 66-70 grams/pc",9.4
2026-02-14,130000000,COMMONWEALTH MARKET,Meat and Poultry,"Chicken Egg (White, Jumbo) - 71> grams/pc",8.84
2026-02-14,130000000,NEW LAS PINAS CITY PUBLIC MARKET,Meat and Poultry,"Chicken Egg (White, Jumbo) - 71> grams/pc",10.0
2026-02-14,130000000,MUTYA NG PASIG MEGA MARKET,Meat and Poultry,"Chicken Egg (White, Jumbo) - 71> grams/pc",10.0
2026-02-14,130000000,PAMILIHANG LUNGSOD NG MUNTINLUPA,Meat and Poultry,"Chicken Egg (White, Jumbo) - 71> grams/pc",10.0
2026-02-14,130000000,PRITIL MARKET,Meat and Poultry,"Chicken Egg (White, Jumbo) - 71> grams/pc",10.0
2026-02-14,130000000,NAVOTAS AGORA MARKET,Meat and Poultry,"Chicken Egg (White, Jumbo) - 71> grams/pc",9.0
2026-02-14,130000000,CARTIMAR MARKET,Meat and Poultry,"Chicken Egg (White, Jumbo) - 71> grams/pc",10.0
2026-02-14,130000000,MURPHY MARKET,Meat and Poultry,"Chicken Egg (White, Jumbo) - 71> grams/pc",10.0
2026-02-14,130000000,NEW MARULAS PUBLIC MARKET,Meat and Poultry,"Chicken Egg (White, Jumbo) - 71> grams/pc",10.0
2026-02-14,130000000,MUNOZ MARKET,Meat and Poultry,"Chicken Egg (Brown, Medium) - Medium",10.0
2026-02-14,130000000,NEW MARULAS PUBLIC MARKET,Meat and Poultry,"Chicken Egg (Brown, Large) - Large",12.0
2026-02-14,130000000,COMMONWEALTH MARKET,Spices,Garlic(Imported) - KG,150.0
2026-02-14,130000000,NEW LAS PINAS CITY PUBLIC MARKET,Spices,Garlic(Imported) - KG,145.0
2026-02-14,130000000,MARIKINA PUBLIC MARKET,Spices,Garlic(Imported) - KG,180.0
2026-02-14,130000000,MUNOZ MARKET,Spices,Garlic(Imported) - KG,150.0
2026-02-14,130000000,MUTYA NG PASIG MEGA MARKET,Spices,Garlic(Imported) - KG,200.0
2026-02-14,130000000,MEGA Q MART,Spices,Garlic(Imported) - KG,140.0
2026-02-14,130000000,PAMILIHANG LUNGSOD NG MUNTINLUPA,Spices,Garlic(Imported) - KG,150.0
2026-02-14,130000000,MALABON CENTRAL MARKET,Spices,Garlic(Imported) - KG,140.0
2026-02-14,130000000,PRITIL MARKET,Spices,Garlic(Imported) - KG,150.0
2026-02-14,130000000,DAGONOY MARKET,Spices,Garlic(Imported) - KG,150.0
2026-02-14,130000000,TRABAJO MARKET,Spices,Garlic(Imported) - KG,140.0
2026-02-14,130000000,NAVOTAS AGORA MARKET,Spices,Garlic(Imported) - KG,160.0
2026-02-14,130000000,CARTIMAR MARKET,Spices,Garlic(Imported) - KG,140.0
2026-02-14,130000000,MURPHY MARKET,Spices,Garlic(Imported) - KG,170.0
2026-02-14,130000000,NEW MARULAS PUBLIC MARKET,Spices,Garlic(Imported) - KG,160.0
2026-02-14,130000000,BALINTAWAK MARKET (CLOVERLEAF),Spices,Garlic(Imported) - KG,120.0
2026-02-14,130000000,COMMONWEALTH MARKET,Spices,"Ginger - FAIRLY WELL-MATURED, MEDIUM (150-300 GM)",100.0
2026-02-14,130000000,NEW LAS PINAS CITY PUBLIC MARKET,Spices,"Ginger - FAIRLY WELL-MATURED, MEDIUM (150-300 GM)",170.0
2026-02-14,130000000,MUNOZ MARKET,Spices,"Ginger - FAIRLY WELL-MATURED, MEDIUM (150-300 GM)",120.0
2026-02-14,130000000,MUTYA NG PASIG MEGA MARKET,Spices,"Ginger - FAIRLY WELL-MATURED, MEDIUM (150-300 GM)",220.0
2026-02-14,130000000,MEGA Q MART,Spices,"Ginger - FAIRLY WELL-MATURED, MEDIUM (150-300 GM)",150.0
2026-02-14,130000000,PAMILIHANG LUNGSOD NG MUNTINLUPA,Spices,"Ginger - FAIRLY WELL-MATURED, MEDIUM (150-300 GM)",140.0
2026-02-14,130000000,MALABON CENTRAL MARKET,Spices,"Ginger - FAIRLY WELL-MATURED, MEDIUM (150-300 GM)",150.0
2026-02-14,130000000,PRITIL MARKET,Spices,"Ginger - FAIRLY WELL-MATURED, MEDIUM (150-300 GM)",160.0
2026-02-14,130000000,DAGONOY MARKET,Spices,"Ginger - FAIRLY WELL-MATURED, MEDIUM (150-300 GM)",200.0
2026-02-14,130000000,TRABAJO MARKET,Spices,"Ginger - FAIRLY WELL-MATURED, MEDIUM (150-300 GM)",120.0
2026-02-14,130000000,NAVOTAS AGORA MARKET,Spices,"Ginger - FAIRLY WELL-MATURED, MEDIUM (150-300 GM)",160.0
2026-02-14,130000000,CARTIMAR MARKET,Spices,"Ginger - FAIRLY WELL-MATURED, MEDIUM (150-300 GM)",160.0
2026-02-14,130000000,MURPHY MARKET,Spices,"Ginger - FAIRLY WELL-MATURED, MEDIUM (150-300 GM)",150.0
2026-02-14,130000000,BALINTAWAK MARKET (CLOVERLEAF),Spices,"Ginger - FAIRLY WELL-MATURED, MEDIUM (150-300 GM)",100.0
2026-02-14,130000000,COMMONWEALTH MARKET,Spices,Red Onion - 13-15 PCS/KG,100.0
2026-02-14,130000000,NEW LAS PINAS CITY PUBLIC MARKET,Spices,Red Onion - 13-15 PCS/KG,150.0
2026-02-14,130000000,MARIKINA PUBLIC MARKET,Spices,Red Onion - 13-15 PCS/KG,140.0
2026-02-14,130000000,MUNOZ MARKET,Spices,Red Onion - 13-15 PCS/KG,120.0
2026-02-14,130000000,MEGA Q MART,Spices,Red Onion - 13-15 PCS/KG,120.0
2026-02-14,130000000,PAMILIHANG LUNGSOD NG MUNTINLUPA,Spices,Red Onion - 13-15 PCS/KG,130.0
2026-02-14,130000000,MALABON CENTRAL MARKET,Spices,Red Onion - 13-15 PCS/KG,120.0
2026-02-14,130000000,PRITIL MARKET,Spices,Red Onion - 13-15 PCS/KG,140.0
2026-02-14,130000000,DAGONOY MARKET,Spices,Red Onion - 13-15 PCS/KG,140.0
2026-02-14,130000000,TRABAJO MARKET,Spices,Red Onion - 13-15 PCS/KG,140.0
2026-02-14,130000000,NAVOTAS AGORA MARKET,Spices,Red Onion - 13-15 PCS/KG,120.0
2026-02-14,130000000,NEW MARULAS PUBLIC MARKET,Spices,Red Onion - 13-15 PCS/KG,180.0
2026-02-14,130000000,BALINTAWAK MARKET (CLOVERLEAF),Spices,Red Onion - 13-15 PCS/KG,80.0
2026-02-14,130000000,COMMONWEALTH MARKET,Spices,Red Onion (Imported) - KG,90.0
2026-02-14,130000000,NEW LAS PINAS CITY PUBLIC MARKET,Spices,Red Onion (Imported) - KG,130.0
2026-02-14,130000000,MUNOZ MARKET,Spices,Red Onion (Imported) - KG,100.0
2026-02-14,130000000,MUTYA NG PASIG MEGA MARKET,Spices,Red Onion (Imported) - KG,140.0
2026-02-14,130000000,PAMILIHANG LUNGSOD NG MUNTINLUPA,Spices,Red Onion (Imported) - KG,120.0
2026-02-14,130000000,BALINTAWAK MARKET (CLOVERLEAF),Spices,Red Onion (Imported) - KG,70.0
2026-02-14,130000000,MUNOZ MARKET,Spices,White Onion - KG,100.0
2026-02-14,130000000,MALABON CENTRAL MARKET,Spices,White Onion - KG,100.0
2026-02-14,130000000,PRITIL MARKET,Spices,White Onion - KG,120.0
2026-02-14,130000000,NAVOTAS AGORA MARKET,Spices,White Onion - KG,120.0
2026-02-14,130000000,NEW MARULAS PUBLIC MARKET,Spices,White Onion - KG,140.0
2026-02-14,130000000,BALINTAWAK MARKET (CLOVERLEAF),Spices,White Onion - KG,80.0
2026-02-14,130000000,COMMONWEALTH MARKET,Spices,White Onion (Imported) - KG,120.0
2026-02-14,130000000,MARIKINA PUBLIC MARKET,Spices,White Onion (Imported) - KG,120.0
2026-02-14,130000000,MUNOZ MARKET,Spices,White Onion (Imported) - KG,100.0
2026-02-14,130000000,MUTYA NG PASIG MEGA MARKET,Spices,White Onion (Imported) - KG,120.0
2026-02-14,130000000,MURPHY MARKET,Spices,White Onion (Imported) - KG,150.0
2026-02-14,130000000,BALINTAWAK MARKET (CLOVERLEAF),Spices,White Onion (Imported) - KG,100.0
2026-02-14,130000000,COMMONWEALTH MARKET,Spices,Chili (Red) - KG,120.0
2026-02-14,130000000,NEW LAS PINAS CITY PUBLIC MARKET,Spices,Chili (Red) - KG,200.0
2026-02-14,130000000,MARIKINA PUBLIC MARKET,Spices,Chili (Red) - KG,200.0
2026-02-14,130000000,MUNOZ MARKET,Spices,Chili (Red) - KG,200.0
2026-02-14,130000000,MUTYA NG PASIG MEGA MARKET,Spices,Chili (Red) - KG,280.0
2026-02-14,130000000,MEGA Q MART,Spices,Chili (Red) - KG,200.0
2026-02-14,130000000,PAMILIHANG LUNGSOD NG MUNTINLUPA,Spices,Chili (Red) - KG,200.0
2026-02-14,130000000,MALABON CENTRAL MARKET,Spices,Chili (Red) - KG,250.0
2026-02-14,130000000,PRITIL MARKET,Spices,Chili (Red) - KG,250.0
2026-02-14,130000000,DAGONOY MARKET,Spices,Chili (Red) - KG,250.0
2026-02-14,130000000,NAVOTAS AGORA MARKET,Spices,Chili (Red) - KG,250.0
2026-02-14,130000000,CARTIMAR MARKET,Spices,Chili (Red) - KG,150.0
2026-02-14,130000000,MURPHY MARKET,Spices,Chili (Red) - KG,250.0
2026-02-14,130000000,NEW MARULAS PUBLIC MARKET,Spices,Chili (Red) - KG,250.0
2026-02-14,130000000,BALINTAWAK MARKET (CLOVERLEAF),Spices,Chili (Red) - KG,150.0
2026-02-14,130000000,COMMONWEALTH MARKET,Other Commodities,Cooking Oil Palm 1L - 1 LITER/BOTTLE,80.0
2026-02-14,130000000,NEW LAS PINAS CITY PUBLIC MARKET,Other Commodities,Cooking Oil Palm 1L - 1 LITER/BOTTLE,100.0
2026-02-14,130000000,MARIKINA PUBLIC MARKET,Other Commodities,Cooking Oil Palm 1L - 1 LITER/BOTTLE,90.0
2026-02-14,130000000,MUNOZ MARKET,Other Commodities,Cooking Oil Palm 1L - 1 LITER/BOTTLE,85.0
2026-02-14,130000000,MUTYA NG PASIG MEGA MARKET,Other Commodities,Cooking Oil Palm 1L - 1 LITER/BOTTLE,80.0
2026-02-14,130000000,MEGA Q MART,Other Commodities,Cooking Oil Palm 1L - 1 LITER/BOTTLE,85.0
2026-02-14,130000000,PAMILIHANG LUNGSOD NG MUNTINLUPA,Other Commodities,Cooking Oil Palm 1L - 1 LITER/BOTTLE,100.0
2026-02-14,130000000,MALABON CENTRAL MARKET,Other Commodities,Cooking Oil Palm 1L - 1 LITER/BOTTLE,100.0
2026-02-14,130000000,PRITIL MARKET,Other Commodities,Cooking Oil Palm 1L - 1 LITER/BOTTLE,90.0
2026-02-14,130000000,TRABAJO MARKET,Other Commodities,Cooking Oil Palm 1L - 1 LITER/BOTTLE,90.0
2026-02-14,130000000,NAVOTAS AGORA MARKET,Other Commodities,Cooking Oil Palm 1L - 1 LITER/BOTTLE,85.0
2026-02-14,130000000,MURPHY MARKET,Other Commodities,Cooking Oil Palm 1L - 1 LITER/BOTTLE,70.0
2026-02-14,130000000,NEW MARULAS PUBLIC MARKET,Other Commodities,Cooking Oil Palm 1L - 1 LITER/BOTTLE,100.0
2026-02-14,130000000,BALINTAWAK MARKET (CLOVERLEAF),Other Commodities,Cooking Oil Palm 1L - 1 LITER/BOTTLE,80.0
2026-02-14,130000000,NEW LAS PINAS CITY PUBLIC MARKET,Other Commodities,Cooking Oil Palm 350ML - 350 ML/BOTTLE,37.0
2026-02-14,130000000,MARIKINA PUBLIC MARKET,Other Commodities,Cooking Oil Palm 350ML - 350 ML/BOTTLE,35.0
2026-02-14,130000000,MUNOZ MARKET,Other Commodities,Cooking Oil Palm 350ML - 350 ML/BOTTLE,40.0
2026-02-14,130000000,MUTYA NG PASIG MEGA MARKET,Other Commodities,Cooking Oil Palm 350ML - 350 ML/BOTTLE,35.0
2026-02-14,130000000,MEGA Q MART,Other Commodities,Cooking Oil Palm 350ML - 350 ML/BOTTLE,35.0
2026-02-14,130000000,PAMILIHANG LUNGSOD NG MUNTINLUPA,Other Commodities,Cooking Oil Palm 350ML - 350 ML/BOTTLE,35.0
2026-02-14,130000000,PRITIL MARKET,Other Commodities,Cooking Oil Palm 350ML - 350 ML/BOTTLE,35.0
2026-02-14,130000000,DAGONOY MARKET,Other Commodities,Cooking Oil Palm 350ML - 350 ML/BOTTLE,35.0
2026-02-14,130000000,TRABAJO MARKET,Other Commodities,Cooking Oil Palm 350ML - 350 ML/BOTTLE,40.0
2026-02-14,130000000,MURPHY MARKET,Other Commodities,Cooking Oil Palm 350ML - 350 ML/BOTTLE,35.0
2026-02-14,130000000,NEW MARULAS PUBLIC MARKET,Other Commodities,Cooking Oil Palm 350ML - 350 ML/BOTTLE,35.0
2026-02-14,130000000,BALINTAWAK MARKET (CLOVERLEAF),Other Commodities,Cooking Oil Palm 350ML - 350 ML/BOTTLE,35.0
2026-02-14,130000000,COMMONWEALTH MARKET,Other Commodities,Sugar (Brown) - KG,70.0
2026-02-14,130000000,NEW LAS PINAS CITY PUBLIC MARKET,Other Commodities,Sugar (Brown) - KG,72.0
2026-02-14,130000000,MARIKINA PUBLIC MARKET,Other Commodities,Sugar (Brown) - KG,75.0
2026-02-14,130000000,MUNOZ MARKET,Other Commodities,Sugar (Brown) - KG,85.0
2026-02-14,130000000,MUTYA NG PASIG MEGA MARKET,Other Commodities,Sugar (Brown) - KG,65.0
2026-02-14,130000000,MEGA Q MART,Other Commodities,Sugar (Brown) - KG,70.0
2026-02-14,130000000,PAMILIHANG LUNGSOD NG MUNTINLUPA,Other Commodities,Sugar (Brown) - KG,72.0
2026-02-14,130000000,MALABON CENTRAL MARKET,Other Commodities,Sugar (Brown) - KG,80.0
2026-02-14,130000000,DAGONOY MARKET,Other Commodities,Sugar (Brown) - KG,70.0
2026-02-14,130000000,TRABAJO MARKET,Other Commodities,Sugar (Brown) - KG,70.0
2026-02-14,130000000,NAVOTAS AGORA MARKET,Other Commodities,Sugar (Brown) - KG,70.0
2026-02-14,130000000,CARTIMAR MARKET,Other Commodities,Sugar (Brown) - KG,80.0
2026-02-14,130000000,MURPHY MARKET,Other Commodities,Sugar (Brown) - KG,75.0
2026-02-14,130000000,NEW MARULAS PUBLIC MARKET,Other Commodities,Sugar (Brown) - KG,72.0
2026-02-14,130000000,BALINTAWAK MARKET (CLOVERLEAF),Other Commodities,Sugar (Brown) - KG,75.0
2026-02-14,130000000,COMMONWEALTH MARKET,Other Commodities,Sugar (Washed) - KG,70.0
2026-02-14,130000000,NEW LAS PINAS CITY PUBLIC MARKET,Other Commodities,Sugar (Washed) - KG,76.0
2026-02-14,130000000,MARIKINA PUBLIC MARKET,Other Commodities,Sugar (Washed) - KG,75.0
2026-02-14,130000000,MUNOZ MARKET,Other Commodities,Sugar (Washed) - KG,90.0
2026-02-14,130000000,MUTYA NG PASIG MEGA MARKET,Other Commodities,Sugar (Washed) - KG,70.0
2026-02-14,130000000,MEGA Q MART,Other Commodities,Sugar (Washed) - KG,75.0
2026-02-14,130000000,PAMILIHANG LUNGSOD NG MUNTINLUPA,Other Commodities,Sugar (Washed) - KG,74.0
2026-02-14,130000000,MALABON CENTRAL MARKET,Other Commodities,Sugar (Washed) - KG,70.0
2026-02-14,130000000,PRITIL MARKET,Other Commodities,Sugar (Washed) - KG,75.0
2026-02-14,130000000,DAGONOY MARKET,Other Commodities,Sugar (Washed) - KG,70.0
2026-02-14,130000000,TRABAJO MARKET,Other Commodities,Sugar (Washed) - KG,75.0
2026-02-14,130000000,NAVOTAS AGORA MARKET,Other Commodities,Sugar (Washed) - KG,70.0
2026-02-14,130000000,CARTIMAR MARKET,Other Commodities,Sugar (Washed) - KG,80.0
2026-02-14,130000000,MURPHY MARKET,Other Commodities,Sugar (Washed) - KG,80.0
2026-02-14,130000000,NEW MARULAS PUBLIC MARKET,Other Commodities,Sugar (Washed) - KG,72.0
2026-02-14,130000000,BALINTAWAK MARKET (CLOVERLEAF),Other Commodities,Sugar (Washed) - KG,75.0
2026-02-14,130000000,COMMONWEALTH MARKET,Other Commodities,Sugar (Refined) - KG,80.0
2026-02-14,130000000,NEW LAS PINAS CITY PUBLIC MARKET,Other Commodities,Sugar (Refined) - KG,80.0
2026-02-14,130000000,MARIKINA PUBLIC MARKET,Other Commodities,Sugar (Refined) - KG,82.0
2026-02-14,130000000,MUNOZ MARKET,Other Commodities,Sugar (Refined) - KG,100.0
2026-02-14,130000000,MUTYA NG PASIG MEGA MARKET,Other Commodities,Sugar (Refined) - KG,75.0
2026-02-14,130000000,MEGA Q MART,Other Commodities,Sugar (Refined) - KG,75.0
2026-02-14,130000000,PAMILIHANG LUNGSOD NG MUNTINLUPA,Other Commodities,Sugar (Refined) - KG,76.0
2026-02-14,130000000,MALABON CENTRAL MARKET,Other Commodities,Sugar (Refined) - KG,85.0
2026-02-14,130000000,PRITIL MARKET,Other Commodities,Sugar (Refined) - KG,85.0
2026-02-14,130000000,DAGONOY MARKET,Other Commodities,Sugar (Refined) - KG,80.0
2026-02-14,130000000,TRABAJO MARKET,Other Commodities,Sugar (Refined) - KG,80.0
2026-02-14,130000000,NAVOTAS AGORA MARKET,Other Commodities,Sugar (Refined) - KG,75.0
2026-02-14,130000000,NEW MARULAS PUBLIC MARKET,Other Commodities,Sugar (Refined) - KG,80.0
2026-02-14,130000000,BALINTAWAK MARKET (CLOVERLEAF),Other Commodities,Sugar (Refined) - KG,75.0
2026-02-14,130000000,MARIKINA PUBLIC MARKET,Other Commodities,Cooking Oil (Coconut) 350ML - 350 ML/BOTTLE,50.0
2026-02-14,130000000,MUTYA NG PASIG MEGA MARKET,Other Commodities,Cooking Oil (Coconut) 350ML - 350 ML/BOTTLE,60.0
2026-02-14,130000000,MURPHY MARKET,Other Commodities,Cooking Oil (Coconut) 350ML - 350 ML/BOTTLE,70.0
2026-02-14,130000000,NEW MARULAS PUBLIC MARKET,Other Commodities,Cooking Oil (Coconut) 350ML - 350 ML/BOTTLE,55.0
2026-02-14,130000000,MUTYA NG PASIG MEGA MARKET,Other Commodities,Cooking Oil (Coconut) 1L - 1 LITER/BOTTLE,160.0
2026-02-14,130000000,MALABON CENTRAL MARKET,Other Commodities,Cooking Oil (Coconut) 1L - 1 LITER/BOTTLE,180.0
2026-02-14,130000000,PRITIL MARKET,Other Commodities,Cooking Oil (Coconut) 1L - 1 LITER/BOTTLE,160.0
2026-02-14,130000000,NAVOTAS AGORA MARKET,Other Commodities,Cooking Oil (Coconut) 1L - 1 LITER/BOTTLE,170.0
2026-02-14,130000000,NEW MARULAS PUBLIC MARKET,Other Commodities,Cooking Oil (Coconut) 1L - 1 LITER/BOTTLE,160.0
2026-02-14,130000000,COMMONWEALTH MARKET,Rice,COMMERCIAL (IMPORTED) Premium (Yellow tagged) - 5% BROKEN,58.0
2026-02-14,130000000,NEW LAS PINAS CITY PUBLIC MARKET,Rice,COMMERCIAL (IMPORTED) Premium (Yellow tagged) - 5% BROKEN,54.0
2026-02-14,130000000,MARIKINA PUBLIC MARKET,Rice,COMMERCIAL (IMPORTED) Premium (Yellow tagged) - 5% BROKEN,58.0
2026-02-14,130000000,MUNOZ MARKET,Rice,COMMERCIAL (IMPORTED) Premium (Yellow tagged) - 5% BROKEN,52.0
2026-02-14,130000000,MUTYA NG PASIG MEGA MARKET,Rice,COMMERCIAL (IMPORTED) Premium (Yellow tagged) - 5% BROKEN,56.0
2026-02-14,130000000,MEGA Q MART,Rice,COMMERCIAL (IMPORTED) Premium (Yellow tagged) - 5% BROKEN,58.0
2026-02-14,130000000,PAMILIHANG LUNGSOD NG MUNTINLUPA,Rice,COMMERCIAL (IMPORTED) Premium (Yellow tagged) - 5% BROKEN,52.0
2026-02-14,130000000,MALABON CENTRAL MARKET,Rice,COMMERCIAL (IMPORTED) Premium (Yellow tagged) - 5% BROKEN,54.0
2026-02-14,130000000,PRITIL MARKET,Rice,COMMERCIAL (IMPORTED) Premium (Yellow tagged) - 5% BROKEN,55.0
2026-02-14,130000000,DAGONOY MARKET,Rice,COMMERCIAL (IMPORTED) Premium (Yellow tagged) - 5% BROKEN,50.0
2026-02-14,130000000,TRABAJO MARKET,Rice,COMMERCIAL (IMPORTED) Premium (Yellow tagged) - 5% BROKEN,55.0
2026-02-14,130000000,NAVOTAS AGORA MARKET,Rice,COMMERCIAL (IMPORTED) Premium (Yellow tagged) - 5% BROKEN,54.0
2026-02-14,130000000,MURPHY MARKET,Rice,COMMERCIAL (IMPORTED) Premium (Yellow tagged) - 5% BROKEN,58.0
2026-02-14,130000000,NEW MARULAS PUBLIC MARKET,Rice,COMMERCIAL (IMPORTED) Premium (Yellow tagged) - 5% BROKEN,58.0
2026-02-14,130000000,BALINTAWAK MARKET (CLOVERLEAF),Rice,COMMERCIAL (IMPORTED) Premium (Yellow tagged) - 5% BROKEN,58.0
2026-02-14,130000000,MUTYA NG PASIG MEGA MARKET,Rice,COMMERCIAL (IMPORTED) Regular Milled - 20-40% BRAN STREAK,42.0
2026-02-14,130000000,NAVOTAS AGORA MARKET,Rice,COMMERCIAL (IMPORTED) Regular Milled - 20-40% BRAN STREAK,40.0
2026-02-14,130000000,NEW MARULAS PUBLIC MARKET,Rice,COMMERCIAL (IMPORTED) Regular Milled - 20-40% BRAN STREAK,37.0
2026-02-14,130000000,NEW LAS PINAS CITY PUBLIC MARKET,Rice,COMMERCIAL (IMPORTED) Special (Blue tagged) - WHITE RICE,60.0
2026-02-14,130000000,MUTYA NG PASIG MEGA MARKET,Rice,COMMERCIAL (IMPORTED) Special (Blue tagged) - WHITE RICE,60.0
2026-02-14,130000000,PAMILIHANG LUNGSOD NG MUNTINLUPA,Rice,COMMERCIAL (IMPORTED) Special (Blue tagged) - WHITE RICE,60.0
2026-02-14,130000000,MUTYA NG PASIG MEGA MARKET,Rice,COMMERCIAL (IMPORTED) Well Milled - 1-19% BRAN STREAK,49.0
2026-02-14,130000000,NEW MARULAS PUBLIC MARKET,Rice,COMMERCIAL (IMPORTED) Well Milled - 1-19% BRAN STREAK,44.0
2026-02-14,130000000,COMMONWEALTH MARKET,Rice,COMMERCIAL (LOCAL) Premium (Yellow tagged) - 5% BROKEN,53.0
2026-02-14,130000000,NEW LAS PINAS CITY PUBLIC MARKET,Rice,COMMERCIAL (LOCAL) Premium (Yellow tagged) - 5% BROKEN,54.0
2026-02-14,130000000,MARIKINA PUBLIC MARKET,Rice,COMMERCIAL (LOCAL) Premium (Yellow tagged) - 5% BROKEN,54.0
2026-02-14,130000000,MUTYA NG PASIG MEGA MARKET,Rice,COMMERCIAL (LOCAL) Premium (Yellow tagged) - 5% BROKEN,52.0
2026-02-14,130000000,MEGA Q MART,Rice,COMMERCIAL (LOCAL) Premium (Yellow tagged) - 5% BROKEN,55.0
2026-02-14,130000000,PAMILIHANG LUNGSOD NG MUNTINLUPA,Rice,COMMERCIAL (LOCAL) Premium (Yellow tagged) - 5% BROKEN,50.0
2026-02-14,130000000,MALABON CENTRAL MARKET,Rice,COMMERCIAL (LOCAL) Premium (Yellow tagged) - 5% BROKEN,45.0
2026-02-14,130000000,PRITIL MARKET,Rice,COMMERCIAL (LOCAL) Premium (Yellow tagged) - 5% BROKEN,46.0
2026-02-14,130000000,DAGONOY MARKET,Rice,COMMERCIAL (LOCAL) Premium (Yellow tagged) - 5% BROKEN,55.0
2026-02-14,130000000,TRABAJO MARKET,Rice,COMMERCIAL (LOCAL) Premium (Yellow tagged) - 5% BROKEN,55.0
2026-02-14,130000000,NAVOTAS AGORA MARKET,Rice,COMMERCIAL (LOCAL) Premium (Yellow tagged) - 5% BROKEN,46.0
2026-02-14,130000000,CARTIMAR MARKET,Rice,COMMERCIAL (LOCAL) Premium (Yellow tagged) - 5% BROKEN,55.0
2026-02-14,130000000,MURPHY MARKET,Rice,COMMERCIAL (LOCAL) Premium (Yellow tagged) - 5% BROKEN,56.0
2026-02-14,130000000,NEW MARULAS PUBLIC MARKET,Rice,COMMERCIAL (LOCAL) Premium (Yellow tagged) - 5% BROKEN,58.0
2026-02-14,130000000,BALINTAWAK MARKET (CLOVERLEAF),Rice,COMMERCIAL (LOCAL) Premium (Yellow tagged) - 5% BROKEN,58.0
2026-02-14,130000000,MUTYA NG PASIG MEGA MARKET,Rice,COMMERCIAL (LOCAL) Regular Milled - 20-40% BRAN STREAK,42.0
2026-02-14,130000000,PAMILIHANG LUNGSOD NG MUNTINLUPA,Rice,COMMERCIAL (LOCAL) Regular Milled - 20-40% BRAN STREAK,42.0
2026-02-14,130000000,PRITIL MARKET,Rice,COMMERCIAL (LOCAL) Regular Milled - 20-40% BRAN STREAK,42.0
2026-02-14,130000000,NAVOTAS AGORA MARKET,Rice,COMMERCIAL (LOCAL) Regular Milled - 20-40% BRAN STREAK,40.0
2026-02-14,130000000,BALINTAWAK MARKET (CLOVERLEAF),Rice,COMMERCIAL (LOCAL) Regular Milled - 20-40% BRAN STREAK,42.0
2026-02-14,130000000,COMMONWEALTH MARKET,Rice,COMMERCIAL (LOCAL) Special (Blue tagged) - WHITE RICE,60.0
2026-02-14,130000000,NEW LAS PINAS CITY PUBLIC MARKET,Rice,COMMERCIAL (LOCAL) Special (Blue tagged) - WHITE RICE,60.0
2026-02-14,130000000,MARIKINA PUBLIC MARKET,Rice,COMMERCIAL (LOCAL) Special (Blue tagged) - WHITE RICE,59.0
2026-02-14,130000000,MUNOZ MARKET,Rice,COMMERCIAL (LOCAL) Special (Blue tagged) - WHITE RICE,60.0
2026-02-14,130000000,MUTYA NG PASIG MEGA MARKET,Rice,COMMERCIAL (LOCAL) Special (Blue tagged) - WHITE RICE,60.0
2026-02-14,130000000,MEGA Q MART,Rice,COMMERCIAL (LOCAL) Special (Blue tagged) - WHITE RICE,58.0
2026-02-14,130000000,PAMILIHANG LUNGSOD NG MUNTINLUPA,Rice,COMMERCIAL (LOCAL) Special (Blue tagged) - WHITE RICE,57.0
2026-02-14,130000000,PRITIL MARKET,Rice,COMMERCIAL (LOCAL) Special (Blue tagged) - WHITE RICE,58.0
2026-02-14,130000000,DAGONOY MARKET,Rice,COMMERCIAL (LOCAL) Special (Blue tagged) - WHITE RICE,60.0
2026-02-14,130000000,NAVOTAS AGORA MARKET,Rice,COMMERCIAL (LOCAL) Special (Blue tagged) - WHITE RICE,55.0
2026-02-14,130000000,CARTIMAR MARKET,Rice,COMMERCIAL (LOCAL) Special (Blue tagged) - WHITE RICE,60.0
2026-02-14,130000000,MURPHY MARKET,Rice,COMMERCIAL (LOCAL) Special (Blue tagged) - WHITE RICE,60.0
2026-02-14,130000000,NEW MARULAS PUBLIC MARKET,Rice,COMMERCIAL (LOCAL) Special (Blue tagged) - WHITE RICE,60.0
2026-02-14,130000000,BALINTAWAK MARKET (CLOVERLEAF),Rice,COMMERCIAL (LOCAL) Special (Blue tagged) - WHITE RICE,55.0
2026-02-14,130000000,COMMONWEALTH MARKET,Rice,COMMERCIAL (LOCAL) Well Milled - 1-19% BRAN STREAK,50.0
2026-02-14,130000000,MUTYA NG PASIG MEGA MARKET,Rice,COMMERCIAL (LOCAL) Well Milled - 1-19% BRAN STREAK,46.0
2026-02-14,130000000,MEGA Q MART,Rice,COMMERCIAL (LOCAL) Well Milled - 1-19% BRAN STREAK,50.0
2026-02-14,130000000,PAMILIHANG LUNGSOD NG MUNTINLUPA,Rice,COMMERCIAL (LOCAL) Well Milled - 1-19% BRAN STREAK,45.0
2026-02-14,130000000,PRITIL MARKET,Rice,COMMERCIAL (LOCAL) Well Milled - 1-19% BRAN STREAK,42.0
2026-02-14,130000000,DAGONOY MARKET,Rice,COMMERCIAL (LOCAL) Well Milled - 1-19% BRAN STREAK,40.0
2026-02-14,130000000,TRABAJO MARKET,Rice,COMMERCIAL (LOCAL) Well Milled - 1-19% BRAN STREAK,48.0
2026-02-14,130000000,NAVOTAS AGORA MARKET,Rice,COMMERCIAL (LOCAL) Well Milled - 1-19% BRAN STREAK,42.0
2026-02-14,130000000,NEW MARULAS PUBLIC MARKET,Rice,COMMERCIAL (LOCAL) Well Milled - 1-19% BRAN STREAK,46.0
2026-02-14,130000000,MUTYA NG PASIG MEGA MARKET,Corn,"Corn (White) - Cob, Glutinous",70.0
2026-02-14,130000000,COMMONWEALTH MARKET,Corn,"Corn (Yellow) - Cob, Sweet Corn",100.0
2026-02-14,130000000,MARIKINA PUBLIC MARKET,Corn,"Corn (Yellow) - Cob, Sweet Corn",70.0
2026-02-14,130000000,MUNOZ MARKET,Corn,"Corn (Yellow) - Cob, Sweet Corn",70.0
2026-02-14,130000000,MUTYA NG PASIG MEGA MARKET,Corn,"Corn (Yellow) - Cob, Sweet Corn",50.0
2026-02-14,130000000,MEGA Q MART,Corn,"Corn (Yellow) - Cob, Sweet Corn",60.0
2026-02-14,130000000,PAMILIHANG LUNGSOD NG MUNTINLUPA,Corn,"Corn (Yellow) - Cob, Sweet Corn",60.0
2026-02-14,130000000,MALABON CENTRAL MARKET,Corn,"Corn (Yellow) - Cob, Sweet Corn",80.0
2026-02-14,130000000,PRITIL MARKET,Corn,"Corn (Yellow) - Cob, Sweet Corn",75.0
2026-02-14,130000000,DAGONOY MARKET,Corn,"Corn (Yellow) - Cob, Sweet Corn",90.0
2026-02-14,130000000,NAVOTAS AGORA MARKET,Corn,"Corn (Yellow) - Cob, Sweet Corn",75.0
2026-02-14,130000000,CARTIMAR MARKET,Corn,"Corn (Yellow) - Cob, Sweet Corn",80.0
2026-02-14,130000000,NEW MARULAS PUBLIC MARKET,Corn,"Corn (Yellow) - Cob, Sweet Corn",110.0
2026-02-14,130000000,COMMONWEALTH MARKET,Legumes,Mungbean - KG,120.0
2026-02-14,130000000,MARIKINA PUBLIC MARKET,Legumes,Mungbean - KG,130.0
2026-02-14,130000000,MUNOZ MARKET,Legumes,Mungbean - KG,140.0
2026-02-14,130000000,MUTYA NG PASIG MEGA MARKET,Legumes,Mungbean - KG,150.0
2026-02-14,130000000,MEGA Q MART,Legumes,Mungbean - KG,120.0
2026-02-14,130000000,PAMILIHANG LUNGSOD NG MUNTINLUPA,Legumes,Mungbean - KG,120.0
2026-02-14,130000000,MALABON CENTRAL MARKET,Legumes,Mungbean - KG,120.0
2026-02-14,130000000,PRITIL MARKET,Legumes,Mungbean - KG,120.0
2026-02-14,130000000,DAGONOY MARKET,Legumes,Mungbean - KG,140.0
2026-02-14,130000000,TRABAJO MARKET,Legumes,Mungbean - KG,140.0
2026-02-14,130000000,NAVOTAS AGORA MARKET,Legumes,Mungbean - KG,120.0
2026-02-14,130000000,CARTIMAR MARKET,Legumes,Mungbean - KG,140.0
2026-02-14,130000000,MURPHY MARKET,Legumes,Mungbean - KG,140.0
2026-02-14,130000000,NEW MARULAS PUBLIC MARKET,Legumes,Mungbean - KG,130.0
2026-02-14,130000000,BALINTAWAK MARKET (CLOVERLEAF),Legumes,Mungbean - KG,110.0
2026-02-14,130000000,MUTYA NG PASIG MEGA MARKET,Fish,Alumahan - MEDIUM (4-6PCS/KG),340.0
2026-02-14,130000000,COMMONWEALTH MARKET,Fish,Bangus (Medium) - MEDIUM (3-4PCS/KG),260.0
2026-02-14,130000000,MARIKINA PUBLIC MARKET,Fish,Bangus (Medium) - MEDIUM (3-4PCS/KG),260.0
2026-02-14,130000000,MUNOZ MARKET,Fish,Bangus (Medium) - MEDIUM (3-4PCS/KG),240.0
2026-02-14,130000000,MUTYA NG PASIG MEGA MARKET,Fish,Bangus (Medium) - MEDIUM (3-4PCS/KG),180.0
2026-02-14,130000000,MEGA Q MART,Fish,Bangus (Medium) - MEDIUM (3-4PCS/KG),200.0
2026-02-14,130000000,MALABON CENTRAL MARKET,Fish,Bangus (Medium) - MEDIUM (3-4PCS/KG),250.0
2026-02-14,130000000,PRITIL MARKET,Fish,Bangus (Medium) - MEDIUM (3-4PCS/KG),260.0
2026-02-14,130000000,TRABAJO MARKET,Fish,Bangus (Medium) - MEDIUM (3-4PCS/KG),240.0
2026-02-14,130000000,NAVOTAS AGORA MARKET,Fish,Bangus (Medium) - MEDIUM (3-4PCS/KG),260.0
2026-02-14,130000000,CARTIMAR MARKET,Fish,Bangus (Medium) - MEDIUM (3-4PCS/KG),280.0
2026-02-14,130000000,MURPHY MARKET,Fish,Bangus (Medium) - MEDIUM (3-4PCS/KG),240.0
2026-02-14,130000000,NEW MARULAS PUBLIC MARKET,Fish,Bangus (Medium) - MEDIUM (3-4PCS/KG),280.0
2026-02-14,130000000,MUTYA NG PASIG MEGA MARKET,Fish,"Galunggong(Imported) - MALE, MEDIUM (12-14PCS/KG)",300.0
2026-02-14,130000000,MARIKINA PUBLIC MARKET,Fish,"Galunggong(Local) - MALE, MEDIUM(12-14PCS/KG)",380.0
2026-02-14,130000000,PRITIL MARKET,Fish,"Galunggong(Local) - MALE, MEDIUM(12-14PCS/KG)",340.0
2026-02-14,130000000,TRABAJO MARKET,Fish,"Galunggong(Local) - MALE, MEDIUM(12-14PCS/KG)",350.0
2026-02-14,130000000,COMMONWEALTH MARKET,Fish,Tilapia - MEDIUM (5-6PCS/KG),130.0
2026-02-14,130000000,NEW LAS PINAS CITY PUBLIC MARKET,Fish,Tilapia - MEDIUM (5-6PCS/KG),170.0
2026-02-14,130000000,MARIKINA PUBLIC MARKET,Fish,Tilapia - MEDIUM (5-6PCS/KG),150.0
2026-02-14,130000000,MUNOZ MARKET,Fish,Tilapia - MEDIUM (5-6PCS/KG),140.0
2026-02-14,130000000,MUTYA NG PASIG MEGA MARKET,Fish,Tilapia - MEDIUM (5-6PCS/KG),160.0
2026-02-14,130000000,MEGA Q MART,Fish,Tilapia - MEDIUM (5-6PCS/KG),140.0
2026-02-14,130000000,PAMILIHANG LUNGSOD NG MUNTINLUPA,Fish,Tilapia - MEDIUM (5-6PCS/KG),160.0
2026-02-14,130000000,MALABON CENTRAL MARKET,Fish,Tilapia - MEDIUM (5-6PCS/KG),160.0
2026-02-14,130000000,PRITIL MARKET,Fish,Tilapia - MEDIUM (5-6PCS/KG),150.0
2026-02-14,130000000,DAGONOY MARKET,Fish,Tilapia - MEDIUM (5-6PCS/KG),160.0
2026-02-14,130000000,TRABAJO MARKET,Fish,Tilapia - MEDIUM (5-6PCS/KG),150.0
2026-02-14,130000000,NAVOTAS AGORA MARKET,Fish,Tilapia - MEDIUM (5-6PCS/KG),140.0
2026-02-14,130000000,CARTIMAR MARKET,Fish,Tilapia - MEDIUM (5-6PCS/KG),160.0
2026-02-14,130000000,MURPHY MARKET,Fish,Tilapia - MEDIUM (5-6PCS/KG),160.0
2026-02-14,130000000,NEW MARULAS PUBLIC MARKET,Fish,Tilapia - MEDIUM (5-6PCS/KG),170.0
2026-02-14,130000000,MUTYA NG PASIG MEGA MARKET,Fish,Sardines (Tamban),140.0
2026-02-14,130000000,MUNOZ MARKET,Fish,Squid (Pusit Bisaya) - Medium,480.0
2026-02-14,130000000,MUTYA NG PASIG MEGA MARKET,Fish,Squid (Pusit Bisaya) - Medium,480.0
2026-02-14,130000000,MEGA Q MART,Fish,Squid (Pusit Bisaya) - Medium,460.0
2026-02-14,130000000,PRITIL MARKET,Fish,Squid (Pusit Bisaya) - Medium,440.0
2026-02-14,130000000,MUTYA NG PASIG MEGA MARKET,Fish,Yellow-Fin Tuna (Tambakol),330.0
2026-02-14,130000000,PAMILIHANG LUNGSOD NG MUNTINLUPA,Fish,Yellow-Fin Tuna (Tambakol),320.0
2026-02-14,130000000,COMMONWEALTH MARKET,Fish,Bangus (Large) - LARGE (KG),280.0
2026-02-14,130000000,NEW LAS PINAS CITY PUBLIC MARKET,Fish,Bangus (Large) - LARGE (KG),240.0
2026-02-14,130000000,MARIKINA PUBLIC MARKET,Fish,Bangus (Large) - LARGE (KG),290.0
2026-02-14,130000000,MUNOZ MARKET,Fish,Bangus (Large) - LARGE (KG),260.0
2026-02-14,130000000,MUTYA NG PASIG MEGA MARKET,Fish,Bangus (Large) - LARGE (KG),200.0
2026-02-14,130000000,MEGA Q MART,Fish,Bangus (Large) - LARGE (KG),220.0
2026-02-14,130000000,PAMILIHANG LUNGSOD NG MUNTINLUPA,Fish,Bangus (Large) - LARGE (KG),240.0
2026-02-14,130000000,DAGONOY MARKET,Fish,Bangus (Large) - LARGE (KG),280.0
2026-02-14,130000000,TRABAJO MARKET,Fish,Bangus (Large) - LARGE (KG),260.0
2026-02-14,130000000,COMMONWEALTH MARKET,Fruits,Calamansi - KG,80.0
2026-02-14,130000000,NEW LAS PINAS CITY PUBLIC MARKET,Fruits,Calamansi - KG,130.0
2026-02-14,130000000,MARIKINA PUBLIC MARKET,Fruits,Calamansi - KG,130.0
2026-02-14,130000000,MUNOZ MARKET,Fruits,Calamansi - KG,120.0
2026-02-14,130000000,MUTYA NG PASIG MEGA MARKET,Fruits,Calamansi - KG,100.0
2026-02-14,130000000,MEGA Q MART,Fruits,Calamansi - KG,120.0
2026-02-14,130000000,PAMILIHANG LUNGSOD NG MUNTINLUPA,Fruits,Calamansi - KG,120.0
2026-02-14,130000000,MALABON CENTRAL MARKET,Fruits,Calamansi - KG,120.0
2026-02-14,130000000,PRITIL MARKET,Fruits,Calamansi - KG,120.0
2026-02-14,130000000,DAGONOY MARKET,Fruits,Calamansi - KG,140.0
2026-02-14,130000000,TRABAJO MARKET,Fruits,Calamansi - KG,150.0
2026-02-14,130000000,NAVOTAS AGORA MARKET,Fruits,Calamansi - KG,120.0
2026-02-14,130000000,MURPHY MARKET,Fruits,Calamansi - KG,150.0
2026-02-14,130000000,NEW MARULAS PUBLIC MARKET,Fruits,Calamansi - KG,140.0
2026-02-14,130000000,BALINTAWAK MARKET (CLOVERLEAF),Fruits,Calamansi - KG,80.0
2026-02-14,130000000,NEW LAS PINAS CITY PUBLIC MARKET,Fruits,Banana (Lakatan) - 8-10PCS/KG,90.0
2026-02-14,130000000,MARIKINA PUBLIC MARKET,Fruits,Banana (Lakatan) - 8-10PCS/KG,120.0
2026-02-14,130000000,MUTYA NG PASIG MEGA MARKET,Fruits,Banana (Lakatan) - 8-10PCS/KG,100.0
2026-02-14,130000000,MEGA Q MART,Fruits,Banana (Lakatan) - 8-10PCS/KG,80.0
2026-02-14,130000000,PAMILIHANG LUNGSOD NG MUNTINLUPA,Fruits,Banana (Lakatan) - 8-10PCS/KG,90.0
2026-02-14,130000000,MALABON CENTRAL MARKET,Fruits,Banana (Lakatan) - 8-10PCS/KG,90.0
2026-02-14,130000000,PRITIL MARKET,Fruits,Banana (Lakatan) - 8-10PCS/KG,80.0
2026-02-14,130000000,NAVOTAS AGORA MARKET,Fruits,Banana (Lakatan) - 8-10PCS/KG,110.0
2026-02-14,130000000,CARTIMAR MARKET,Fruits,Banana (Lakatan) - 8-10PCS/KG,120.0
2026-02-14,130000000,MURPHY MARKET,Fruits,Banana (Lakatan) - 8-10PCS/KG,100.0
2026-02-14,130000000,NEW MARULAS PUBLIC MARKET,Fruits,Banana (Lakatan) - 8-10PCS/KG,120.0
2026-02-14,130000000,NEW LAS PINAS CITY PUBLIC MARKET,Fruits,Banana (Latundan) - 10-12PCS/KG,70.0
2026-02-14,130000000,MARIKINA PUBLIC MARKET,Fruits,Banana (Latundan) - 10-12PCS/KG,80.0
2026-02-14,130000000,MUTYA NG PASIG MEGA MARKET,Fruits,Banana (Latundan) - 10-12PCS/KG,90.0
2026-02-14,130000000,MEGA Q MART,Fruits,Banana (Latundan) - 10-12PCS/KG,55.0
2026-02-14,130000000,PAMILIHANG LUNGSOD NG MUNTINLUPA,Fruits,Banana (Latundan) - 10-12PCS/KG,70.0
2026-02-14,130000000,MALABON CENTRAL MARKET,Fruits,Banana (Latundan) - 10-12PCS/KG,60.0
2026-02-14,130000000,PRITIL MARKET,Fruits,Banana (Latundan) - 10-12PCS/KG,70.0
2026-02-14,130000000,NAVOTAS AGORA MARKET,Fruits,Banana (Latundan) - 10-12PCS/KG,90.0
2026-02-14,130000000,MURPHY MARKET,Fruits,Banana (Latundan) - 10-12PCS/KG,80.0
2026-02-14,130000000,NEW MARULAS PUBLIC MARKET,Fruits,Banana (Latundan) - 10-12PCS/KG,90.0
2026-02-14,130000000,NEW LAS PINAS CITY PUBLIC MARKET,Fruits,"Mango (Carabao) - RIPE, 3-4PCS/KG",180.0
2026-02-14,130000000,MARIKINA PUBLIC MARKET,Fruits,"Mango (Carabao) - RIPE, 3-4PCS/KG",200.0
2026-02-14,130000000,MUTYA NG PASIG MEGA MARKET,Fruits,"Mango (Carabao) - RIPE, 3-4PCS/KG",240.0
2026-02-14,130000000,MEGA Q MART,Fruits,"Mango (Carabao) - RIPE, 3-4PCS/KG",180.0
2026-02-14,130000000,PAMILIHANG LUNGSOD NG MUNTINLUPA,Fruits,"Mango (Carabao) - RIPE, 3-4PCS/KG",150.0
2026-02-14,130000000,PRITIL MARKET,Fruits,"Mango (Carabao) - RIPE, 3-4PCS/KG",160.0
2026-02-14,130000000,NAVOTAS AGORA MARKET,Fruits,"Mango (Carabao) - RIPE, 3-4PCS/KG",160.0
2026-02-14,130000000,CARTIMAR MARKET,Fruits,"Mango (Carabao) - RIPE, 3-4PCS/KG",220.0
2026-02-14,130000000,MURPHY MARKET,Fruits,"Mango (Carabao) - RIPE, 3-4PCS/KG",200.0
2026-02-14,130000000,NEW MARULAS PUBLIC MARKET,Fruits,"Mango (Carabao) - RIPE, 3-4PCS/KG",200.0
2026-02-14,130000000,NEW LAS PINAS CITY PUBLIC MARKET,Fruits,"Papaya - SOLO, RIPE, 2-3PCS",80.0
2026-02-14,130000000,MARIKINA PUBLIC MARKET,Fruits,"Papaya - SOLO, RIPE, 2-3PCS",70.0
2026-02-14,130000000,MUTYA NG PASIG MEGA MARKET,Fruits,"Papaya - SOLO, RIPE, 2-3PCS",90.0
2026-02-14,130000000,MEGA Q MART,Fruits,"Papaya - SOLO, RIPE, 2-3PCS",80.0
2026-02-14,130000000,PAMILIHANG LUNGSOD NG MUNTINLUPA,Fruits,"Papaya - SOLO, RIPE, 2-3PCS",65.0
2026-02-14,130000000,CARTIMAR MARKET,Fruits,"Papaya - SOLO, RIPE, 2-3PCS",90.0
2026-02-14,130000000,NEW LAS PINAS CITY PUBLIC MARKET,Fruits,Melon,90.0
2026-02-14,130000000,MARIKINA PUBLIC MARKET,Fruits,Melon,120.0
2026-02-14,130000000,MUTYA NG PASIG MEGA MARKET,Fruits,Melon,150.0
2026-02-14,130000000,MEGA Q MART,Fruits,Melon,85.0
2026-02-14,130000000,PAMILIHANG LUNGSOD NG MUNTINLUPA,Fruits,Melon,80.0
2026-02-14,130000000,MURPHY MARKET,Fruits,Melon,100.0
2026-02-14,130000000,NEW MARULAS PUBLIC MARKET,Fruits,Melon,100.0
2026-02-14,130000000,MARIKINA PUBLIC MARKET,Fruits,Avocado,300.0
2026-02-14,130000000,MUTYA NG PASIG MEGA MARKET,Fruits,Avocado,350.0
2026-02-14,130000000,MEGA Q MART,Fruits,Avocado,200.0
2026-02-14,130000000,NAVOTAS AGORA MARKET,Fruits,Avocado,230.0
2026-02-14,130000000,MURPHY MARKET,Fruits,Avocado,350.0
2026-02-14,130000000,NEW LAS PINAS CITY PUBLIC MARKET,Fruits,Pomelo - KG,150.0
2026-02-14,130000000,MARIKINA PUBLIC MARKET,Fruits,Pomelo - KG,320.0
2026-02-14,130000000,MUTYA NG PASIG MEGA MARKET,Fruits,Pomelo - KG,190.0
2026-02-14,130000000,MEGA Q MART,Fruits,Pomelo - KG,180.0
2026-02-14,130000000,PAMILIHANG LUNGSOD NG MUNTINLUPA,Fruits,Pomelo - KG,140.0
2026-02-14,130000000,MURPHY MARKET,Fruits,Pomelo - KG,200.0
2026-02-14,130000000,NEW LAS PINAS CITY PUBLIC MARKET,Fruits,Watermelon - KG,65.0
2026-02-14,130000000,MARIKINA PUBLIC MARKET,Fruits,Watermelon - KG,80.0
2026-02-14,130000000,MUTYA NG PASIG MEGA MARKET,Fruits,Watermelon - KG,90.0
2026-02-14,130000000,MEGA Q MART,Fruits,Watermelon - KG,85.0
2026-02-14,130000000,PAMILIHANG LUNGSOD NG MUNTINLUPA,Fruits,Watermelon - KG,65.0
2026-02-14,130000000,MURPHY MARKET,Fruits,Watermelon - KG,80.0
2026-02-14,130000000,MARIKINA PUBLIC MARKET,Fruits,Banana (Saba) - KG,60.0
2026-02-14,130000000,MUNOZ MARKET,Fruits,Banana (Saba) - KG,50.0
2026-02-14,130000000,MUTYA NG PASIG MEGA MARKET,Fruits,Banana (Saba) - KG,60.0
2026-02-14,130000000,MEGA Q MART,Fruits,Banana (Saba) - KG,55.0
2026-02-14,130000000,PAMILIHANG LUNGSOD NG MUNTINLUPA,Fruits,Banana (Saba) - KG,40.0
2026-02-14,130000000,MALABON CENTRAL MARKET,Fruits,Banana (Saba) - KG,40.0
2026-02-14,130000000,PRITIL MARKET,Fruits,Banana (Saba) - KG,50.0
2026-02-14,130000000,NAVOTAS AGORA MARKET,Fruits,Banana (Saba) - KG,60.0
2026-02-14,130000000,MURPHY MARKET,Fruits,Banana (Saba) - KG,60.0
2026-02-14,130000000,NEW MARULAS PUBLIC MARKET,Fruits,Banana (Saba) - KG,50.0
2026-02-14,130000000,TRABAJO MARKET,Highland Vegetables,Cabbage (Scorpio) - 750GM-1KG/HEAD,90.0
2026-02-14,130000000,NEW MARULAS PUBLIC MARKET,Highland Vegetables,Cabbage (Scorpio) - 750GM-1KG/HEAD,120.0
2026-02-14,130000000,COMMONWEALTH MARKET,Highland Vegetables,Carrots - 8-10PCS/KG,70.0
2026-02-14,130000000,NEW LAS PINAS CITY PUBLIC MARKET,Highland Vegetables,Carrots - 8-10PCS/KG,100.0
2026-02-14,130000000,MARIKINA PUBLIC MARKET,Highland Vegetables,Carrots - 8-10PCS/KG,120.0
2026-02-14,130000000,MUNOZ MARKET,Highland Vegetables,Carrots - 8-10PCS/KG,100.0
2026-02-14,130000000,MUTYA NG PASIG MEGA MARKET,Highland Vegetables,Carrots - 8-10PCS/KG,120.0
2026-02-14,130000000,MEGA Q MART,Highland Vegetables,Carrots - 8-10PCS/KG,80.0
2026-02-14,130000000,PAMILIHANG LUNGSOD NG MUNTINLUPA,Highland Vegetables,Carrots - 8-10PCS/KG,70.0
2026-02-14,130000000,MALABON CENTRAL MARKET,Highland Vegetables,Carrots - 8-10PCS/KG,80.0
2026-02-14,130000000,PRITIL MARKET,Highland Vegetables,Carrots - 8-10PCS/KG,100.0
2026-02-14,130000000,DAGONOY MARKET,Highland Vegetables,Carrots - 8-10PCS/KG,90.0
2026-02-14,130000000,TRABAJO MARKET,Highland Vegetables,Carrots - 8-10PCS/KG,90.0
2026-02-14,130000000,NAVOTAS AGORA MARKET,Highland Vegetables,Carrots - 8-10PCS/KG,100.0
2026-02-14,130000000,CARTIMAR MARKET,Highland Vegetables,Carrots - 8-10PCS/KG,100.0
2026-02-14,130000000,MURPHY MARKET,Highland Vegetables,Carrots - 8-10PCS/KG,120.0
2026-02-14,130000000,NEW MARULAS PUBLIC MARKET,Highland Vegetables,Carrots - 8-10PCS/KG,120.0
2026-02-14,130000000,BALINTAWAK MARKET (CLOVERLEAF),Highland Vegetables,Carrots - 8-10PCS/KG,80.0
2026-02-14,130000000,COMMONWEALTH MARKET,Highland Vegetables,Habichuelas (Baguio Bean) - KG,60.0
2026-02-14,130000000,NEW LAS PINAS CITY PUBLIC MARKET,Highland Vegetables,Habichuelas (Baguio Bean) - KG,80.0
2026-02-14,130000000,MARIKINA PUBLIC MARKET,Highland Vegetables,Habichuelas (Baguio Bean) - KG,100.0
2026-02-14,130000000,MUNOZ MARKET,Highland Vegetables,Habichuelas (Baguio Bean) - KG,80.0
2026-02-14,130000000,MUTYA NG PASIG MEGA MARKET,Highland Vegetables,Habichuelas (Baguio Bean) - KG,100.0
2026-02-14,130000000,MEGA Q MART,Highland Vegetables,Habichuelas (Baguio Bean) - KG,100.0
2026-02-14,130000000,PAMILIHANG LUNGSOD NG MUNTINLUPA,Highland Vegetables,Habichuelas (Baguio Bean) - KG,80.0
2026-02-14,130000000,PRITIL MARKET,Highland Vegetables,Habichuelas (Baguio Bean) - KG,120.0
2026-02-14,130000000,DAGONOY MARKET,Highland Vegetables,Habichuelas (Baguio Bean) - KG,100.0
2026-02-14,130000000,TRABAJO MARKET,Highland Vegetables,Habichuelas (Baguio Bean) - KG,90.0
2026-02-14,130000000,NAVOTAS AGORA MARKET,Highland Vegetables,Habichuelas (Baguio Bean) - KG,120.0
2026-02-14,130000000,CARTIMAR MARKET,Highland Vegetables,Habichuelas (Baguio Bean) - KG,100.0
2026-02-14,130000000,MURPHY MARKET,Highland Vegetables,Habichuelas (Baguio Bean) - KG,120.0
2026-02-14,130000000,NEW MARULAS PUBLIC MARKET,Highland Vegetables,Habichuelas (Baguio Bean) - KG,100.0
2026-02-14,130000000,BALINTAWAK MARKET (CLOVERLEAF),Highland Vegetables,Habichuelas (Baguio Bean) - KG,60.0
2026-02-14,130000000,COMMONWEALTH MARKET,Highland Vegetables,White Potato - 10-12PCS/KG,80.0
2026-02-14,130000000,NEW LAS PINAS CITY PUBLIC MARKET,Highland Vegetables,White Potato - 10-12PCS/KG,115.0
2026-02-14,130000000,MARIKINA PUBLIC MARKET,Highland Vegetables,White Potato - 10-12PCS/KG,140.0
2026-02-14,130000000,MUNOZ MARKET,Highland Vegetables,White Potato - 10-12PCS/KG,100.0
2026-02-14,130000000,MUTYA NG PASIG MEGA MARKET,Highland Vegetables,White Potato - 10-12PCS/KG,120.0
2026-02-14,130000000,MEGA Q MART,Highland Vegetables,White Potato - 10-12PCS/KG,100.0
2026-02-14,130000000,PAMILIHANG LUNGSOD NG MUNTINLUPA,Highland Vegetables,White Potato - 10-12PCS/KG,120.0
2026-02-14,130000000,MALABON CENTRAL MARKET,Highland Vegetables,White Potato - 10-12PCS/KG,120.0
2026-02-14,130000000,PRITIL MARKET,Highland Vegetables,White Potato - 10-12PCS/KG,140.0
2026-02-14,130000000,DAGONOY MARKET,Highland Vegetables,White Potato - 10-12PCS/KG,100.0
2026-02-14,130000000,TRABAJO MARKET,Highland Vegetables,White Potato - 10-12PCS/KG,120.0
2026-02-14,130000000,NAVOTAS AGORA MARKET,Highland Vegetables,White Potato - 10-12PCS/KG,140.0
2026-02-14,130000000,CARTIMAR MARKET,Highland Vegetables,White Potato - 10-12PCS/KG,120.0
2026-02-14,130000000,MURPHY MARKET,Highland Vegetables,White Potato - 10-12PCS/KG,120.0
2026-02-14,130000000,NEW MARULAS PUBLIC MARKET,Highland Vegetables,White Potato - 10-12PCS/KG,120.0
2026-02-14,130000000,BALINTAWAK MARKET (CLOVERLEAF),Highland Vegetables,White Potato - 10-12PCS/KG,80.0
2026-02-14,130000000,COMMONWEALTH MARKET,Highland Vegetables,Pechay (Baguio) - KG,50.0
2026-02-14,130000000,NEW LAS PINAS CITY PUBLIC MARKET,Highland Vegetables,Pechay (Baguio) - KG,100.0
2026-02-14,130000000,MARIKINA PUBLIC MARKET,Highland Vegetables,Pechay (Baguio) - KG,70.0
2026-02-14,130000000,MUNOZ MARKET,Highland Vegetables,Pechay (Baguio) - KG,80.0
2026-02-14,130000000,MUTYA NG PASIG MEGA MARKET,Highland Vegetables,Pechay (Baguio) - KG,80.0
2026-02-14,130000000,MEGA Q MART,Highland Vegetables,Pechay (Baguio) - KG,80.0
2026-02-14,130000000,PAMILIHANG LUNGSOD NG MUNTINLUPA,Highland Vegetables,Pechay (Baguio) - KG,70.0
2026-02-14,130000000,MALABON CENTRAL MARKET,Highland Vegetables,Pechay (Baguio) - KG,70.0
2026-02-14,130000000,PRITIL MARKET,Highland Vegetables,Pechay (Baguio) - KG,100.0
2026-02-14,130000000,DAGONOY MARKET,Highland Vegetables,Pechay (Baguio) - KG,100.0
2026-02-14,130000000,TRABAJO MARKET,Highland Vegetables,Pechay (Baguio) - KG,100.0
2026-02-14,130000000,NAVOTAS AGORA MARKET,Highland Vegetables,Pechay (Baguio) - KG,100.0
2026-02-14,130000000,CARTIMAR MARKET,Highland Vegetables,Pechay (Baguio) - KG,80.0
2026-02-14,130000000,MURPHY MARKET,Highland Vegetables,Pechay (Baguio) - KG,100.0
2026-02-14,130000000,NEW MARULAS PUBLIC MARKET,Highland Vegetables,Pechay (Baguio) - KG,100.0
2026-02-14,130000000,BALINTAWAK MARKET (CLOVERLEAF),Highland Vegetables,Pechay (Baguio) - KG,50.0
2026-02-14,130000000,COMMONWEALTH MARKET,Highland Vegetables,Chayote - KG,35.0
2026-02-14,130000000,NEW LAS PINAS CITY PUBLIC MARKET,Highland Vegetables,Chayote - KG,70.0
2026-02-14,130000000,MARIKINA PUBLIC MARKET,Highland Vegetables,Chayote - KG,60.0
2026-02-14,130000000,MUNOZ MARKET,Highland Vegetables,Chayote - KG,50.0
2026-02-14,130000000,MEGA Q MART,Highland Vegetables,Chayote - KG,50.0
2026-02-14,130000000,PAMILIHANG LUNGSOD NG MUNTINLUPA,Highland Vegetables,Chayote - KG,60.0
2026-02-14,130000000,MALABON CENTRAL MARKET,Highland Vegetables,Chayote - KG,50.0
2026-02-14,130000000,PRITIL MARKET,Highland Vegetables,Chayote - KG,60.0
2026-02-14,130000000,DAGONOY MARKET,Highland Vegetables,Chayote - KG,50.0
2026-02-14,130000000,TRABAJO MARKET,Highland Vegetables,Chayote - KG,60.0
2026-02-14,130000000,NAVOTAS AGORA MARKET,Highland Vegetables,Chayote - KG,60.0
2026-02-14,130000000,CARTIMAR MARKET,Highland Vegetables,Chayote - KG,50.0
2026-02-14,130000000,MURPHY MARKET,Highland Vegetables,Chayote - KG,70.0
2026-02-14,130000000,NEW MARULAS PUBLIC MARKET,Highland Vegetables,Chayote - KG,60.0
2026-02-14,130000000,BALINTAWAK MARKET (CLOVERLEAF),Highland Vegetables,Chayote - KG,35.0
2026-02-14,130000000,MUTYA NG PASIG MEGA MARKET,Highland Vegetables,Broccoli - MEDIUM (8-10CM DIAMETER/BUNCH HD),180.0
2026-02-14,130000000,COMMONWEALTH MARKET,Highland Vegetables,Cauliflower - MEDIUM (8-10CM DIAMETER/BUNCH HD),80.0
2026-02-14,130000000,NEW LAS PINAS CITY PUBLIC MARKET,Highland Vegetables,Cauliflower - MEDIUM (8-10CM DIAMETER/BUNCH HD),150.0
2026-02-14,130000000,MARIKINA PUBLIC MARKET,Highland Vegetables,Cauliflower - MEDIUM (8-10CM DIAMETER/BUNCH HD),100.0
2026-02-14,130000000,MUNOZ MARKET,Highland Vegetables,Cauliflower - MEDIUM (8-10CM DIAMETER/BUNCH HD),100.0
2026-02-14,130000000,MUTYA NG PASIG MEGA MARKET,Highland Vegetables,Cauliflower - MEDIUM (8-10CM DIAMETER/BUNCH HD),120.0
2026-02-14,130000000,MEGA Q MART,Highland Vegetables,Cauliflower - MEDIUM (8-10CM DIAMETER/BUNCH HD),120.0
2026-02-14,130000000,PAMILIHANG LUNGSOD NG MUNTINLUPA,Highland Vegetables,Cauliflower - MEDIUM (8-10CM DIAMETER/BUNCH HD),130.0
2026-02-14,130000000,MALABON CENTRAL MARKET,Highland Vegetables,Cauliflower - MEDIUM (8-10CM DIAMETER/BUNCH HD),120.0
2026-02-14,130000000,PRITIL MARKET,Highland Vegetables,Cauliflower - MEDIUM (8-10CM DIAMETER/BUNCH HD),90.0
2026-02-14,130000000,DAGONOY MARKET,Highland Vegetables,Cauliflower - MEDIUM (8-10CM DIAMETER/BUNCH HD),150.0
2026-02-14,130000000,TRABAJO MARKET,Highland Vegetables,Cauliflower - MEDIUM (8-10CM DIAMETER/BUNCH HD),100.0
2026-02-14,130000000,NAVOTAS AGORA MARKET,Highland Vegetables,Cauliflower - MEDIUM (8-10CM DIAMETER/BUNCH HD),80.0
2026-02-14,130000000,NEW MARULAS PUBLIC MARKET,Highland Vegetables,Cauliflower - MEDIUM (8-10CM DIAMETER/BUNCH HD),120.0
2026-02-14,130000000,BALINTAWAK MARKET (CLOVERLEAF),Highland Vegetables,Cauliflower - MEDIUM (8-10CM DIAMETER/BUNCH HD),70.0
2026-02-14,130000000,COMMONWEALTH MARKET,Highland Vegetables,Bell Pepper (Green) - MEDIUM (151-250GM/PC),300.0
2026-02-14,130000000,NEW LAS PINAS CITY PUBLIC MARKET,Highland Vegetables,Bell Pepper (Green) - MEDIUM (151-250GM/PC),240.0
2026-02-14,130000000,MARIKINA PUBLIC MARKET,Highland Vegetables,Bell Pepper (Green) - MEDIUM (151-250GM/PC),250.0
2026-02-14,130000000,MUNOZ MARKET,Highland Vegetables,Bell Pepper (Green) - MEDIUM (151-250GM/PC),300.0
2026-02-14,130000000,MEGA Q MART,Highland Vegetables,Bell Pepper (Green) - MEDIUM (151-250GM/PC),250.0
2026-02-14,130000000,PAMILIHANG LUNGSOD NG MUNTINLUPA,Highland Vegetables,Bell Pepper (Green) - MEDIUM (151-250GM/PC),300.0
2026-02-14,130000000,CARTIMAR MARKET,Highland Vegetables,Bell Pepper (Green) - MEDIUM (151-250GM/PC),160.0
2026-02-14,130000000,NEW MARULAS PUBLIC MARKET,Highland Vegetables,Bell Pepper (Green) - MEDIUM (151-250GM/PC),300.0
2026-02-14,130000000,BALINTAWAK MARKET (CLOVERLEAF),Highland Vegetables,Bell Pepper (Green) - MEDIUM (151-250GM/PC),150.0
2026-02-14,130000000,COMMONWEALTH MARKET,Highland Vegetables,Bell Pepper (Red) - MEDIUM (151-250GM/PC),280.0
2026-02-14,130000000,NEW LAS PINAS CITY PUBLIC MARKET,Highland Vegetables,Bell Pepper (Red) - MEDIUM (151-250GM/PC),270.0
2026-02-14,130000000,MARIKINA PUBLIC MARKET,Highland Vegetables,Bell Pepper (Red) - MEDIUM (151-250GM/PC),220.0
2026-02-14,130000000,MUNOZ MARKET,Highland Vegetables,Bell Pepper (Red) - MEDIUM (151-250GM/PC),250.0
2026-02-14,130000000,MUTYA NG PASIG MEGA MARKET,Highland Vegetables,Bell Pepper (Red) - MEDIUM (151-250GM/PC),250.0
2026-02-14,130000000,MEGA Q MART,Highland Vegetables,Bell Pepper (Red) - MEDIUM (151-250GM/PC),250.0
2026-02-14,130000000,PAMILIHANG LUNGSOD NG MUNTINLUPA,Highland Vegetables,Bell Pepper (Red) - MEDIUM (151-250GM/PC),250.0
2026-02-14,130000000,MALABON CENTRAL MARKET,Highland Vegetables,Bell Pepper (Red) - MEDIUM (151-250GM/PC),250.0
2026-02-14,130000000,PRITIL MARKET,Highland Vegetables,Bell Pepper (Red) - MEDIUM (151-250GM/PC),250.0
2026-02-14,130000000,DAGONOY MARKET,Highland Vegetables,Bell Pepper (Red) - MEDIUM (151-250GM/PC),300.0
2026-02-14,130000000,TRABAJO MARKET,Highland Vegetables,Bell Pepper (Red) - MEDIUM (151-250GM/PC),200.0
2026-02-14,130000000,NAVOTAS AGORA MARKET,Highland Vegetables,Bell Pepper (Red) - MEDIUM (151-250GM/PC),250.0
2026-02-14,130000000,CARTIMAR MARKET,Highland Vegetables,Bell Pepper (Red) - MEDIUM (151-250GM/PC),200.0
2026-02-14,130000000,MURPHY MARKET,Highland Vegetables,Bell Pepper (Red) - MEDIUM (151-250GM/PC),300.0
2026-02-14,130000000,NEW MARULAS PUBLIC MARKET,Highland Vegetables,Bell Pepper (Red) - MEDIUM (151-250GM/PC),300.0
2026-02-14,130000000,BALINTAWAK MARKET (CLOVERLEAF),Highland Vegetables,Bell Pepper (Red) - MEDIUM (151-250GM/PC),170.0
2026-02-14,130000000,COMMONWEALTH MARKET,Highland Vegetables,Celery - MEDIUM (501-800 G),160.0
2026-02-14,130000000,MARIKINA PUBLIC MARKET,Highland Vegetables,Celery - MEDIUM (501-800 G),120.0
2026-02-14,130000000,MUNOZ MARKET,Highland Vegetables,Celery - MEDIUM (501-800 G),200.0
2026-02-14,130000000,MUTYA NG PASIG MEGA MARKET,Highland Vegetables,Celery - MEDIUM (501-800 G),160.0
2026-02-14,130000000,PAMILIHANG LUNGSOD NG MUNTINLUPA,Highland Vegetables,Celery - MEDIUM (501-800 G),190.0
2026-02-14,130000000,PRITIL MARKET,Highland Vegetables,Celery - MEDIUM (501-800 G),200.0
2026-02-14,130000000,BALINTAWAK MARKET (CLOVERLEAF),Highland Vegetables,Celery - MEDIUM (501-800 G),100.0
2026-02-14,130000000,COMMONWEALTH MARKET,Highland Vegetables,Cabbage (Rare Ball) - 510GM-1KG/HEAD,50.0
2026-02-14,130000000,NEW LAS PINAS CITY PUBLIC MARKET,Highland Vegetables,Cabbage (Rare Ball) - 510GM-1KG/HEAD,90.0
2026-02-14,130000000,MARIKINA PUBLIC MARKET,Highland Vegetables,Cabbage (Rare Ball) - 510GM-1KG/HEAD,100.0
2026-02-14,130000000,MUTYA NG PASIG MEGA MARKET,Highland Vegetables,Cabbage (Rare Ball) - 510GM-1KG/HEAD,80.0
2026-02-14,130000000,PAMILIHANG LUNGSOD NG MUNTINLUPA,Highland Vegetables,Cabbage (Rare Ball) - 510GM-1KG/HEAD,80.0
2026-02-14,130000000,DAGONOY MARKET,Highland Vegetables,Cabbage (Rare Ball) - 510GM-1KG/HEAD,80.0
2026-02-14,130000000,MEGA Q MART,Highland Vegetables,Cabbage (Wonder Ball) - 510GM-1KG/HEAD,80.0
2026-02-14,130000000,MALABON CENTRAL MARKET,Highland Vegetables,Cabbage (Wonder Ball) - 510GM-1KG/HEAD,80.0
2026-02-14,130000000,PRITIL MARKET,Highland Vegetables,Cabbage (Wonder Ball) - 510GM-1KG/HEAD,90.0
2026-02-14,130000000,NAVOTAS AGORA MARKET,Highland Vegetables,Cabbage (Wonder Ball) - 510GM-1KG/HEAD,90.0
2026-02-14,130000000,CARTIMAR MARKET,Highland Vegetables,Cabbage (Wonder Ball) - 510GM-1KG/HEAD,60.0
2026-02-14,130000000,MURPHY MARKET,Highland Vegetables,Cabbage (Wonder Ball) - 510GM-1KG/HEAD,90.0
2026-02-14,130000000,COMMONWEALTH MARKET,Highland Vegetables,Lettuce (Green Ice),150.0
2026-02-14,130000000,NEW LAS PINAS CITY PUBLIC MARKET,Highland Vegetables,Lettuce (Green Ice),220.0
2026-02-14,130000000,MARIKINA PUBLIC MARKET,Highland Vegetables,Lettuce (Green Ice),200.0
2026-02-14,130000000,MUNOZ MARKET,Highland Vegetables,Lettuce (Green Ice),200.0
2026-02-14,130000000,MUTYA NG PASIG MEGA MARKET,Highland Vegetables,Lettuce (Green Ice),200.0
2026-02-14,130000000,PAMILIHANG LUNGSOD NG MUNTINLUPA,Highland Vegetables,Lettuce (Green Ice),200.0
2026-02-14,130000000,MALABON CENTRAL MARKET,Highland Vegetables,Lettuce (Green Ice),200.0
2026-02-14,130000000,PRITIL MARKET,Highland Vegetables,Lettuce (Green Ice),250.0
2026-02-14,130000000,DAGONOY MARKET,Highland Vegetables,Lettuce (Green Ice),200.0
2026-02-14,130000000,NAVOTAS AGORA MARKET,Highland Vegetables,Lettuce (Green Ice),250.0
2026-02-14,130000000,CARTIMAR MARKET,Highland Vegetables,Lettuce (Green Ice),120.0
2026-02-14,130000000,NEW MARULAS PUBLIC MARKET,Highland Vegetables,Lettuce (Green Ice),300.0
2026-02-14,130000000,BALINTAWAK MARKET (CLOVERLEAF),Highland Vegetables,Lettuce (Green Ice),100.0
2026-02-14,130000000,BALINTAWAK MARKET (CLOVERLEAF),Highland Vegetables,Lettuce (Iceberg) - MEDIUM(301-450CM DIAMETER/BUNCH HD),200.0
2026-02-14,130000000,NEW LAS PINAS CITY PUBLIC MARKET,Highland Vegetables,Lettuce (Romaine),240.0
2026-02-14,130000000,MARIKINA PUBLIC MARKET,Highland Vegetables,Lettuce (Romaine),250.0
2026-02-14,130000000,MUTYA NG PASIG MEGA MARKET,Highland Vegetables,Lettuce (Romaine),250.0
2026-02-14,130000000,CARTIMAR MARKET,Highland Vegetables,Lettuce (Romaine),150.0
2026-02-14,130000000,BALINTAWAK MARKET (CLOVERLEAF),Highland Vegetables,Lettuce (Romaine),150.0
2026-02-14,130000000,COMMONWEALTH MARKET,Lowland Vegetables,Ampalaya - 4-5 PCS/KG,150.0
2026-02-14,130000000,NEW LAS PINAS CITY PUBLIC MARKET,Lowland Vegetables,Ampalaya - 4-5 PCS/KG,130.0
2026-02-14,130000000,MARIKINA PUBLIC MARKET,Lowland Vegetables,Ampalaya - 4-5 PCS/KG,160.0
2026-02-14,130000000,MUNOZ MARKET,Lowland Vegetables,Ampalaya - 4-5 PCS/KG,150.0
2026-02-14,130000000,MUTYA NG PASIG MEGA MARKET,Lowland Vegetables,Ampalaya - 4-5 PCS/KG,180.0
2026-02-14,130000000,MEGA Q MART,Lowland Vegetables,Ampalaya - 4-5 PCS/KG,140.0
2026-02-14,130000000,PAMILIHANG LUNGSOD NG MUNTINLUPA,Lowland Vegetables,Ampalaya - 4-5 PCS/KG,140.0
2026-02-14,130000000,MALABON CENTRAL MARKET,Lowland Vegetables,Ampalaya - 4-5 PCS/KG,170.0
2026-02-14,130000000,PRITIL MARKET,Lowland Vegetables,Ampalaya - 4-5 PCS/KG,160.0
2026-02-14,130000000,DAGONOY MARKET,Lowland Vegetables,Ampalaya - 4-5 PCS/KG,150.0
2026-02-14,130000000,TRABAJO MARKET,Lowland Vegetables,Ampalaya - 4-5 PCS/KG,160.0
2026-02-14,130000000,NAVOTAS AGORA MARKET,Lowland Vegetables,Ampalaya - 4-5 PCS/KG,150.0
2026-02-14,130000000,CARTIMAR MARKET,Lowland Vegetables,Ampalaya - 4-5 PCS/KG,160.0
2026-02-14,130000000,MURPHY MARKET,Lowland Vegetables,Ampalaya - 4-5 PCS/KG,160.0
2026-02-14,130000000,NEW MARULAS PUBLIC MARKET,Lowland Vegetables,Ampalaya - 4-5 PCS/KG,180.0
2026-02-14,130000000,BALINTAWAK MARKET (CLOVERLEAF),Lowland Vegetables,Ampalaya - 4-5 PCS/KG,120.0
2026-02-14,130000000,COMMONWEALTH MARKET,Lowland Vegetables,Squash - SUPREMA VARIETY,50.0
2026-02-14,130000000,NEW LAS PINAS CITY PUBLIC MARKET,Lowland Vegetables,Squash - SUPREMA VARIETY,70.0
2026-02-14,130000000,MARIKINA PUBLIC MARKET,Lowland Vegetables,Squash - SUPREMA VARIETY,60.0
2026-02-14,130000000,MUNOZ MARKET,Lowland Vegetables,Squash - SUPREMA VARIETY,50.0
2026-02-14,130000000,MUTYA NG PASIG MEGA MARKET,Lowland Vegetables,Squash - SUPREMA VARIETY,80.0
2026-02-14,130000000,MEGA Q MART,Lowland Vegetables,Squash - SUPREMA VARIETY,60.0
2026-02-14,130000000,PAMILIHANG LUNGSOD NG MUNTINLUPA,Lowland Vegetables,Squash - SUPREMA VARIETY,60.0
2026-02-14,130000000,MALABON CENTRAL MARKET,Lowland Vegetables,Squash - SUPREMA VARIETY,50.0
2026-02-14,130000000,PRITIL MARKET,Lowland Vegetables,Squash - SUPREMA VARIETY,60.0
2026-02-14,130000000,DAGONOY MARKET,Lowland Vegetables,Squash - SUPREMA VARIETY,50.0
2026-02-14,130000000,TRABAJO MARKET,Lowland Vegetables,Squash - SUPREMA VARIETY,50.0
2026-02-14,130000000,NAVOTAS AGORA MARKET,Lowland Vegetables,Squash - SUPREMA VARIETY,60.0
2026-02-14,130000000,CARTIMAR MARKET,Lowland Vegetables,Squash - SUPREMA VARIETY,60.0
2026-02-14,130000000,MURPHY MARKET,Lowland Vegetables,Squash - SUPREMA VARIETY,70.0
2026-02-14,130000000,NEW MARULAS PUBLIC MARKET,Lowland Vegetables,Squash - SUPREMA VARIETY,70.0
2026-02-14,130000000,BALINTAWAK MARKET (CLOVERLEAF),Lowland Vegetables,Squash - SUPREMA VARIETY,40.0
2026-02-14,130000000,COMMONWEALTH MARKET,Lowland Vegetables,Pechay (Native) - 3-4 SMALL BUNDLES/KG,50.0
2026-02-14,130000000,NEW LAS PINAS CITY PUBLIC MARKET,Lowland Vegetables,Pechay (Native) - 3-4 SMALL BUNDLES/KG,90.0
2026-02-14,130000000,MARIKINA PUBLIC MARKET,Lowland Vegetables,Pechay (Native) - 3-4 SMALL BUNDLES/KG,60.0
2026-02-14,130000000,MUNOZ MARKET,Lowland Vegetables,Pechay (Native) - 3-4 SMALL BUNDLES/KG,80.0
2026-02-14,130000000,MUTYA NG PASIG MEGA MARKET,Lowland Vegetables,Pechay (Native) - 3-4 SMALL BUNDLES/KG,60.0
2026-02-14,130000000,MEGA Q MART,Lowland Vegetables,Pechay (Native) - 3-4 SMALL BUNDLES/KG,80.0
2026-02-14,130000000,PAMILIHANG LUNGSOD NG MUNTINLUPA,Lowland Vegetables,Pechay (Native) - 3-4 SMALL BUNDLES/KG,70.0
2026-02-14,130000000,MALABON CENTRAL MARKET,Lowland Vegetables,Pechay (Native) - 3-4 SMALL BUNDLES/KG,80.0
2026-02-14,130000000,PRITIL MARKET,Lowland Vegetables,Pechay (Native) - 3-4 SMALL BUNDLES/KG,80.0
2026-02-14,130000000,DAGONOY MARKET,Lowland Vegetables,Pechay (Native) - 3-4 SMALL BUNDLES/KG,70.0
2026-02-14,130000000,TRABAJO MARKET,Lowland Vegetables,Pechay (Native) - 3-4 SMALL BUNDLES/KG,80.0
2026-02-14,130000000,NAVOTAS AGORA MARKET,Lowland Vegetables,Pechay (Native) - 3-4 SMALL BUNDLES/KG,70.0
2026-02-14,130000000,CARTIMAR MARKET,Lowland Vegetables,Pechay (Native) - 3-4 SMALL BUNDLES/KG,90.0
2026-02-14,130000000,MURPHY MARKET,Lowland Vegetables,Pechay (Native) - 3-4 SMALL BUNDLES/KG,100.0
2026-02-14,130000000,NEW MARULAS PUBLIC MARKET,Lowland Vegetables,Pechay (Native) - 3-4 SMALL BUNDLES/KG,70.0
2026-02-14,130000000,BALINTAWAK MARKET (CLOVERLEAF),Lowland Vegetables,Pechay (Native) - 3-4 SMALL BUNDLES/KG,50.0
2026-02-14,130000000,COMMONWEALTH MARKET,Lowland Vegetables,Sitao - 3-4 SMALL BUNDLES/KG,140.0
2026-02-14,130000000,NEW LAS PINAS CITY PUBLIC MARKET,Lowland Vegetables,Sitao - 3-4 SMALL BUNDLES/KG,140.0
2026-02-14,130000000,MARIKINA PUBLIC MARKET,Lowland Vegetables,Sitao - 3-4 SMALL BUNDLES/KG,150.0
2026-02-14,130000000,MUNOZ MARKET,Lowland Vegetables,Sitao - 3-4 SMALL BUNDLES/KG,100.0
2026-02-14,130000000,MUTYA NG PASIG MEGA MARKET,Lowland Vegetables,Sitao - 3-4 SMALL BUNDLES/KG,140.0
2026-02-14,130000000,MEGA Q MART,Lowland Vegetables,Sitao - 3-4 SMALL BUNDLES/KG,140.0
2026-02-14,130000000,PAMILIHANG LUNGSOD NG MUNTINLUPA,Lowland Vegetables,Sitao - 3-4 SMALL BUNDLES/KG,130.0
2026-02-14,130000000,MALABON CENTRAL MARKET,Lowland Vegetables,Sitao - 3-4 SMALL BUNDLES/KG,150.0
2026-02-14,130000000,PRITIL MARKET,Lowland Vegetables,Sitao - 3-4 SMALL BUNDLES/KG,120.0
2026-02-14,130000000,DAGONOY MARKET,Lowland Vegetables,Sitao - 3-4 SMALL BUNDLES/KG,150.0
2026-02-14,130000000,TRABAJO MARKET,Lowland Vegetables,Sitao - 3-4 SMALL BUNDLES/KG,120.0
2026-02-14,130000000,NAVOTAS AGORA MARKET,Lowland Vegetables,Sitao - 3-4 SMALL BUNDLES/KG,120.0
2026-02-14,130000000,CARTIMAR MARKET,Lowland Vegetables,Sitao - 3-4 SMALL BUNDLES/KG,150.0
2026-02-14,130000000,MURPHY MARKET,Lowland Vegetables,Sitao - 3-4 SMALL BUNDLES/KG,140.0
2026-02-14,130000000,NEW MARULAS PUBLIC MARKET,Lowland Vegetables,Sitao - 3-4 SMALL BUNDLES/KG,150.0
2026-02-14,130000000,BALINTAWAK MARKET (CLOVERLEAF),Lowland Vegetables,Sitao - 3-4 SMALL BUNDLES/KG,90.0
2026-02-14,130000000,COMMONWEALTH MARKET,Lowland Vegetables,Eggplant - 3-4 SMALL BUNDLES/KG,90.0
2026-02-14,130000000,NEW LAS PINAS CITY PUBLIC MARKET,Lowland Vegetables,Eggplant - 3-4 SMALL BUNDLES/KG,100.0
2026-02-14,130000000,MARIKINA PUBLIC MARKET,Lowland Vegetables,Eggplant - 3-4 SMALL BUNDLES/KG,80.0
2026-02-14,130000000,MUNOZ MARKET,Lowland Vegetables,Eggplant - 3-4 SMALL BUNDLES/KG,60.0
2026-02-14,130000000,MUTYA NG PASIG MEGA MARKET,Lowland Vegetables,Eggplant - 3-4 SMALL BUNDLES/KG,80.0
2026-02-14,130000000,MEGA Q MART,Lowland Vegetables,Eggplant - 3-4 SMALL BUNDLES/KG,80.0
2026-02-14,130000000,PAMILIHANG LUNGSOD NG MUNTINLUPA,Lowland Vegetables,Eggplant - 3-4 SMALL BUNDLES/KG,80.0
2026-02-14,130000000,MALABON CENTRAL MARKET,Lowland Vegetables,Eggplant - 3-4 SMALL BUNDLES/KG,80.0
2026-02-14,130000000,PRITIL MARKET,Lowland Vegetables,Eggplant - 3-4 SMALL BUNDLES/KG,90.0
2026-02-14,130000000,DAGONOY MARKET,Lowland Vegetables,Eggplant - 3-4 SMALL BUNDLES/KG,100.0
2026-02-14,130000000,TRABAJO MARKET,Lowland Vegetables,Eggplant - 3-4 SMALL BUNDLES/KG,80.0
2026-02-14,130000000,NAVOTAS AGORA MARKET,Lowland Vegetables,Eggplant - 3-4 SMALL BUNDLES/KG,100.0
2026-02-14,130000000,CARTIMAR MARKET,Lowland Vegetables,Eggplant - 3-4 SMALL BUNDLES/KG,120.0
2026-02-14,130000000,MURPHY MARKET,Lowland Vegetables,Eggplant - 3-4 SMALL BUNDLES/KG,80.0
2026-02-14,130000000,NEW MARULAS PUBLIC MARKET,Lowland Vegetables,Eggplant - 3-4 SMALL BUNDLES/KG,100.0
2026-02-14,130000000,BALINTAWAK MARKET (CLOVERLEAF),Lowland Vegetables,Eggplant - 3-4 SMALL BUNDLES/KG,60.0
2026-02-14,130000000,COMMONWEALTH MARKET,Lowland Vegetables,Tomato - 15-18 PCS/KG,30.0
2026-02-14,130000000,NEW LAS PINAS CITY PUBLIC MARKET,Lowland Vegetables,Tomato - 15-18 PCS/KG,55.0
2026-02-14,130000000,MARIKINA PUBLIC MARKET,Lowland Vegetables,Tomato - 15-18 PCS/KG,60.0
2026-02-14,130000000,MUNOZ MARKET,Lowland Vegetables,Tomato - 15-18 PCS/KG,50.0
2026-02-14,130000000,MUTYA NG PASIG MEGA MARKET,Lowland Vegetables,Tomato - 15-18 PCS/KG,60.0
2026-02-14,130000000,MEGA Q MART,Lowland Vegetables,Tomato - 15-18 PCS/KG,60.0
2026-02-14,130000000,PAMILIHANG LUNGSOD NG MUNTINLUPA,Lowland Vegetables,Tomato - 15-18 PCS/KG,50.0
2026-02-14,130000000,MALABON CENTRAL MARKET,Lowland Vegetables,Tomato - 15-18 PCS/KG,60.0
2026-02-14,130000000,PRITIL MARKET,Lowland Vegetables,Tomato - 15-18 PCS/KG,70.0
2026-02-14,130000000,DAGONOY MARKET,Lowland Vegetables,Tomato - 15-18 PCS/KG,80.0
2026-02-14,130000000,TRABAJO MARKET,Lowland Vegetables,Tomato - 15-18 PCS/KG,80.0
2026-02-14,130000000,NAVOTAS AGORA MARKET,Lowland Vegetables,Tomato - 15-18 PCS/KG,70.0
2026-02-14,130000000,CARTIMAR MARKET,Lowland Vegetables,Tomato - 15-18 PCS/KG,90.0
2026-02-14,130000000,MURPHY MARKET,Lowland Vegetables,Tomato - 15-18 PCS/KG,80.0
2026-02-14,130000000,NEW MARULAS PUBLIC MARKET,Lowland Vegetables,Tomato - 15-18 PCS/KG,80.0
2026-02-14,130000000,BALINTAWAK MARKET (CLOVERLEAF),Lowland Vegetables,Tomato - 15-18 PCS/KG,50.0
2026-02-14,130000000,COMMONWEALTH MARKET,Meat and Poultry,Beef Brisket - MEAT WITH BONES,360.0
2026-02-14,130000000,MARIKINA PUBLIC MARKET,Meat and Poultry,Beef Brisket - MEAT WITH BONES,390.0
2026-02-14,130000000,MUNOZ MARKET,Meat and Poultry,Beef Brisket - MEAT WITH BONES,420.0
2026-02-14,130000000,MUTYA NG PASIG MEGA MARKET,Meat and Poultry,Beef Brisket - MEAT WITH BONES,480.0
2026-02-14,130000000,MALABON CENTRAL MARKET,Meat and Poultry,Beef Brisket - MEAT WITH BONES,380.0
2026-02-14,130000000,DAGONOY MARKET,Meat and Poultry,Beef Brisket - MEAT WITH BONES,450.0
2026-02-14,130000000,TRABAJO MARKET,Meat and Poultry,Beef Brisket - MEAT WITH BONES,460.0
2026-02-14,130000000,CARTIMAR MARKET,Meat and Poultry,Beef Brisket - MEAT WITH BONES,440.0
2026-02-14,130000000,MURPHY MARKET,Meat and Poultry,Beef Brisket - MEAT WITH BONES,420.0
2026-02-14,130000000,COMMONWEALTH MARKET,Meat and Poultry,Beef Rump - LEAN MEAT / TAPADERA,420.0
2026-02-14,130000000,MARIKINA PUBLIC MARKET,Meat and Poultry,Beef Rump - LEAN MEAT / TAPADERA,450.0
2026-02-14,130000000,MUNOZ MARKET,Meat and Poultry,Beef Rump - LEAN MEAT / TAPADERA,520.0
2026-02-14,130000000,MUTYA NG PASIG MEGA MARKET,Meat and Poultry,Beef Rump - LEAN MEAT / TAPADERA,480.0
2026-02-14,130000000,MALABON CENTRAL MARKET,Meat and Poultry,Beef Rump - LEAN MEAT / TAPADERA,480.0
2026-02-14,130000000,TRABAJO MARKET,Meat and Poultry,Beef Rump - LEAN MEAT / TAPADERA,520.0
2026-02-14,130000000,MURPHY MARKET,Meat and Poultry,Beef Rump - LEAN MEAT / TAPADERA,500.0
2026-02-14,130000000,NEW MARULAS PUBLIC MARKET,Meat and Poultry,Beef Rump - LEAN MEAT / TAPADERA,510.0
2026-02-14,130000000,COMMONWEALTH MARKET,Meat and Poultry,"Chicken Egg (White, Medium) - 56-60 grams/pc",7.33
2026-02-14,130000000,NEW LAS PINAS CITY PUBLIC MARKET,Meat and Poultry,"Chicken Egg (White, Medium) - 56-60 grams/pc",8.5
2026-02-14,130000000,MUNOZ MARKET,Meat and Poultry,"Chicken Egg (White, Medium) - 56-60 grams/pc",8.0
2026-02-14,130000000,MUTYA NG PASIG MEGA MARKET,Meat and Poultry,"Chicken Egg (White, Medium) - 56-60 grams/pc",8.0
2026-02-14,130000000,MEGA Q MART,Meat and Poultry,"Chicken Egg (White, Medium) - 56-60 grams/pc",8.5
2026-02-14,130000000,PAMILIHANG LUNGSOD NG MUNTINLUPA,Meat and Poultry,"Chicken Egg (White, Medium) - 56-60 grams/pc",8.2
2026-02-14,130000000,PRITIL MARKET,Meat and Poultry,"Chicken Egg (White, Medium) - 56-60 grams/pc",8.5
2026-02-14,130000000,DAGONOY MARKET,Meat and Poultry,"Chicken Egg (White, Medium) - 56-60 grams/pc",8.0
2026-02-14,130000000,TRABAJO MARKET,Meat and Poultry,"Chicken Egg (White, Medium) - 56-60 grams/pc",8.0
2026-02-14,130000000,NAVOTAS AGORA MARKET,Meat and Poultry,"Chicken Egg (White, Medium) - 56-60 grams/pc",8.0
2026-02-14,130000000,CARTIMAR MARKET,Meat and Poultry,"Chicken Egg (White, Medium) - 56-60 grams/pc",8.3
2026-02-14,130000000,MURPHY MARKET,Meat and Poultry,"Chicken Egg (White, Medium) - 56-60 grams/pc",8.0
2026-02-14,130000000,NEW MARULAS PUBLIC MARKET,Meat and Poultry,"Chicken Egg (White, Medium) - 56-60 grams/pc",8.4
2026-02-14,130000000,BALINTAWAK MARKET (CLOVERLEAF),Meat and Poultry,"Chicken Egg (White, Medium) - 56-60 grams/pc",8.0
2026-02-14,130000000,COMMONWEALTH MARKET,Meat and Poultry,Pork Ham (Kasim),260.0
2026-02-14,130000000,NEW LAS PINAS CITY PUBLIC MARKET,Meat and Poultry,Pork Ham (Kasim),305.0
2026-02-14,130000000,MARIKINA PUBLIC MARKET,Meat and Poultry,Pork Ham (Kasim),320.0
2026-02-14,130000000,MUNOZ MARKET,Meat and Poultry,Pork Ham (Kasim),340.0
2026-02-14,130000000,MUTYA NG PASIG MEGA MARKET,Meat and Poultry,Pork Ham (Kasim),350.0
2026-02-14,130000000,MEGA Q MART,Meat and Poultry,Pork Ham (Kasim),330.0
2026-02-14,130000000,PAMILIHANG LUNGSOD NG MUNTINLUPA,Meat and Poultry,Pork Ham (Kasim),330.0
2026-02-14,130000000,MALABON CENTRAL MARKET,Meat and Poultry,Pork Ham (Kasim),320.0
2026-02-14,130000000,PRITIL MARKET,Meat and Poultry,Pork Ham (Kasim),340.0
2026-02-14,130000000,DAGONOY MARKET,Meat and Poultry,Pork Ham (Kasim),320.0
2026-02-14,130000000,TRABAJO MARKET,Meat and Poultry,Pork Ham (Kasim),360.0
2026-02-14,130000000,NAVOTAS AGORA MARKET,Meat and Poultry,Pork Ham (Kasim),330.0
2026-02-14,130000000,CARTIMAR MARKET,Meat and Poultry,Pork Ham (Kasim),350.0
2026-02-14,130000000,MURPHY MARKET,Meat and Poultry,Pork Ham (Kasim),320.0
2026-02-14,130000000,NEW MARULAS PUBLIC MARKET,Meat and Poultry,Pork Ham (Kasim),340.0
2026-02-14,130000000,BALINTAWAK MARKET (CLOVERLEAF),Meat and Poultry,Pork Ham (Kasim),280.0
2026-02-14,130000000,COMMONWEALTH MARKET,Meat and Poultry,Pork Belly (Liempo),300.0
2026-02-14,130000000,NEW LAS PINAS CITY PUBLIC MARKET,Meat and Poultry,Pork Belly (Liempo),350.0
2026-02-14,130000000,MARIKINA PUBLIC MARKET,Meat and Poultry,Pork Belly (Liempo),370.0
2026-02-14,130000000,MUNOZ MARKET,Meat and Poultry,Pork Belly (Liempo),380.0
2026-02-14,130000000,MUTYA NG PASIG MEGA MARKET,Meat and Poultry,Pork Belly (Liempo),400.0
2026-02-14,130000000,MEGA Q MART,Meat and Poultry,Pork Belly (Liempo),400.0
2026-02-14,130000000,PAMILIHANG LUNGSOD NG MUNTINLUPA,Meat and Poultry,Pork Belly (Liempo),350.0
2026-02-14,130000000,MALABON CENTRAL MARKET,Meat and Poultry,Pork Belly (Liempo),420.0
2026-02-14,130000000,PRITIL MARKET,Meat and Poultry,Pork Belly (Liempo),400.0
2026-02-14,130000000,DAGONOY MARKET,Meat and Poultry,Pork Belly (Liempo),360.0
2026-02-14,130000000,TRABAJO MARKET,Meat and Poultry,Pork Belly (Liempo),430.0
2026-02-14,130000000,NAVOTAS AGORA MARKET,Meat and Poultry,Pork Belly (Liempo),360.0
2026-02-14,130000000,CARTIMAR MARKET,Meat and Poultry,Pork Belly (Liempo),410.0
2026-02-14,130000000,MURPHY MARKET,Meat and Poultry,Pork Belly (Liempo),370.0
2026-02-14,130000000,NEW MARULAS PUBLIC MARKET,Meat and Poultry,Pork Belly (Liempo),400.0
2026-02-14,130000000,BALINTAWAK MARKET (CLOVERLEAF),Meat and Poultry,Pork Belly (Liempo),330.0
2026-02-14,130000000,COMMONWEALTH MARKET,Meat and Poultry,Whole Chicken - FULLY DRESSED,160.0
2026-02-14,130000000,NEW LAS PINAS CITY PUBLIC MARKET,Meat and Poultry,Whole Chicken - FULLY DRESSED,180.0
2026-02-14,130000000,MARIKINA PUBLIC MARKET,Meat and Poultry,Whole Chicken - FULLY DRESSED,220.0
2026-02-14,130000000,MUNOZ MARKET,Meat and Poultry,Whole Chicken - FULLY DRESSED,240.0
2026-02-14,130000000,MUTYA NG PASIG MEGA MARKET,Meat and Poultry,Whole Chicken - FULLY DRESSED,200.0
2026-02-14,130000000,MEGA Q MART,Meat and Poultry,Whole Chicken - FULLY DRESSED,190.0
2026-02-14,130000000,PAMILIHANG LUNGSOD NG MUNTINLUPA,Meat and Poultry,Whole Chicken - FULLY DRESSED,185.0
2026-02-14,130000000,MALABON CENTRAL MARKET,Meat and Poultry,Whole Chicken - FULLY DRESSED,180.0
2026-02-14,130000000,PRITIL MARKET,Meat and Poultry,Whole Chicken - FULLY DRESSED,200.0
2026-02-14,130000000,DAGONOY MARKET,Meat and Poultry,Whole Chicken - FULLY DRESSED,220.0
2026-02-14,130000000,TRABAJO MARKET,Meat and Poultry,Whole Chicken - FULLY DRESSED,230.0
2026-02-14,130000000,NAVOTAS AGORA MARKET,Meat and Poultry,Whole Chicken - FULLY DRESSED,220.0
2026-02-14,130000000,CARTIMAR MARKET,Meat and Poultry,Whole Chicken - FULLY DRESSED,210.0
2026-02-14,130000000,MURPHY MARKET,Meat and Poultry,Whole Chicken - FULLY DRESSED,200.0
2026-02-14,130000000,NEW MARULAS PUBLIC MARKET,Meat and Poultry,Whole Chicken - FULLY DRESSED,240.0
2026-02-14,130000000,BALINTAWAK MARKET (CLOVERLEAF),Meat and Poultry,Whole Chicken - FULLY DRESSED,160.0
2026-02-14,130000000,COMMONWEALTH MARKET,Meat and Poultry,Frozen Kasim - KASIM,240.0
2026-02-14,130000000,MARIKINA PUBLIC MARKET,Meat and Poultry,Frozen Kasim - KASIM,240.0
2026-02-14,130000000,MUTYA NG PASIG MEGA MARKET,Meat and Poultry,Frozen Kasim - KASIM,250.0
2026-02-14,130000000,MEGA Q MART,Meat and Poultry,Frozen Kasim - KASIM,260.0
2026-02-14,130000000,MALABON CENTRAL MARKET,Meat and Poultry,Frozen Kasim - KASIM,240.0
2026-02-14,130000000,COMMONWEALTH MARKET,Meat and Poultry,Frozen Liempo - LIEMPO,300.0
2026-02-14,130000000,MARIKINA PUBLIC MARKET,Meat and Poultry,Frozen Liempo - LIEMPO,290.0
2026-02-14,130000000,MUTYA NG PASIG MEGA MARKET,Meat and Poultry,Frozen Liempo - LIEMPO,320.0
2026-02-14,130000000,MEGA Q MART,Meat and Poultry,Frozen Liempo - LIEMPO,340.0
2026-02-14,130000000,MALABON CENTRAL MARKET,Meat and Poultry,Frozen Liempo - LIEMPO,300.0
2026-02-14,130000000,MUTYA NG PASIG MEGA MARKET,Meat and Poultry,"Chicken Egg (White, Pewee) - 41-45 grams/pc",6.5
2026-02-14,130000000,DAGONOY MARKET,Meat and Poultry,"Chicken Egg (White, Pewee) - 41-45 grams/pc",6.0
2026-02-14,130000000,COMMONWEALTH MARKET,Meat and Poultry,"Chicken Egg (White, Extra Small) - 46-50 grams/pc",7.33
2026-02-14,130000000,MUTYA NG PASIG MEGA MARKET,Meat and Poultry,"Chicken Egg (White, Extra Small) - 46-50 grams/pc",7.0
2026-02-14,130000000,PAMILIHANG LUNGSOD NG MUNTINLUPA,Meat and Poultry,"Chicken Egg (White, Extra Small) - 46-50 grams/pc",7.3
2026-02-14,130000000,PRITIL MARKET,Meat and Poultry,"Chicken Egg (White, Extra Small) - 46-50 grams/pc",7.3
2026-02-14,130000000,NAVOTAS AGORA MARKET,Meat and Poultry,"Chicken Egg (White, Extra Small) - 46-50 grams/pc",7.0
2026-02-14,130000000,COMMONWEALTH MARKET,Meat and Poultry,"Chicken Egg (White, Small) - 51-55 grams/pc",6.67
2026-02-14,130000000,NEW LAS PINAS CITY PUBLIC MARKET,Meat and Poultry,"Chicken Egg (White, Small) - 51-55 grams/pc",8.0
2026-02-14,130000000,MUNOZ MARKET,Meat and Poultry,"Chicken Egg (White, Small) - 51-55 grams/pc",7.0
2026-02-14,130000000,MUTYA NG PASIG MEGA MARKET,Meat and Poultry,"Chicken Egg (White, Small) - 51-55 grams/pc",7.5
2026-02-14,130000000,MEGA Q MART,Meat and Poultry,"Chicken Egg (White, Small) - 51-55 grams/pc",8.0
2026-02-14,130000000,PAMILIHANG LUNGSOD NG MUNTINLUPA,Meat and Poultry,"Chicken Egg (White, Small) - 51-55 grams/pc",8.0
2026-02-14,130000000,MALABON CENTRAL MARKET,Meat and Poultry,"Chicken Egg (White, Small) - 51-55 grams/pc",7.0
2026-02-14,130000000,PRITIL MARKET,Meat and Poultry,"Chicken Egg (White, Small) - 51-55 grams/pc",8.0
2026-02-14,130000000,DAGONOY MARKET,Meat and Poultry,"Chicken Egg (White, Small) - 51-55 grams/pc",8.0
2026-02-14,130000000,TRABAJO MARKET,Meat and Poultry,"Chicken Egg (White, Small) - 51-55 grams/pc",7.0
2026-02-14,130000000,NAVOTAS AGORA MARKET,Meat and Poultry,"Chicken Egg (White, Small) - 51-55 grams/pc",7.5
2026-02-14,130000000,CARTIMAR MARKET,Meat and Poultry,"Chicken Egg (White, Small) - 51-55 grams/pc",8.0
2026-02-14,130000000,MURPHY MARKET,Meat and Poultry,"Chicken Egg (White, Small) - 51-55 grams/pc",7.0
2026-02-14,130000000,NEW MARULAS PUBLIC MARKET,Meat and Poultry,"Chicken Egg (White, Small) - 51-55 grams/pc",8.0
2026-02-14,130000000,COMMONWEALTH MARKET,Meat and Poultry,"Chicken Egg (White, Large) - 61-65 grams/pc",7.67
2026-02-14,130000000,NEW LAS PINAS CITY PUBLIC MARKET,Meat and Poultry,"Chicken Egg (White, Large) - 61-65 grams/pc",9.0
2026-02-14,130000000,MUTYA NG PASIG MEGA MARKET,Meat and Poultry,"Chicken Egg (White, Large) - 61-65 grams/pc",8.5
2026-02-14,130000000,MEGA Q MART,Meat and Poultry,"Chicken Egg (White, Large) - 61-65 grams/pc",9.0
2026-02-14,130000000,PAMILIHANG LUNGSOD NG MUNTINLUPA,Meat and Poultry,"Chicken Egg (White, Large) - 61-65 grams/pc",8.7
2026-02-14,130000000,MALABON CENTRAL MARKET,Meat and Poultry,"Chicken Egg (White, Large) - 61-65 grams/pc",8.33
2026-02-14,130000000,PRITIL MARKET,Meat and Poultry,"Chicken Egg (White, Large) - 61-65 grams/pc",9.0
2026-02-14,130000000,TRABAJO MARKET,Meat and Poultry,"Chicken Egg (White, Large) - 61-65 grams/pc",8.5
2026-02-14,130000000,NAVOTAS AGORA MARKET,Meat and Poultry,"Chicken Egg (White, Large) - 61-65 grams/pc",8.0
2026-02-14,130000000,CARTIMAR MARKET,Meat and Poultry,"Chicken Egg (White, Large) - 61-65 grams/pc",8.75
2026-02-14,130000000,MURPHY MARKET,Meat and Poultry,"Chicken Egg (White, Large) - 61-65 grams/pc",8.5
2026-02-14,130000000,NEW MARULAS PUBLIC MARKET,Meat and Poultry,"Chicken Egg (White, Large) - 61-65 grams/pc",9.0
2026-02-14,130000000,COMMONWEALTH MARKET,Meat and Poultry,"Chicken Egg (White, Extra Large) - 66-70 grams/pc",8.5
2026-02-14,130000000,NEW LAS PINAS CITY PUBLIC MARKET,Meat and Poultry,"Chicken Egg (White, Extra Large) - 66-70 grams/pc",9.5
2026-02-14,130000000,MUTYA NG PASIG MEGA MARKET,Meat and Poultry,"Chicken Egg (White, Extra Large) - 66-70 grams/pc",9.0
2026-02-14,130000000,MEGA Q MART,Meat and Poultry,"Chicken Egg (White, Extra Large) - 66-70 grams/pc",9.5
2026-02-14,130000000,PAMILIHANG LUNGSOD NG MUNTINLUPA,Meat and Poultry,"Chicken Egg (White, Extra Large) - 66-70 grams/pc",9.2
2026-02-14,130000000,MALABON CENTRAL MARKET,Meat and Poultry,"Chicken Egg (White, Extra Large) - 66-70 grams/pc",9.0
2026-02-14,130000000,PRITIL MARKET,Meat and Poultry,"Chicken Egg (White, Extra Large) - 66-70 grams/pc",10.0
2026-02-14,130000000,NAVOTAS AGORA MARKET,Meat and Poultry,"Chicken Egg (White, Extra Large) - 66-70 grams/pc",8.5
2026-02-14,130000000,CARTIMAR MARKET,Meat and Poultry,"Chicken Egg (White, Extra Large) - 66-70 grams/pc",9.0
2026-02-14,130000000,MURPHY MARKET,Meat and Poultry,"Chicken Egg (White, Extra Large) - 66-70 grams/pc",9.0
2026-02-14,130000000,NEW MARULAS PUBLIC MARKET,Meat and Poultry,"Chicken Egg (White, Extra Large) - 66-70 grams/pc",9.4
2026-02-14,130000000,COMMONWEALTH MARKET,Meat and Poultry,"Chicken Egg (White, Jumbo) - 71> grams/pc",8.84
2026-02-14,130000000,NEW LAS PINAS CITY PUBLIC MARKET,Meat and Poultry,"Chicken Egg (White, Jumbo) - 71> grams/pc",10.0
2026-02-14,130000000,MUTYA NG PASIG MEGA MARKET,Meat and Poultry,"Chicken Egg (White, Jumbo) - 71> grams/pc",10.0
2026-02-14,130000000,PAMILIHANG LUNGSOD NG MUNTINLUPA,Meat and Poultry,"Chicken Egg (White, Jumbo) - 71> grams/pc",10.0
2026-02-14,130000000,PRITIL MARKET,Meat and Poultry,"Chicken Egg (White, Jumbo) - 71> grams/pc",10.0
2026-02-14,130000000,NAVOTAS AGORA MARKET,Meat and Poultry,"Chicken Egg (White, Jumbo) - 71> grams/pc",9.0
2026-02-14,130000000,CARTIMAR MARKET,Meat and Poultry,"Chicken Egg (White, Jumbo) - 71> grams/pc",10.0
2026-02-14,130000000,MURPHY MARKET,Meat and Poultry,"Chicken Egg (White, Jumbo) - 71> grams/pc",10.0
2026-02-14,130000000,NEW MARULAS PUBLIC MARKET,Meat and Poultry,"Chicken Egg (White, Jumbo) - 71> grams/pc",10.0
2026-02-14,130000000,MUNOZ MARKET,Meat and Poultry,"Chicken Egg (Brown, Medium) - Medium",10.0
2026-02-14,130000000,NEW MARULAS PUBLIC MARKET,Meat and Poultry,"Chicken Egg (Brown, Large) - Large",12.0
2026-02-14,130000000,COMMONWEALTH MARKET,Spices,Garlic(Imported) - KG,150.0
2026-02-14,130000000,NEW LAS PINAS CITY PUBLIC MARKET,Spices,Garlic(Imported) - KG,145.0
2026-02-14,130000000,MARIKINA PUBLIC MARKET,Spices,Garlic(Imported) - KG,180.0
2026-02-14,130000000,MUNOZ MARKET,Spices,Garlic(Imported) - KG,150.0
2026-02-14,130000000,MUTYA NG PASIG MEGA MARKET,Spices,Garlic(Imported) - KG,200.0
2026-02-14,130000000,MEGA Q MART,Spices,Garlic(Imported) - KG,140.0
2026-02-14,130000000,PAMILIHANG LUNGSOD NG MUNTINLUPA,Spices,Garlic(Imported) - KG,150.0
2026-02-14,130000000,MALABON CENTRAL MARKET,Spices,Garlic(Imported) - KG,140.0
2026-02-14,130000000,PRITIL MARKET,Spices,Garlic(Imported) - KG,150.0
2026-02-14,130000000,DAGONOY MARKET,Spices,Garlic(Imported) - KG,150.0
2026-02-14,130000000,TRABAJO MARKET,Spices,Garlic(Imported) - KG,140.0
2026-02-14,130000000,NAVOTAS AGORA MARKET,Spices,Garlic(Imported) - KG,160.0
2026-02-14,130000000,CARTIMAR MARKET,Spices,Garlic(Imported) - KG,140.0
2026-02-14,130000000,MURPHY MARKET,Spices,Garlic(Imported) - KG,170.0
2026-02-14,130000000,NEW MARULAS PUBLIC MARKET,Spices,Garlic(Imported) - KG,160.0
2026-02-14,130000000,BALINTAWAK MARKET (CLOVERLEAF),Spices,Garlic(Imported) - KG,120.0
2026-02-14,130000000,COMMONWEALTH MARKET,Spices,"Ginger - FAIRLY WELL-MATURED, MEDIUM (150-300 GM)",100.0
2026-02-14,130000000,NEW LAS PINAS CITY PUBLIC MARKET,Spices,"Ginger - FAIRLY WELL-MATURED, MEDIUM (150-300 GM)",170.0
2026-02-14,130000000,MUNOZ MARKET,Spices,"Ginger - FAIRLY WELL-MATURED, MEDIUM (150-300 GM)",120.0
2026-02-14,130000000,MUTYA NG PASIG MEGA MARKET,Spices,"Ginger - FAIRLY WELL-MATURED, MEDIUM (150-300 GM)",220.0
2026-02-14,130000000,MEGA Q MART,Spices,"Ginger - FAIRLY WELL-MATURED, MEDIUM (150-300 GM)",150.0
2026-02-14,130000000,PAMILIHANG LUNGSOD NG MUNTINLUPA,Spices,"Ginger - FAIRLY WELL-MATURED, MEDIUM (150-300 GM)",140.0
2026-02-14,130000000,MALABON CENTRAL MARKET,Spices,"Ginger - FAIRLY WELL-MATURED, MEDIUM (150-300 GM)",150.0
2026-02-14,130000000,PRITIL MARKET,Spices,"Ginger - FAIRLY WELL-MATURED, MEDIUM (150-300 GM)",160.0
2026-02-14,130000000,DAGONOY MARKET,Spices,"Ginger - FAIRLY WELL-MATURED, MEDIUM (150-300 GM)",200.0
2026-02-14,130000000,TRABAJO MARKET,Spices,"Ginger - FAIRLY WELL-MATURED, MEDIUM (150-300 GM)",120.0
2026-02-14,130000000,NAVOTAS AGORA MARKET,Spices,"Ginger - FAIRLY WELL-MATURED, MEDIUM (150-300 GM)",160.0
2026-02-14,130000000,CARTIMAR MARKET,Spices,"Ginger - FAIRLY WELL-MATURED, MEDIUM (150-300 GM)",160.0
2026-02-14,130000000,MURPHY MARKET,Spices,"Ginger - FAIRLY WELL-MATURED, MEDIUM (150-300 GM)",150.0
2026-02-14,130000000,BALINTAWAK MARKET (CLOVERLEAF),Spices,"Ginger - FAIRLY WELL-MATURED, MEDIUM (150-300 GM)",100.0
2026-02-14,130000000,COMMONWEALTH MARKET,Spices,Red Onion - 13-15 PCS/KG,100.0
2026-02-14,130000000,NEW LAS PINAS CITY PUBLIC MARKET,Spices,Red Onion - 13-15 PCS/KG,150.0
2026-02-14,130000000,MARIKINA PUBLIC MARKET,Spices,Red Onion - 13-15 PCS/KG,140.0
2026-02-14,130000000,MUNOZ MARKET,Spices,Red Onion - 13-15 PCS/KG,120.0
2026-02-14,130000000,MEGA Q MART,Spices,Red Onion - 13-15 PCS/KG,120.0
2026-02-14,130000000,PAMILIHANG LUNGSOD NG MUNTINLUPA,Spices,Red Onion - 13-15 PCS/KG,130.0
2026-02-14,130000000,MALABON CENTRAL MARKET,Spices,Red Onion - 13-15 PCS/KG,120.0
2026-02-14,130000000,PRITIL MARKET,Spices,Red Onion - 13-15 PCS/KG,140.0
2026-02-14,130000000,DAGONOY MARKET,Spices,Red Onion - 13-15 PCS/KG,140.0
2026-02-14,130000000,TRABAJO MARKET,Spices,Red Onion - 13-15 PCS/KG,140.0
2026-02-14,130000000,NAVOTAS AGORA MARKET,Spices,Red Onion - 13-15 PCS/KG,120.0
2026-02-14,130000000,NEW MARULAS PUBLIC MARKET,Spices,Red Onion - 13-15 PCS/KG,180.0
2026-02-14,130000000,BALINTAWAK MARKET (CLOVERLEAF),Spices,Red Onion - 13-15 PCS/KG,80.0
2026-02-14,130000000,COMMONWEALTH MARKET,Spices,Red Onion (Imported) - KG,90.0
2026-02-14,130000000,NEW LAS PINAS CITY PUBLIC MARKET,Spices,Red Onion (Imported) - KG,130.0
2026-02-14,130000000,MUNOZ MARKET,Spices,Red Onion (Imported) - KG,100.0
2026-02-14,130000000,MUTYA NG PASIG MEGA MARKET,Spices,Red Onion (Imported) - KG,140.0
2026-02-14,130000000,PAMILIHANG LUNGSOD NG MUNTINLUPA,Spices,Red Onion (Imported) - KG,120.0
2026-02-14,130000000,BALINTAWAK MARKET (CLOVERLEAF),Spices,Red Onion (Imported) - KG,70.0
2026-02-14,130000000,MUNOZ MARKET,Spices,White Onion - KG,100.0
2026-02-14,130000000,MALABON CENTRAL MARKET,Spices,White Onion - KG,100.0
2026-02-14,130000000,PRITIL MARKET,Spices,White Onion - KG,120.0
2026-02-14,130000000,NAVOTAS AGORA MARKET,Spices,White Onion - KG,120.0
2026-02-14,130000000,NEW MARULAS PUBLIC MARKET,Spices,White Onion - KG,140.0
2026-02-14,130000000,BALINTAWAK MARKET (CLOVERLEAF),Spices,White Onion - KG,80.0
2026-02-14,130000000,COMMONWEALTH MARKET,Spices,White Onion (Imported) - KG,120.0
2026-02-14,130000000,MARIKINA PUBLIC MARKET,Spices,White Onion (Imported) - KG,120.0
2026-02-14,130000000,MUNOZ MARKET,Spices,White Onion (Imported) - KG,100.0
2026-02-14,130000000,MUTYA NG PASIG MEGA MARKET,Spices,White Onion (Imported) - KG,120.0
2026-02-14,130000000,MURPHY MARKET,Spices,White Onion (Imported) - KG,150.0
2026-02-14,130000000,BALINTAWAK MARKET (CLOVERLEAF),Spices,White Onion (Imported) - KG,100.0
2026-02-14,130000000,COMMONWEALTH MARKET,Spices,Chili (Red) - KG,120.0
2026-02-14,130000000,NEW LAS PINAS CITY PUBLIC MARKET,Spices,Chili (Red) - KG,200.0
2026-02-14,130000000,MARIKINA PUBLIC MARKET,Spices,Chili (Red) - KG,200.0
2026-02-14,130000000,MUNOZ MARKET,Spices,Chili (Red) - KG,200.0
2026-02-14,130000000,MUTYA NG PASIG MEGA MARKET,Spices,Chili (Red) - KG,280.0
2026-02-14,130000000,MEGA Q MART,Spices,Chili (Red) - KG,200.0
2026-02-14,130000000,PAMILIHANG LUNGSOD NG MUNTINLUPA,Spices,Chili (Red) - KG,200.0
2026-02-14,130000000,MALABON CENTRAL MARKET,Spices,Chili (Red) - KG,250.0
2026-02-14,130000000,PRITIL MARKET,Spices,Chili (Red) - KG,250.0
2026-02-14,130000000,DAGONOY MARKET,Spices,Chili (Red) - KG,250.0
2026-02-14,130000000,NAVOTAS AGORA MARKET,Spices,Chili (Red) - KG,250.0
2026-02-14,130000000,CARTIMAR MARKET,Spices,Chili (Red) - KG,150.0
2026-02-14,130000000,MURPHY MARKET,Spices,Chili (Red) - KG,250.0
2026-02-14,130000000,NEW MARULAS PUBLIC MARKET,Spices,Chili (Red) - KG,250.0
2026-02-14,130000000,BALINTAWAK MARKET (CLOVERLEAF),Spices,Chili (Red) - KG,150.0
2026-02-14,130000000,COMMONWEALTH MARKET,Other Commodities,Cooking Oil Palm 1L - 1 LITER/BOTTLE,80.0
2026-02-14,130000000,NEW LAS PINAS CITY PUBLIC MARKET,Other Commodities,Cooking Oil Palm 1L - 1 LITER/BOTTLE,100.0
2026-02-14,130000000,MARIKINA PUBLIC MARKET,Other Commodities,Cooking Oil Palm 1L - 1 LITER/BOTTLE,90.0
2026-02-14,130000000,MUNOZ MARKET,Other Commodities,Cooking Oil Palm 1L - 1 LITER/BOTTLE,85.0
2026-02-14,130000000,MUTYA NG PASIG MEGA MARKET,Other Commodities,Cooking Oil Palm 1L - 1 LITER/BOTTLE,80.0
2026-02-14,130000000,MEGA Q MART,Other Commodities,Cooking Oil Palm 1L - 1 LITER/BOTTLE,85.0
2026-02-14,130000000,PAMILIHANG LUNGSOD NG MUNTINLUPA,Other Commodities,Cooking Oil Palm 1L - 1 LITER/BOTTLE,100.0
2026-02-14,130000000,MALABON CENTRAL MARKET,Other Commodities,Cooking Oil Palm 1L - 1 LITER/BOTTLE,100.0
2026-02-14,130000000,PRITIL MARKET,Other Commodities,Cooking Oil Palm 1L - 1 LITER/BOTTLE,90.0
2026-02-14,130000000,TRABAJO MARKET,Other Commodities,Cooking Oil Palm 1L - 1 LITER/BOTTLE,90.0
2026-02-14,130000000,NAVOTAS AGORA MARKET,Other Commodities,Cooking Oil Palm 1L - 1 LITER/BOTTLE,85.0
2026-02-14,130000000,MURPHY MARKET,Other Commodities,Cooking Oil Palm 1L - 1 LITER/BOTTLE,70.0
2026-02-14,130000000,NEW MARULAS PUBLIC MARKET,Other Commodities,Cooking Oil Palm 1L - 1 LITER/BOTTLE,100.0
2026-02-14,130000000,BALINTAWAK MARKET (CLOVERLEAF),Other Commodities,Cooking Oil Palm 1L - 1 LITER/BOTTLE,80.0
2026-02-14,130000000,NEW LAS PINAS CITY PUBLIC MARKET,Other Commodities,Cooking Oil Palm 350ML - 350 ML/BOTTLE,37.0
2026-02-14,130000000,MARIKINA PUBLIC MARKET,Other Commodities,Cooking Oil Palm 350ML - 350 ML/BOTTLE,35.0
2026-02-14,130000000,MUNOZ MARKET,Other Commodities,Cooking Oil Palm 350ML - 350 ML/BOTTLE,40.0
2026-02-14,130000000,MUTYA NG PASIG MEGA MARKET,Other Commodities,Cooking Oil Palm 350ML - 350 ML/BOTTLE,35.0
2026-02-14,130000000,MEGA Q MART,Other Commodities,Cooking Oil Palm 350ML - 350 ML/BOTTLE,35.0
2026-02-14,130000000,PAMILIHANG LUNGSOD NG MUNTINLUPA,Other Commodities,Cooking Oil Palm 350ML - 350 ML/BOTTLE,35.0
2026-02-14,130000000,PRITIL MARKET,Other Commodities,Cooking Oil Palm 350ML - 350 ML/BOTTLE,35.0
2026-02-14,130000000,DAGONOY MARKET,Other Commodities,Cooking Oil Palm 350ML - 350 ML/BOTTLE,35.0
2026-02-14,130000000,TRABAJO MARKET,Other Commodities,Cooking Oil Palm 350ML - 350 ML/BOTTLE,40.0
2026-02-14,130000000,MURPHY MARKET,Other Commodities,Cooking Oil Palm 350ML - 350 ML/BOTTLE,35.0
2026-02-14,130000000,NEW MARULAS PUBLIC MARKET,Other Commodities,Cooking Oil Palm 350ML - 350 ML/BOTTLE,35.0
2026-02-14,130000000,BALINTAWAK MARKET (CLOVERLEAF),Other Commodities,Cooking Oil Palm 350ML - 350 ML/BOTTLE,35.0
2026-02-14,130000000,COMMONWEALTH MARKET,Other Commodities,Sugar (Brown) - KG,70.0
2026-02-14,130000000,NEW LAS PINAS CITY PUBLIC MARKET,Other Commodities,Sugar (Brown) - KG,72.0
2026-02-14,130000000,MARIKINA PUBLIC MARKET,Other Commodities,Sugar (Brown) - KG,75.0
2026-02-14,130000000,MUNOZ MARKET,Other Commodities,Sugar (Brown) - KG,85.0
2026-02-14,130000000,MUTYA NG PASIG MEGA MARKET,Other Commodities,Sugar (Brown) - KG,65.0
2026-02-14,130000000,MEGA Q MART,Other Commodities,Sugar (Brown) - KG,70.0
2026-02-14,130000000,PAMILIHANG LUNGSOD NG MUNTINLUPA,Other Commodities,Sugar (Brown) - KG,72.0
2026-02-14,130000000,MALABON CENTRAL MARKET,Other Commodities,Sugar (Brown) - KG,80.0
2026-02-14,130000000,DAGONOY MARKET,Other Commodities,Sugar (Brown) - KG,70.0
2026-02-14,130000000,TRABAJO MARKET,Other Commodities,Sugar (Brown) - KG,70.0
2026-02-14,130000000,NAVOTAS AGORA MARKET,Other Commodities,Sugar (Brown) - KG,70.0
2026-02-14,130000000,CARTIMAR MARKET,Other Commodities,Sugar (Brown) - KG,80.0
2026-02-14,130000000,MURPHY MARKET,Other Commodities,Sugar (Brown) - KG,75.0
2026-02-14,130000000,NEW MARULAS PUBLIC MARKET,Other Commodities,Sugar (Brown) - KG,72.0
2026-02-14,130000000,BALINTAWAK MARKET (CLOVERLEAF),Other Commodities,Sugar (Brown) - KG,75.0
2026-02-14,130000000,COMMONWEALTH MARKET,Other Commodities,Sugar (Washed) - KG,70.0
2026-02-14,130000000,NEW LAS PINAS CITY PUBLIC MARKET,Other Commodities,Sugar (Washed) - KG,76.0
2026-02-14,130000000,MARIKINA PUBLIC MARKET,Other Commodities,Sugar (Washed) - KG,75.0
2026-02-14,130000000,MUNOZ MARKET,Other Commodities,Sugar (Washed) - KG,90.0
2026-02-14,130000000,MUTYA NG PASIG MEGA MARKET,Other Commodities,Sugar (Washed) - KG,70.0
2026-02-14,130000000,MEGA Q MART,Other Commodities,Sugar (Washed) - KG,75.0
2026-02-14,130000000,PAMILIHANG LUNGSOD NG MUNTINLUPA,Other Commodities,Sugar (Washed) - KG,74.0
2026-02-14,130000000,MALABON CENTRAL MARKET,Other Commodities,Sugar (Washed) - KG,70.0
2026-02-14,130000000,PRITIL MARKET,Other Commodities,Sugar (Washed) - KG,75.0
2026-02-14,130000000,DAGONOY MARKET,Other Commodities,Sugar (Washed) - KG,70.0
2026-02-14,130000000,TRABAJO MARKET,Other Commodities,Sugar (Washed) - KG,75.0
2026-02-14,130000000,NAVOTAS AGORA MARKET,Other Commodities,Sugar (Washed) - KG,70.0
2026-02-14,130000000,CARTIMAR MARKET,Other Commodities,Sugar (Washed) - KG,80.0
2026-02-14,130000000,MURPHY MARKET,Other Commodities,Sugar (Washed) - KG,80.0
2026-02-14,130000000,NEW MARULAS PUBLIC MARKET,Other Commodities,Sugar (Washed) - KG,72.0
2026-02-14,130000000,BALINTAWAK MARKET (CLOVERLEAF),Other Commodities,Sugar (Washed) - KG,75.0
2026-02-14,130000000,COMMONWEALTH MARKET,Other Commodities,Sugar (Refined) - KG,80.0
2026-02-14,130000000,NEW LAS PINAS CITY PUBLIC MARKET,Other Commodities,Sugar (Refined) - KG,80.0
2026-02-14,130000000,MARIKINA PUBLIC MARKET,Other Commodities,Sugar (Refined) - KG,82.0
2026-02-14,130000000,MUNOZ MARKET,Other Commodities,Sugar (Refined) - KG,100.0
2026-02-14,130000000,MUTYA NG PASIG MEGA MARKET,Other Commodities,Sugar (Refined) - KG,75.0
2026-02-14,130000000,MEGA Q MART,Other Commodities,Sugar (Refined) - KG,75.0
2026-02-14,130000000,PAMILIHANG LUNGSOD NG MUNTINLUPA,Other Commodities,Sugar (Refined) - KG,76.0
2026-02-14,130000000,MALABON CENTRAL MARKET,Other Commodities,Sugar (Refined) - KG,85.0
2026-02-14,130000000,PRITIL MARKET,Other Commodities,Sugar (Refined) - KG,85.0
2026-02-14,130000000,DAGONOY MARKET,Other Commodities,Sugar (Refined) - KG,80.0
2026-02-14,130000000,TRABAJO MARKET,Other Commodities,Sugar (Refined) - KG,80.0
2026-02-14,130000000,NAVOTAS AGORA MARKET,Other Commodities,Sugar (Refined) - KG,75.0
2026-02-14,130000000,NEW MARULAS PUBLIC MARKET,Other Commodities,Sugar (Refined) - KG,80.0
2026-02-14,130000000,BALINTAWAK MARKET (CLOVERLEAF),Other Commodities,Sugar (Refined) - KG,75.0
2026-02-14,130000000,MARIKINA PUBLIC MARKET,Other Commodities,Cooking Oil (Coconut) 350ML - 350 ML/BOTTLE,50.0
2026-02-14,130000000,MUTYA NG PASIG MEGA MARKET,Other Commodities,Cooking Oil (Coconut) 350ML - 350 ML/BOTTLE,60.0
2026-02-14,130000000,MURPHY MARKET,Other Commodities,Cooking Oil (Coconut) 350ML - 350 ML/BOTTLE,70.0
2026-02-14,130000000,NEW MARULAS PUBLIC MARKET,Other Commodities,Cooking Oil (Coconut) 350ML - 350 ML/BOTTLE,55.0
2026-02-14,130000000,MUTYA NG PASIG MEGA MARKET,Other Commodities,Cooking Oil (Coconut) 1L - 1 LITER/BOTTLE,160.0
2026-02-14,130000000,MALABON CENTRAL MARKET,Other Commodities,Cooking Oil (Coconut) 1L - 1 LITER/BOTTLE,180.0
2026-02-14,130000000,PRITIL MARKET,Other Commodities,Cooking Oil (Coconut) 1L - 1 LITER/BOTTLE,160.0
2026-02-14,130000000,NAVOTAS AGORA MARKET,Other Commodities,Cooking Oil (Coconut) 1L - 1 LITER/BOTTLE,170.0
2026-02-14,130000000,NEW MARULAS PUBLIC MARKET,Other Commodities,Cooking Oil (Coconut) 1L - 1 LITER/BOTTLE,160.0
