extract_dt,region_id,market_name,category,commodity,price
2026-02-10,130000000,COMMONWEALTH MARKET,Rice,NFA - KG,
2026-02-10,130000000,GUADALUPE PUBLIC MARKET,Rice,NFA - KG,
2026-02-10,130000000,NEW LAS PINAS CITY PUBLIC MARKET,Rice,NFA - KG,
2026-02-10,130000000,MARIKINA PUBLIC MARKET,Rice,NFA - KG,
2026-02-10,130000000,MUNOZ MARKET,Rice,NFA - KG,
2026-02-10,130000000,PASAY CITY MARKET,Rice,NFA - KG,
2026-02-10,130000000,MUTYA NG PASIG MEGA MARKET,Rice,NFA - KG,
2026-02-10,130000000,QUINTA MARKET,Rice,NFA - KG,
2026-02-10,130000000,SAN ANDRES MARKET,Rice,NFA - KG,
2026-02-10,130000000,MEGA Q MART,Rice,NFA - KG,
2026-02-10,130000000,PAMILIHANG LUNGSOD NG MUNTINLUPA,Rice,NFA - KG,
2026-02-10,130000000,MALABON CENTRAL MARKET,Rice,NFA - KG,
2026-02-10,130000000,PRITIL MARKET,Rice,NFA - KG,
2026-02-10,130000000,MAYPAJO PUBLIC MARKET,Rice,NFA - KG,
2026-02-10,130000000,PACO MARKET,Rice,NFA - KG,
2026-02-10,130000000,DAGONOY MARKET,Rice,NFA - KG,
2026-02-10,130000000,TRABAJO MARKET,Rice,NFA - KG,
2026-02-10,130000000,BLUMENTRITT MARKET,Rice,NFA - KG,
2026-02-10,130000000,MANDALUYONG PUBLIC MARKET I,Rice,NFA - KG,
2026-02-10,130000000,NAVOTAS AGORA MARKET,Rice,NFA - KG,
2026-02-10,130000000,LA HUERTA MARKET,Rice,NFA - KG,
2026-02-10,130000000,CARTIMAR MARKET,Rice,NFA - KG,
2026-02-10,130000000,GRACE MARKETPLACE (PATEROS),Rice,NFA - KG,
2026-02-10,130000000,MURPHY MARKET,Rice,NFA - KG,
2026-02-10,130000000,KAMUNING MARKET,Rice,NFA - KG,
2026-02-10,130000000,AGORA PUBLIC MARKET (SAN JUAN),Rice,NFA - KG,
2026-02-10,130000000,BICUTAN MARKET,Rice,NFA - KG,
2026-02-10,130000000,TAGUIG PEOPLE'S MARKET,Rice,NFA - KG,
2026-02-10,130000000,NEW MARULAS PUBLIC MARKET,Rice,NFA - KG,
2026-02-10,130000000,BALINTAWAK MARKET (CLOVERLEAF),Rice,NFA - KG,
2026-02-10,130000000,FARMERS MARKET,Rice,NFA - KG,
2026-02-10,130000000,COMMONWEALTH MARKET,Rice,COMMERCIAL (IMPORTED) Premium (Yellow tagged) - 5% BROKEN,
2026-02-10,130000000,GUADALUPE PUBLIC MARKET,Rice,COMMERCIAL (IMPORTED) Premium (Yellow tagged) - 5% BROKEN,60.0
2026-02-10,130000000,NEW LAS PINAS CITY PUBLIC MARKET,Rice,COMMERCIAL (IMPORTED) Premium (Yellow tagged) - 5% BROKEN,54.0
2026-02-10,130000000,MARIKINA PUBLIC MARKET,Rice,COMMERCIAL (IMPORTED) Premium (Yellow tagged) - 5% BROKEN,58.0
2026-02-10,130000000,MUNOZ MARKET,Rice,COMMERCIAL (IMPORTED) Premium (Yellow tagged) - 5% BROKEN,52.0
2026-02-10,130000000,PASAY CITY MARKET,Rice,COMMERCIAL (IMPORTED) Premium (Yellow tagged) - 5% BROKEN,
2026-02-10,130000000,MUTYA NG PASIG MEGA MARKET,Rice,COMMERCIAL (IMPORTED) Premium (Yellow tagged) - 5% BROKEN,
2026-02-10,130000000,QUINTA MARKET,Rice,COMMERCIAL (IMPORTED) Premium (Yellow tagged) - 5% BROKEN,
2026-02-10,130000000,SAN ANDRES MARKET,Rice,COMMERCIAL (IMPORTED) Premium (Yellow tagged) - 5% BROKEN,
2026-02-10,130000000,MEGA Q MART,Rice,COMMERCIAL (IMPORTED) Premium (Yellow tagged) - 5% BROKEN,57.0
2026-02-10,130000000,PAMILIHANG LUNGSOD NG MUNTINLUPA,Rice,COMMERCIAL (IMPORTED) Premium (Yellow tagged) - 5% BROKEN,52.0
2026-02-10,130000000,MALABON CENTRAL MARKET,Rice,COMMERCIAL (IMPORTED) Premium (Yellow tagged) - 5% BROKEN,
2026-02-10,130000000,PRITIL MARKET,Rice,COMMERCIAL (IMPORTED) Premium (Yellow tagged) - 5% BROKEN,55.0
2026-02-10,130000000,MAYPAJO PUBLIC MARKET,Rice,COMMERCIAL (IMPORTED) Premium (Yellow tagged) - 5% BROKEN,
2026-02-10,130000000,PACO MARKET,Rice,COMMERCIAL (IMPORTED) Premium (Yellow tagged) - 5% BROKEN,
2026-02-10,130000000,DAGONOY MARKET,Rice,COMMERCIAL (IMPORTED) Premium (Yellow tagged) - 5% BROKEN,50.0
2026-02-10,130000000,TRABAJO MARKET,Rice,COMMERCIAL (IMPORTED) Premium (Yellow tagged) - 5% BROKEN,55.0
2026-02-10,130000000,BLUMENTRITT MARKET,Rice,COMMERCIAL (IMPORTED) Premium (Yellow tagged) - 5% BROKEN,
2026-02-10,130000000,MANDALUYONG PUBLIC MARKET I,Rice,COMMERCIAL (IMPORTED) Premium (Yellow tagged) - 5% BROKEN,
2026-02-10,130000000,NAVOTAS AGORA MARKET,Rice,COMMERCIAL (IMPORTED) Premium (Yellow tagged) - 5% BROKEN,54.0
2026-02-10,130000000,LA HUERTA MARKET,Rice,COMMERCIAL (IMPORTED) Premium (Yellow tagged) - 5% BROKEN,
2026-02-10,130000000,CARTIMAR MARKET,Rice,COMMERCIAL (IMPORTED) Premium (Yellow tagged) - 5% BROKEN,
2026-02-10,130000000,GRACE MARKETPLACE (PATEROS),Rice,COMMERCIAL (IMPORTED) Premium (Yellow tagged) - 5% BROKEN,
2026-02-10,130000000,MURPHY MARKET,Rice,COMMERCIAL (IMPORTED) Premium (Yellow tagged) - 5% BROKEN,56.0
2026-02-10,130000000,KAMUNING MARKET,Rice,COMMERCIAL (IMPORTED) Premium (Yellow tagged) - 5% BROKEN,
2026-02-10,130000000,AGORA PUBLIC MARKET (SAN JUAN),Rice,COMMERCIAL (IMPORTED) Premium (Yellow tagged) - 5% BROKEN,
2026-02-10,130000000,BICUTAN MARKET,Rice,COMMERCIAL (IMPORTED) Premium (Yellow tagged) - 5% BROKEN,
2026-02-10,130000000,TAGUIG PEOPLE'S MARKET,Rice,COMMERCIAL (IMPORTED) Premium (Yellow tagged) - 5% BROKEN,
2026-02-10,130000000,NEW MARULAS PUBLIC MARKET,Rice,COMMERCIAL (IMPORTED) Premium (Yellow tagged) - 5% BROKEN,
2026-02-10,130000000,BALINTAWAK MARKET (CLOVERLEAF),Rice,COMMERCIAL (IMPORTED) Premium (Yellow tagged) - 5% BROKEN,
2026-02-10,130000000,FARMERS MARKET,Rice,COMMERCIAL (IMPORTED) Premium (Yellow tagged) - 5% BROKEN,
2026-02-10,130000000,COMMONWEALTH MARKET,Rice,COMMERCIAL (IMPORTED) Regular Milled - 20-40% BRAN STREAK,
2026-02-10,130000000,GUADALUPE PUBLIC MARKET,Rice,COMMERCIAL (IMPORTED) Regular Milled - 20-40% BRAN STREAK,
2026-02-10,130000000,NEW LAS PINAS CITY PUBLIC MARKET,Rice,COMMERCIAL (IMPORTED) Regular Milled - 20-40% BRAN STREAK,
2026-02-10,130000000,MARIKINA PUBLIC MARKET,Rice,COMMERCIAL (IMPORTED) Regular Milled - 20-40% BRAN STREAK,
2026-02-10,130000000,MUNOZ MARKET,Rice,COMMERCIAL (IMPORTED) Regular Milled - 20-40% BRAN STREAK,
2026-02-10,130000000,PASAY CITY MARKET,Rice,COMMERCIAL (IMPORTED) Regular Milled - 20-40% BRAN STREAK,
2026-02-10,130000000,MUTYA NG PASIG MEGA MARKET,Rice,COMMERCIAL (IMPORTED) Regular Milled - 20-40% BRAN STREAK,
2026-02-10,130000000,QUINTA MARKET,Rice,COMMERCIAL (IMPORTED) Regular Milled - 20-40% BRAN STREAK,
2026-02-10,130000000,SAN ANDRES MARKET,Rice,COMMERCIAL (IMPORTED) Regular Milled - 20-40% BRAN STREAK,
2026-02-10,130000000,MEGA Q MART,Rice,COMMERCIAL (IMPORTED) Regular Milled - 20-40% BRAN STREAK,
2026-02-10,130000000,PAMILIHANG LUNGSOD NG MUNTINLUPA,Rice,COMMERCIAL (IMPORTED) Regular Milled - 20-40% BRAN STREAK,
2026-02-10,130000000,MALABON CENTRAL MARKET,Rice,COMMERCIAL (IMPORTED) Regular Milled - 20-40% BRAN STREAK,
2026-02-10,130000000,PRITIL MARKET,Rice,COMMERCIAL (IMPORTED) Regular Milled - 20-40% BRAN STREAK,
2026-02-10,130000000,MAYPAJO PUBLIC MARKET,Rice,COMMERCIAL (IMPORTED) Regular Milled - 20-40% BRAN STREAK,
2026-02-10,130000000,PACO MARKET,Rice,COMMERCIAL (IMPORTED) Regular Milled - 20-40% BRAN STREAK,
2026-02-10,130000000,DAGONOY MARKET,Rice,COMMERCIAL (IMPORTED) Regular Milled - 20-40% BRAN STREAK,
2026-02-10,130000000,TRABAJO MARKET,Rice,COMMERCIAL (IMPORTED) Regular Milled - 20-40% BRAN STREAK,
2026-02-10,130000000,BLUMENTRITT MARKET,Rice,COMMERCIAL (IMPORTED) Regular Milled - 20-40% BRAN STREAK,
2026-02-10,130000000,MANDALUYONG PUBLIC MARKET I,Rice,COMMERCIAL (IMPORTED) Regular Milled - 20-40% BRAN STREAK,
2026-02-10,130000000,NAVOTAS AGORA MARKET,Rice,COMMERCIAL (IMPORTED) Regular Milled - 20-40% BRAN STREAK,40.0
2026-02-10,130000000,LA HUERTA MARKET,Rice,COMMERCIAL (IMPORTED) Regular Milled - 20-40% BRAN STREAK,
2026-02-10,130000000,CARTIMAR MARKET,Rice,COMMERCIAL (IMPORTED) Regular Milled - 20-40% BRAN STREAK,
2026-02-10,130000000,GRACE MARKETPLACE (PATEROS),Rice,COMMERCIAL (IMPORTED) Regular Milled - 20-40% BRAN STREAK,
2026-02-10,130000000,MURPHY MARKET,Rice,COMMERCIAL (IMPORTED) Regular Milled - 20-40% BRAN STREAK,
2026-02-10,130000000,KAMUNING MARKET,Rice,COMMERCIAL (IMPORTED) Regular Milled - 20-40% BRAN STREAK,
2026-02-10,130000000,AGORA PUBLIC MARKET (SAN JUAN),Rice,COMMERCIAL (IMPORTED) Regular Milled - 20-40% BRAN STREAK,
2026-02-10,130000000,BICUTAN MARKET,Rice,COMMERCIAL (IMPORTED) Regular Milled - 20-40% BRAN STREAK,
2026-02-10,130000000,TAGUIG PEOPLE'S MARKET,Rice,COMMERCIAL (IMPORTED) Regular Milled - 20-40% BRAN STREAK,
2026-02-10,130000000,NEW MARULAS PUBLIC MARKET,Rice,COMMERCIAL (IMPORTED) Regular Milled - 20-40% BRAN STREAK,
2026-02-10,130000000,BALINTAWAK MARKET (CLOVERLEAF),Rice,COMMERCIAL (IMPORTED) Regular Milled - 20-40% BRAN STREAK,
2026-02-10,130000000,FARMERS MARKET,Rice,COMMERCIAL (IMPORTED) Regular Milled - 20-40% BRAN STREAK,
2026-02-10,130000000,COMMONWEALTH MARKET,Rice,COMMERCIAL (IMPORTED) Special (Blue tagged) - WHITE RICE,
2026-02-10,130000000,GUADALUPE PUBLIC MARKET,Rice,COMMERCIAL (IMPORTED) Special (Blue tagged) - WHITE RICE,
2026-02-10,130000000,NEW LAS PINAS CITY PUBLIC MARKET,Rice,COMMERCIAL (IMPORTED) Special (Blue tagged) - WHITE RICE,60.0
2026-02-10,130000000,MARIKINA PUBLIC MARKET,Rice,COMMERCIAL (IMPORTED) Special (Blue tagged) - WHITE RICE,
2026-02-10,130000000,MUNOZ MARKET,Rice,COMMERCIAL (IMPORTED) Special (Blue tagged) - WHITE RICE,
2026-02-10,130000000,PASAY CITY MARKET,Rice,COMMERCIAL (IMPORTED) Special (Blue tagged) - WHITE RICE,
2026-02-10,130000000,MUTYA NG PASIG MEGA MARKET,Rice,COMMERCIAL (IMPORTED) Special (Blue tagged) - WHITE RICE,
2026-02-10,130000000,QUINTA MARKET,Rice,COMMERCIAL (IMPORTED) Special (Blue tagged) - WHITE RICE,
2026-02-10,130000000,SAN ANDRES MARKET,Rice,COMMERCIAL (IMPORTED) Special (Blue tagged) - WHITE RICE,
2026-02-10,130000000,MEGA Q MART,Rice,COMMERCIAL (IMPORTED) Special (Blue tagged) - WHITE RICE,
2026-02-10,130000000,PAMILIHANG LUNGSOD NG MUNTINLUPA,Rice,COMMERCIAL (IMPORTED) Special (Blue tagged) - WHITE RICE,60.0
2026-02-10,130000000,MALABON CENTRAL MARKET,Rice,COMMERCIAL (IMPORTED) Special (Blue tagged) - WHITE RICE,
2026-02-10,130000000,PRITIL MARKET,Rice,COMMERCIAL (IMPORTED) Special (Blue tagged) - WHITE RICE,
2026-02-10,130000000,MAYPAJO PUBLIC MARKET,Rice,COMMERCIAL (IMPORTED) Special (Blue tagged) - WHITE RICE,
2026-02-10,130000000,PACO MARKET,Rice,COMMERCIAL (IMPORTED) Special (Blue tagged) - WHITE RICE,
2026-02-10,130000000,DAGONOY MARKET,Rice,COMMERCIAL (IMPORTED) Special (Blue tagged) - WHITE RICE,
2026-02-10,130000000,TRABAJO MARKET,Rice,COMMERCIAL (IMPORTED) Special (Blue tagged) - WHITE RICE,
2026-02-10,130000000,BLUMENTRITT MARKET,Rice,COMMERCIAL (IMPORTED) Special (Blue tagged) - WHITE RICE,
2026-02-10,130000000,MANDALUYONG PUBLIC MARKET I,Rice,COMMERCIAL (IMPORTED) Special (Blue tagged) - WHITE RICE,
2026-02-10,130000000,NAVOTAS AGORA MARKET,Rice,COMMERCIAL (IMPORTED) Special (Blue tagged) - WHITE RICE,
2026-02-10,130000000,LA HUERTA MARKET,Rice,COMMERCIAL (IMPORTED) Special (Blue tagged) - WHITE RICE,
2026-02-10,130000000,CARTIMAR MARKET,Rice,COMMERCIAL (IMPORTED) Special (Blue tagged) - WHITE RICE,
2026-02-10,130000000,GRACE MARKETPLACE (PATEROS),Rice,COMMERCIAL (IMPORTED) Special (Blue tagged) - WHITE RICE,
2026-02-10,130000000,MURPHY MARKET,Rice,COMMERCIAL (IMPORTED) Special (Blue tagged) - WHITE RICE,
2026-02-10,130000000,KAMUNING MARKET,Rice,COMMERCIAL (IMPORTED) Special (Blue tagged) - WHITE RICE,
2026-02-10,130000000,AGORA PUBLIC MARKET (SAN JUAN),Rice,COMMERCIAL (IMPORTED) Special (Blue tagged) - WHITE RICE,
2026-02-10,130000000,BICUTAN MARKET,Rice,COMMERCIAL (IMPORTED) Special (Blue tagged) - WHITE RICE,
2026-02-10,130000000,TAGUIG PEOPLE'S MARKET,Rice,COMMERCIAL (IMPORTED) Special (Blue tagged) - WHITE RICE,
2026-02-10,130000000,NEW MARULAS PUBLIC MARKET,Rice,COMMERCIAL (IMPORTED) Special (Blue tagged) - WHITE RICE,
2026-02-10,130000000,BALINTAWAK MARKET (CLOVERLEAF),Rice,COMMERCIAL (IMPORTED) Special (Blue tagged) - WHITE RICE,
2026-02-10,130000000,FARMERS MARKET,Rice,COMMERCIAL (IMPORTED) Special (Blue tagged) - WHITE RICE,
2026-02-10,130000000,COMMONWEALTH MARKET,Rice,COMMERCIAL (IMPORTED) Well Milled - 1-19% BRAN STREAK,
2026-02-10,130000000,GUADALUPE PUBLIC MARKET,Rice,COMMERCIAL (IMPORTED) Well Milled - 1-19% BRAN STREAK,
2026-02-10,130000000,NEW LAS PINAS CITY PUBLIC MARKET,Rice,COMMERCIAL (IMPORTED) Well Milled - 1-19% BRAN STREAK,
2026-02-10,130000000,MARIKINA PUBLIC MARKET,Rice,COMMERCIAL (IMPORTED) Well Milled - 1-19% BRAN STREAK,
2026-02-10,130000000,MUNOZ MARKET,Rice,COMMERCIAL (IMPORTED) Well Milled - 1-19% BRAN STREAK,
2026-02-10,130000000,PASAY CITY MARKET,Rice,COMMERCIAL (IMPORTED) Well Milled - 1-19% BRAN STREAK,
2026-02-10,130000000,MUTYA NG PASIG MEGA MARKET,Rice,COMMERCIAL (IMPORTED) Well Milled - 1-19% BRAN STREAK,
2026-02-10,130000000,QUINTA MARKET,Rice,COMMERCIAL (IMPORTED) Well Milled - 1-19% BRAN STREAK,
2026-02-10,130000000,SAN ANDRES MARKET,Rice,COMMERCIAL (IMPORTED) Well Milled - 1-19% BRAN STREAK,
2026-02-10,130000000,MEGA Q MART,Rice,COMMERCIAL (IMPORTED) Well Milled - 1-19% BRAN STREAK,
2026-02-10,130000000,PAMILIHANG LUNGSOD NG MUNTINLUPA,Rice,COMMERCIAL (IMPORTED) Well Milled - 1-19% BRAN STREAK,
2026-02-10,130000000,MALABON CENTRAL MARKET,Rice,COMMERCIAL (IMPORTED) Well Milled - 1-19% BRAN STREAK,
2026-02-10,130000000,PRITIL MARKET,Rice,COMMERCIAL (IMPORTED) Well Milled - 1-19% BRAN STREAK,
2026-02-10,130000000,MAYPAJO PUBLIC MARKET,Rice,COMMERCIAL (IMPORTED) Well Milled - 1-19% BRAN STREAK,
2026-02-10,130000000,PACO MARKET,Rice,COMMERCIAL (IMPORTED) Well Milled - 1-19% BRAN STREAK,
2026-02-10,130000000,DAGONOY MARKET,Rice,COMMERCIAL (IMPORTED) Well Milled - 1-19% BRAN STREAK,
2026-02-10,130000000,TRABAJO MARKET,Rice,COMMERCIAL (IMPORTED) Well Milled - 1-19% BRAN STREAK,
2026-02-10,130000000,BLUMENTRITT MARKET,Rice,COMMERCIAL (IMPORTED) Well Milled - 1-19% BRAN STREAK,
2026-02-10,130000000,MANDALUYONG PUBLIC MARKET I,Rice,COMMERCIAL (IMPORTED) Well Milled - 1-19% BRAN STREAK,
2026-02-10,130000000,NAVOTAS AGORA MARKET,Rice,COMMERCIAL (IMPORTED) Well Milled - 1-19% BRAN STREAK,
2026-02-10,130000000,LA HUERTA MARKET,Rice,COMMERCIAL (IMPORTED) Well Milled - 1-19% BRAN STREAK,
2026-02-10,130000000,CARTIMAR MARKET,Rice,COMMERCIAL (IMPORTED) Well Milled - 1-19% BRAN STREAK,
2026-02-10,130000000,GRACE MARKETPLACE (PATEROS),Rice,COMMERCIAL (IMPORTED) Well Milled - 1-19% BRAN STREAK,
2026-02-10,130000000,MURPHY MARKET,Rice,COMMERCIAL (IMPORTED) Well Milled - 1-19% BRAN STREAK,
2026-02-10,130000000,KAMUNING MARKET,Rice,COMMERCIAL (IMPORTED) Well Milled - 1-19% BRAN STREAK,
2026-02-10,130000000,AGORA PUBLIC MARKET (SAN JUAN),Rice,COMMERCIAL (IMPORTED) Well Milled - 1-19% BRAN STREAK,
2026-02-10,130000000,BICUTAN MARKET,Rice,COMMERCIAL (IMPORTED) Well Milled - 1-19% BRAN STREAK,
2026-02-10,130000000,TAGUIG PEOPLE'S MARKET,Rice,COMMERCIAL (IMPORTED) Well Milled - 1-19% BRAN STREAK,
2026-02-10,130000000,NEW MARULAS PUBLIC MARKET,Rice,COMMERCIAL (IMPORTED) Well Milled - 1-19% BRAN STREAK,
2026-02-10,130000000,BALINTAWAK MARKET (CLOVERLEAF),Rice,COMMERCIAL (IMPORTED) Well Milled - 1-19% BRAN STREAK,
2026-02-10,130000000,FARMERS MARKET,Rice,COMMERCIAL (IMPORTED) Well Milled - 1-19% BRAN STREAK,
2026-02-10,130000000,COMMONWEALTH MARKET,Rice,COMMERCIAL (LOCAL) Premium (Yellow tagged) - 5% BROKEN,
2026-02-10,130000000,GUADALUPE PUBLIC MARKET,Rice,COMMERCIAL (LOCAL) Premium (Yellow tagged) - 5% BROKEN,52.0
2026-02-10,130000000,NEW LAS PINAS CITY PUBLIC MARKET,Rice,COMMERCIAL (LOCAL) Premium (Yellow tagged) - 5% BROKEN,54.0
2026-02-10,130000000,MARIKINA PUBLIC MARKET,Rice,COMMERCIAL (LOCAL) Premium (Yellow tagged) - 5% BROKEN,54.0
2026-02-10,130000000,MUNOZ MARKET,Rice,COMMERCIAL (LOCAL) Premium (Yellow tagged) - 5% BROKEN,
2026-02-10,130000000,PASAY CITY MARKET,Rice,COMMERCIAL (LOCAL) Premium (Yellow tagged) - 5% BROKEN,55.0
2026-02-10,130000000,MUTYA NG PASIG MEGA MARKET,Rice,COMMERCIAL (LOCAL) Premium (Yellow tagged) - 5% BROKEN,
2026-02-10,130000000,QUINTA MARKET,Rice,COMMERCIAL (LOCAL) Premium (Yellow tagged) - 5% BROKEN,52.0
2026-02-10,130000000,SAN ANDRES MARKET,Rice,COMMERCIAL (LOCAL) Premium (Yellow tagged) - 5% BROKEN,
2026-02-10,130000000,MEGA Q MART,Rice,COMMERCIAL (LOCAL) Premium (Yellow tagged) - 5% BROKEN,55.0
2026-02-10,130000000,PAMILIHANG LUNGSOD NG MUNTINLUPA,Rice,COMMERCIAL (LOCAL) Premium (Yellow tagged) - 5% BROKEN,50.0
2026-02-10,130000000,MALABON CENTRAL MARKET,Rice,COMMERCIAL (LOCAL) Premium (Yellow tagged) - 5% BROKEN,
2026-02-10,130000000,PRITIL MARKET,Rice,COMMERCIAL (LOCAL) Premium (Yellow tagged) - 5% BROKEN,46.0
2026-02-10,130000000,MAYPAJO PUBLIC MARKET,Rice,COMMERCIAL (LOCAL) Premium (Yellow tagged) - 5% BROKEN,
2026-02-10,130000000,PACO MARKET,Rice,COMMERCIAL (LOCAL) Premium (Yellow tagged) - 5% BROKEN,
2026-02-10,130000000,DAGONOY MARKET,Rice,COMMERCIAL (LOCAL) Premium (Yellow tagged) - 5% BROKEN,55.0
2026-02-10,130000000,TRABAJO MARKET,Rice,COMMERCIAL (LOCAL) Premium (Yellow tagged) - 5% BROKEN,60.0
2026-02-10,130000000,BLUMENTRITT MARKET,Rice,COMMERCIAL (LOCAL) Premium (Yellow tagged) - 5% BROKEN,
2026-02-10,130000000,MANDALUYONG PUBLIC MARKET I,Rice,COMMERCIAL (LOCAL) Premium (Yellow tagged) - 5% BROKEN,
2026-02-10,130000000,NAVOTAS AGORA MARKET,Rice,COMMERCIAL (LOCAL) Premium (Yellow tagged) - 5% BROKEN,46.0
2026-02-10,130000000,LA HUERTA MARKET,Rice,COMMERCIAL (LOCAL) Premium (Yellow tagged) - 5% BROKEN,
2026-02-10,130000000,CARTIMAR MARKET,Rice,COMMERCIAL (LOCAL) Premium (Yellow tagged) - 5% BROKEN,
2026-02-10,130000000,GRACE MARKETPLACE (PATEROS),Rice,COMMERCIAL (LOCAL) Premium (Yellow tagged) - 5% BROKEN,
2026-02-10,130000000,MURPHY MARKET,Rice,COMMERCIAL (LOCAL) Premium (Yellow tagged) - 5% BROKEN,56.0
2026-02-10,130000000,KAMUNING MARKET,Rice,COMMERCIAL (LOCAL) Premium (Yellow tagged) - 5% BROKEN,
2026-02-10,130000000,AGORA PUBLIC MARKET (SAN JUAN),Rice,COMMERCIAL (LOCAL) Premium (Yellow tagged) - 5% BROKEN,
2026-02-10,130000000,BICUTAN MARKET,Rice,COMMERCIAL (LOCAL) Premium (Yellow tagged) - 5% BROKEN,
2026-02-10,130000000,TAGUIG PEOPLE'S MARKET,Rice,COMMERCIAL (LOCAL) Premium (Yellow tagged) - 5% BROKEN,
2026-02-10,130000000,NEW MARULAS PUBLIC MARKET,Rice,COMMERCIAL (LOCAL) Premium (Yellow tagged) - 5% BROKEN,
2026-02-10,130000000,BALINTAWAK MARKET (CLOVERLEAF),Rice,COMMERCIAL (LOCAL) Premium (Yellow tagged) - 5% BROKEN,
2026-02-10,130000000,FARMERS MARKET,Rice,COMMERCIAL (LOCAL) Premium (Yellow tagged) - 5% BROKEN,
2026-02-10,130000000,COMMONWEALTH MARKET,Rice,COMMERCIAL (LOCAL) Regular Milled - 20-40% BRAN STREAK,
2026-02-10,130000000,GUADALUPE PUBLIC MARKET,Rice,COMMERCIAL (LOCAL) Regular Milled - 20-40% BRAN STREAK,50.0
2026-02-10,130000000,NEW LAS PINAS CITY PUBLIC MARKET,Rice,COMMERCIAL (LOCAL) Regular Milled - 20-40% BRAN STREAK,
2026-02-10,130000000,MARIKINA PUBLIC MARKET,Rice,COMMERCIAL (LOCAL) Regular Milled - 20-40% BRAN STREAK,
2026-02-10,130000000,MUNOZ MARKET,Rice,COMMERCIAL (LOCAL) Regular Milled - 20-40% BRAN STREAK,
2026-02-10,130000000,PASAY CITY MARKET,Rice,COMMERCIAL (LOCAL) Regular Milled - 20-40% BRAN STREAK,
2026-02-10,130000000,MUTYA NG PASIG MEGA MARKET,Rice,COMMERCIAL (LOCAL) Regular Milled - 20-40% BRAN STREAK,
2026-02-10,130000000,QUINTA MARKET,Rice,COMMERCIAL (LOCAL) Regular Milled - 20-40% BRAN STREAK,
2026-02-10,130000000,SAN ANDRES MARKET,Rice,COMMERCIAL (LOCAL) Regular Milled - 20-40% BRAN STREAK,
2026-02-10,130000000,MEGA Q MART,Rice,COMMERCIAL (LOCAL) Regular Milled - 20-40% BRAN STREAK,
2026-02-10,130000000,PAMILIHANG LUNGSOD NG MUNTINLUPA,Rice,COMMERCIAL (LOCAL) Regular Milled - 20-40% BRAN STREAK,42.0
2026-02-10,130000000,MALABON CENTRAL MARKET,Rice,COMMERCIAL (LOCAL) Regular Milled - 20-40% BRAN STREAK,
2026-02-10,130000000,PRITIL MARKET,Rice,COMMERCIAL (LOCAL) Regular Milled - 20-40% BRAN STREAK,42.0
2026-02-10,130000000,MAYPAJO PUBLIC MARKET,Rice,COMMERCIAL (LOCAL) Regular Milled - 20-40% BRAN STREAK,
2026-02-10,130000000,PACO MARKET,Rice,COMMERCIAL (LOCAL) Regular Milled - 20-40% BRAN STREAK,
2026-02-10,130000000,DAGONOY MARKET,Rice,COMMERCIAL (LOCAL) Regular Milled - 20-40% BRAN STREAK,
2026-02-10,130000000,TRABAJO MARKET,Rice,COMMERCIAL (LOCAL) Regular Milled - 20-40% BRAN STREAK,
2026-02-10,130000000,BLUMENTRITT MARKET,Rice,COMMERCIAL (LOCAL) Regular Milled - 20-40% BRAN STREAK,
2026-02-10,130000000,MANDALUYONG PUBLIC MARKET I,Rice,COMMERCIAL (LOCAL) Regular Milled - 20-40% BRAN STREAK,
2026-02-10,130000000,NAVOTAS AGORA MARKET,Rice,COMMERCIAL (LOCAL) Regular Milled - 20-40% BRAN STREAK,40.0
2026-02-10,130000000,LA HUERTA MARKET,Rice,COMMERCIAL (LOCAL) Regular Milled - 20-40% BRAN STREAK,
2026-02-10,130000000,CARTIMAR MARKET,Rice,COMMERCIAL (LOCAL) Regular Milled - 20-40% BRAN STREAK,
2026-02-10,130000000,GRACE MARKETPLACE (PATEROS),Rice,COMMERCIAL (LOCAL) Regular Milled - 20-40% BRAN STREAK,
2026-02-10,130000000,MURPHY MARKET,Rice,COMMERCIAL (LOCAL) Regular Milled - 20-40% BRAN STREAK,
2026-02-10,130000000,KAMUNING MARKET,Rice,COMMERCIAL (LOCAL) Regular Milled - 20-40% BRAN STREAK,40.0
2026-02-10,130000000,AGORA PUBLIC MARKET (SAN JUAN),Rice,COMMERCIAL (LOCAL) Regular Milled - 20-40% BRAN STREAK,
2026-02-10,130000000,BICUTAN MARKET,Rice,COMMERCIAL (LOCAL) Regular Milled - 20-40% BRAN STREAK,
2026-02-10,130000000,TAGUIG PEOPLE'S MARKET,Rice,COMMERCIAL (LOCAL) Regular Milled - 20-40% BRAN STREAK,
2026-02-10,130000000,NEW MARULAS PUBLIC MARKET,Rice,COMMERCIAL (LOCAL) Regular Milled - 20-40% BRAN STREAK,
2026-02-10,130000000,BALINTAWAK MARKET (CLOVERLEAF),Rice,COMMERCIAL (LOCAL) Regular Milled - 20-40% BRAN STREAK,
2026-02-10,130000000,FARMERS MARKET,Rice,COMMERCIAL (LOCAL) Regular Milled - 20-40% BRAN STREAK,
2026-02-10,130000000,COMMONWEALTH MARKET,Rice,COMMERCIAL (LOCAL) Special (Blue tagged) - WHITE RICE,
2026-02-10,130000000,GUADALUPE PUBLIC MARKET,Rice,COMMERCIAL (LOCAL) Special (Blue tagged) - WHITE RICE,60.0
2026-02-10,130000000,NEW LAS PINAS CITY PUBLIC MARKET,Rice,COMMERCIAL (LOCAL) Special (Blue tagged) - WHITE RICE,60.0
2026-02-10,130000000,MARIKINA PUBLIC MARKET,Rice,COMMERCIAL (LOCAL) Special (Blue tagged) - WHITE RICE,59.0
2026-02-10,130000000,MUNOZ MARKET,Rice,COMMERCIAL (LOCAL) Special (Blue tagged) - WHITE RICE,60.0
2026-02-10,130000000,PASAY CITY MARKET,Rice,COMMERCIAL (LOCAL) Special (Blue tagged) - WHITE RICE,60.0
2026-02-10,130000000,MUTYA NG PASIG MEGA MARKET,Rice,COMMERCIAL (LOCAL) Special (Blue tagged) - WHITE RICE,
2026-02-10,130000000,QUINTA MARKET,Rice,COMMERCIAL (LOCAL) Special (Blue tagged) - WHITE RICE,60.0
2026-02-10,130000000,SAN ANDRES MARKET,Rice,COMMERCIAL (LOCAL) Special (Blue tagged) - WHITE RICE,
2026-02-10,130000000,MEGA Q MART,Rice,COMMERCIAL (LOCAL) Special (Blue tagged) - WHITE RICE,58.0
2026-02-10,130000000,PAMILIHANG LUNGSOD NG MUNTINLUPA,Rice,COMMERCIAL (LOCAL) Special (Blue tagged) - WHITE RICE,57.0
2026-02-10,130000000,MALABON CENTRAL MARKET,Rice,COMMERCIAL (LOCAL) Special (Blue tagged) - WHITE RICE,
2026-02-10,130000000,PRITIL MARKET,Rice,COMMERCIAL (LOCAL) Special (Blue tagged) - WHITE RICE,58.0
2026-02-10,130000000,MAYPAJO PUBLIC MARKET,Rice,COMMERCIAL (LOCAL) Special (Blue tagged) - WHITE RICE,
2026-02-10,130000000,PACO MARKET,Rice,COMMERCIAL (LOCAL) Special (Blue tagged) - WHITE RICE,
2026-02-10,130000000,DAGONOY MARKET,Rice,COMMERCIAL (LOCAL) Special (Blue tagged) - WHITE RICE,60.0
2026-02-10,130000000,TRABAJO MARKET,Rice,COMMERCIAL (LOCAL) Special (Blue tagged) - WHITE RICE,
2026-02-10,130000000,BLUMENTRITT MARKET,Rice,COMMERCIAL (LOCAL) Special (Blue tagged) - WHITE RICE,
2026-02-10,130000000,MANDALUYONG PUBLIC MARKET I,Rice,COMMERCIAL (LOCAL) Special (Blue tagged) - WHITE RICE,
2026-02-10,130000000,NAVOTAS AGORA MARKET,Rice,COMMERCIAL (LOCAL) Special (Blue tagged) - WHITE RICE,55.0
2026-02-10,130000000,LA HUERTA MARKET,Rice,COMMERCIAL (LOCAL) Special (Blue tagged) - WHITE RICE,
2026-02-10,130000000,CARTIMAR MARKET,Rice,COMMERCIAL (LOCAL) Special (Blue tagged) - WHITE RICE,
2026-02-10,130000000,GRACE MARKETPLACE (PATEROS),Rice,COMMERCIAL (LOCAL) Special (Blue tagged) - WHITE RICE,
2026-02-10,130000000,MURPHY MARKET,Rice,COMMERCIAL (LOCAL) Special (Blue tagged) - WHITE RICE,60.0
2026-02-10,130000000,KAMUNING MARKET,Rice,COMMERCIAL (LOCAL) Special (Blue tagged) - WHITE RICE,63.0
2026-02-10,130000000,AGORA PUBLIC MARKET (SAN JUAN),Rice,COMMERCIAL (LOCAL) Special (Blue tagged) - WHITE RICE,
2026-02-10,130000000,BICUTAN MARKET,Rice,COMMERCIAL (LOCAL) Special (Blue tagged) - WHITE RICE,
2026-02-10,130000000,TAGUIG PEOPLE'S MARKET,Rice,COMMERCIAL (LOCAL) Special (Blue tagged) - WHITE RICE,
2026-02-10,130000000,NEW MARULAS PUBLIC MARKET,Rice,COMMERCIAL (LOCAL) Special (Blue tagged) - WHITE RICE,
2026-02-10,130000000,BALINTAWAK MARKET (CLOVERLEAF),Rice,COMMERCIAL (LOCAL) Special (Blue tagged) - WHITE RICE,
2026-02-10,130000000,FARMERS MARKET,Rice,COMMERCIAL (LOCAL) Special (Blue tagged) - WHITE RICE,
2026-02-10,130000000,COMMONWEALTH MARKET,Rice,COMMERCIAL (LOCAL) Well Milled - 1-19% BRAN STREAK,
2026-02-10,130000000,GUADALUPE PUBLIC MARKET,Rice,COMMERCIAL (LOCAL) Well Milled - 1-19% BRAN STREAK,50.0
2026-02-10,130000000,NEW LAS PINAS CITY PUBLIC MARKET,Rice,COMMERCIAL (LOCAL) Well Milled - 1-19% BRAN STREAK,
2026-02-10,130000000,MARIKINA PUBLIC MARKET,Rice,COMMERCIAL (LOCAL) Well Milled - 1-19% BRAN STREAK,
2026-02-10,130000000,MUNOZ MARKET,Rice,COMMERCIAL (LOCAL) Well Milled - 1-19% BRAN STREAK,
2026-02-10,130000000,PASAY CITY MARKET,Rice,COMMERCIAL (LOCAL) Well Milled - 1-19% BRAN STREAK,
2026-02-10,130000000,MUTYA NG PASIG MEGA MARKET,Rice,COMMERCIAL (LOCAL) Well Milled - 1-19% BRAN STREAK,
2026-02-10,130000000,QUINTA MARKET,Rice,COMMERCIAL (LOCAL) Well Milled - 1-19% BRAN STREAK,
2026-02-10,130000000,SAN ANDRES MARKET,Rice,COMMERCIAL (LOCAL) Well Milled - 1-19% BRAN STREAK,
2026-02-10,130000000,MEGA Q MART,Rice,COMMERCIAL (LOCAL) Well Milled - 1-19% BRAN STREAK,50.0
2026-02-10,130000000,PAMILIHANG LUNGSOD NG MUNTINLUPA,Rice,COMMERCIAL (LOCAL) Well Milled - 1-19% BRAN STREAK,45.0
2026-02-10,130000000,MALABON CENTRAL MARKET,Rice,COMMERCIAL (LOCAL) Well Milled - 1-19% BRAN STREAK,
2026-02-10,130000000,PRITIL MARKET,Rice,COMMERCIAL (LOCAL) Well Milled - 1-19% BRAN STREAK,42.0
2026-02-10,130000000,MAYPAJO PUBLIC MARKET,Rice,COMMERCIAL (LOCAL) Well Milled - 1-19% BRAN STREAK,
2026-02-10,130000000,PACO MARKET,Rice,COMMERCIAL (LOCAL) Well Milled - 1-19% BRAN STREAK,
2026-02-10,130000000,DAGONOY MARKET,Rice,COMMERCIAL (LOCAL) Well Milled - 1-19% BRAN STREAK,42.0
2026-02-10,130000000,TRABAJO MARKET,Rice,COMMERCIAL (LOCAL) Well Milled - 1-19% BRAN STREAK,48.0
2026-02-10,130000000,BLUMENTRITT MARKET,Rice,COMMERCIAL (LOCAL) Well Milled - 1-19% BRAN STREAK,
2026-02-10,130000000,MANDALUYONG PUBLIC MARKET I,Rice,COMMERCIAL (LOCAL) Well Milled - 1-19% BRAN STREAK,
2026-02-10,130000000,NAVOTAS AGORA MARKET,Rice,COMMERCIAL (LOCAL) Well Milled - 1-19% BRAN STREAK,42.0
2026-02-10,130000000,LA HUERTA MARKET,Rice,COMMERCIAL (LOCAL) Well Milled - 1-19% BRAN STREAK,
2026-02-10,130000000,CARTIMAR MARKET,Rice,COMMERCIAL (LOCAL) Well Milled - 1-19% BRAN STREAK,
2026-02-10,130000000,GRACE MARKETPLACE (PATEROS),Rice,COMMERCIAL (LOCAL) Well Milled - 1-19% BRAN STREAK,
2026-02-10,130000000,MURPHY MARKET,Rice,COMMERCIAL (LOCAL) Well Milled - 1-19% BRAN STREAK,
2026-02-10,130000000,KAMUNING MARKET,Rice,COMMERCIAL (LOCAL) Well Milled - 1-19% BRAN STREAK,45.0
2026-02-10,130000000,AGORA PUBLIC MARKET (SAN JUAN),Rice,COMMERCIAL (LOCAL) Well Milled - 1-19% BRAN STREAK,
2026-02-10,130000000,BICUTAN MARKET,Rice,COMMERCIAL (LOCAL) Well Milled - 1-19% BRAN STREAK,
2026-02-10,130000000,TAGUIG PEOPLE'S MARKET,Rice,COMMERCIAL (LOCAL) Well Milled - 1-19% BRAN STREAK,
2026-02-10,130000000,NEW MARULAS PUBLIC MARKET,Rice,COMMERCIAL (LOCAL) Well Milled - 1-19% BRAN STREAK,
2026-02-10,130000000,BALINTAWAK MARKET (CLOVERLEAF),Rice,COMMERCIAL (LOCAL) Well Milled - 1-19% BRAN STREAK,
2026-02-10,130000000,FARMERS MARKET,Rice,COMMERCIAL (LOCAL) Well Milled - 1-19% BRAN STREAK,
2026-02-10,130000000,COMMONWEALTH MARKET,Corn,"Corn (White) - Cob, Glutinous",
2026-02-10,130000000,GUADALUPE PUBLIC MARKET,Corn,"Corn (White) - Cob, Glutinous",
2026-02-10,130000000,NEW LAS PINAS CITY PUBLIC MARKET,Corn,"Corn (White) - Cob, Glutinous",
2026-02-10,130000000,MARIKINA PUBLIC MARKET,Corn,"Corn (White) - Cob, Glutinous",
2026-02-10,130000000,MUNOZ MARKET,Corn,"Corn (White) - Cob, Glutinous",
2026-02-10,130000000,PASAY CITY MARKET,Corn,"Corn (White) - Cob, Glutinous",
2026-02-10,130000000,MUTYA NG PASIG MEGA MARKET,Corn,"Corn (White) - Cob, Glutinous",
2026-02-10,130000000,QUINTA MARKET,Corn,"Corn (White) - Cob, Glutinous",
2026-02-10,130000000,SAN ANDRES MARKET,Corn,"Corn (White) - Cob, Glutinous",
2026-02-10,130000000,MEGA Q MART,Corn,"Corn (White) - Cob, Glutinous",
2026-02-10,130000000,PAMILIHANG LUNGSOD NG MUNTINLUPA,Corn,"Corn (White) - Cob, Glutinous",
2026-02-10,130000000,MALABON CENTRAL MARKET,Corn,"Corn (White) - Cob, Glutinous",
2026-02-10,130000000,PRITIL MARKET,Corn,"Corn (White) - Cob, Glutinous",
2026-02-10,130000000,MAYPAJO PUBLIC MARKET,Corn,"Corn (White) - Cob, Glutinous",
2026-02-10,130000000,PACO MARKET,Corn,"Corn (White) - Cob, Glutinous",
2026-02-10,130000000,DAGONOY MARKET,Corn,"Corn (White) - Cob, Glutinous",
2026-02-10,130000000,TRABAJO MARKET,Corn,"Corn (White) - Cob, Glutinous",
2026-02-10,130000000,BLUMENTRITT MARKET,Corn,"Corn (White) - Cob, Glutinous",
2026-02-10,130000000,MANDALUYONG PUBLIC MARKET I,Corn,"Corn (White) - Cob, Glutinous",
2026-02-10,130000000,NAVOTAS AGORA MARKET,Corn,"Corn (White) - Cob, Glutinous",
2026-02-10,130000000,LA HUERTA MARKET,Corn,"Corn (White) - Cob, Glutinous",
2026-02-10,130000000,CARTIMAR MARKET,Corn,"Corn (White) - Cob, Glutinous",
2026-02-10,130000000,GRACE MARKETPLACE (PATEROS),Corn,"Corn (White) - Cob, Glutinous",
2026-02-10,130000000,MURPHY MARKET,Corn,"Corn (White) - Cob, Glutinous",
2026-02-10,130000000,KAMUNING MARKET,Corn,"Corn (White) - Cob, Glutinous",80.0
2026-02-10,130000000,AGORA PUBLIC MARKET (SAN JUAN),Corn,"Corn (White) - Cob, Glutinous",
2026-02-10,130000000,BICUTAN MARKET,Corn,"Corn (White) - Cob, Glutinous",
2026-02-10,130000000,TAGUIG PEOPLE'S MARKET,Corn,"Corn (White) - Cob, Glutinous",
2026-02-10,130000000,NEW MARULAS PUBLIC MARKET,Corn,"Corn (White) - Cob, Glutinous",
2026-02-10,130000000,BALINTAWAK MARKET (CLOVERLEAF),Corn,"Corn (White) - Cob, Glutinous",
2026-02-10,130000000,FARMERS MARKET,Corn,"Corn (White) - Cob, Glutinous",
2026-02-10,130000000,COMMONWEALTH MARKET,Corn,"Corn (Yellow) - Cob, Sweet Corn",
2026-02-10,130000000,GUADALUPE PUBLIC MARKET,Corn,"Corn (Yellow) - Cob, Sweet Corn",80.0
2026-02-10,130000000,NEW LAS PINAS CITY PUBLIC MARKET,Corn,"Corn (Yellow) - Cob, Sweet Corn",
2026-02-10,130000000,MARIKINA PUBLIC MARKET,Corn,"Corn (Yellow) - Cob, Sweet Corn",70.0
2026-02-10,130000000,MUNOZ MARKET,Corn,"Corn (Yellow) - Cob, Sweet Corn",70.0
2026-02-10,130000000,PASAY CITY MARKET,Corn,"Corn (Yellow) - Cob, Sweet Corn",
2026-02-10,130000000,MUTYA NG PASIG MEGA MARKET,Corn,"Corn (Yellow) - Cob, Sweet Corn",
2026-02-10,130000000,QUINTA MARKET,Corn,"Corn (Yellow) - Cob, Sweet Corn",80.0
2026-02-10,130000000,SAN ANDRES MARKET,Corn,"Corn (Yellow) - Cob, Sweet Corn",
2026-02-10,130000000,MEGA Q MART,Corn,"Corn (Yellow) - Cob, Sweet Corn",60.0
2026-02-10,130000000,PAMILIHANG LUNGSOD NG MUNTINLUPA,Corn,"Corn (Yellow) - Cob, Sweet Corn",
2026-02-10,130000000,MALABON CENTRAL MARKET,Corn,"Corn (Yellow) - Cob, Sweet Corn",
2026-02-10,130000000,PRITIL MARKET,Corn,"Corn (Yellow) - Cob, Sweet Corn",80.0
2026-02-10,130000000,MAYPAJO PUBLIC MARKET,Corn,"Corn (Yellow) - Cob, Sweet Corn",80.0
2026-02-10,130000000,PACO MARKET,Corn,"Corn (Yellow) - Cob, Sweet Corn",
2026-02-10,130000000,DAGONOY MARKET,Corn,"Corn (Yellow) - Cob, Sweet Corn",90.0
2026-02-10,130000000,TRABAJO MARKET,Corn,"Corn (Yellow) - Cob, Sweet Corn",
2026-02-10,130000000,BLUMENTRITT MARKET,Corn,"Corn (Yellow) - Cob, Sweet Corn",
2026-02-10,130000000,MANDALUYONG PUBLIC MARKET I,Corn,"Corn (Yellow) - Cob, Sweet Corn",
2026-02-10,130000000,NAVOTAS AGORA MARKET,Corn,"Corn (Yellow) - Cob, Sweet Corn",90.0
2026-02-10,130000000,LA HUERTA MARKET,Corn,"Corn (Yellow) - Cob, Sweet Corn",
2026-02-10,130000000,CARTIMAR MARKET,Corn,"Corn (Yellow) - Cob, Sweet Corn",
2026-02-10,130000000,GRACE MARKETPLACE (PATEROS),Corn,"Corn (Yellow) - Cob, Sweet Corn",100.0
2026-02-10,130000000,MURPHY MARKET,Corn,"Corn (Yellow) - Cob, Sweet Corn",
2026-02-10,130000000,KAMUNING MARKET,Corn,"Corn (Yellow) - Cob, Sweet Corn",80.0
2026-02-10,130000000,AGORA PUBLIC MARKET (SAN JUAN),Corn,"Corn (Yellow) - Cob, Sweet Corn",
2026-02-10,130000000,BICUTAN MARKET,Corn,"Corn (Yellow) - Cob, Sweet Corn",
2026-02-10,130000000,TAGUIG PEOPLE'S MARKET,Corn,"Corn (Yellow) - Cob, Sweet Corn",
2026-02-10,130000000,NEW MARULAS PUBLIC MARKET,Corn,"Corn (Yellow) - Cob, Sweet Corn",
2026-02-10,130000000,BALINTAWAK MARKET (CLOVERLEAF),Corn,"Corn (Yellow) - Cob, Sweet Corn",
2026-02-10,130000000,FARMERS MARKET,Corn,"Corn (Yellow) - Cob, Sweet Corn",
2026-02-10,130000000,COMMONWEALTH MARKET,Corn,"Corn Grits (White, Food Grade) - KG",
2026-02-10,130000000,GUADALUPE PUBLIC MARKET,Corn,"Corn Grits (White, Food Grade) - KG",
2026-02-10,130000000,NEW LAS PINAS CITY PUBLIC MARKET,Corn,"Corn Grits (White, Food Grade) - KG",
2026-02-10,130000000,MARIKINA PUBLIC MARKET,Corn,"Corn Grits (White, Food Grade) - KG",
2026-02-10,130000000,MUNOZ MARKET,Corn,"Corn Grits (White, Food Grade) - KG",
2026-02-10,130000000,PASAY CITY MARKET,Corn,"Corn Grits (White, Food Grade) - KG",
2026-02-10,130000000,MUTYA NG PASIG MEGA MARKET,Corn,"Corn Grits (White, Food Grade) - KG",
2026-02-10,130000000,QUINTA MARKET,Corn,"Corn Grits (White, Food Grade) - KG",
2026-02-10,130000000,SAN ANDRES MARKET,Corn,"Corn Grits (White, Food Grade) - KG",
2026-02-10,130000000,MEGA Q MART,Corn,"Corn Grits (White, Food Grade) - KG",
2026-02-10,130000000,PAMILIHANG LUNGSOD NG MUNTINLUPA,Corn,"Corn Grits (White, Food Grade) - KG",
2026-02-10,130000000,MALABON CENTRAL MARKET,Corn,"Corn Grits (White, Food Grade) - KG",
2026-02-10,130000000,PRITIL MARKET,Corn,"Corn Grits (White, Food Grade) - KG",
2026-02-10,130000000,MAYPAJO PUBLIC MARKET,Corn,"Corn Grits (White, Food Grade) - KG",
2026-02-10,130000000,PACO MARKET,Corn,"Corn Grits (White, Food Grade) - KG",
2026-02-10,130000000,DAGONOY MARKET,Corn,"Corn Grits (White, Food Grade) - KG",
2026-02-10,130000000,TRABAJO MARKET,Corn,"Corn Grits (White, Food Grade) - KG",
2026-02-10,130000000,BLUMENTRITT MARKET,Corn,"Corn Grits (White, Food Grade) - KG",
2026-02-10,130000000,MANDALUYONG PUBLIC MARKET I,Corn,"Corn Grits (White, Food Grade) - KG",
2026-02-10,130000000,NAVOTAS AGORA MARKET,Corn,"Corn Grits (White, Food Grade) - KG",
2026-02-10,130000000,LA HUERTA MARKET,Corn,"Corn Grits (White, Food Grade) - KG",
2026-02-10,130000000,CARTIMAR MARKET,Corn,"Corn Grits (White, Food Grade) - KG",
2026-02-10,130000000,GRACE MARKETPLACE (PATEROS),Corn,"Corn Grits (White, Food Grade) - KG",
2026-02-10,130000000,MURPHY MARKET,Corn,"Corn Grits (White, Food Grade) - KG",
2026-02-10,130000000,KAMUNING MARKET,Corn,"Corn Grits (White, Food Grade) - KG",
2026-02-10,130000000,AGORA PUBLIC MARKET (SAN JUAN),Corn,"Corn Grits (White, Food Grade) - KG",
2026-02-10,130000000,BICUTAN MARKET,Corn,"Corn Grits (White, Food Grade) - KG",
2026-02-10,130000000,TAGUIG PEOPLE'S MARKET,Corn,"Corn Grits (White, Food Grade) - KG",
2026-02-10,130000000,NEW MARULAS PUBLIC MARKET,Corn,"Corn Grits (White, Food Grade) - KG",
2026-02-10,130000000,BALINTAWAK MARKET (CLOVERLEAF),Corn,"Corn Grits (White, Food Grade) - KG",
2026-02-10,130000000,FARMERS MARKET,Corn,"Corn Grits (White, Food Grade) - KG",
2026-02-10,130000000,COMMONWEALTH MARKET,Corn,"Corn Cracked (Yellow, Feed Grade) - KG",
2026-02-10,130000000,GUADALUPE PUBLIC MARKET,Corn,"Corn Cracked (Yellow, Feed Grade) - KG",
2026-02-10,130000000,NEW LAS PINAS CITY PUBLIC MARKET,Corn,"Corn Cracked (Yellow, Feed Grade) - KG",
2026-02-10,130000000,MARIKINA PUBLIC MARKET,Corn,"Corn Cracked (Yellow, Feed Grade) - KG",
2026-02-10,130000000,MUNOZ MARKET,Corn,"Corn Cracked (Yellow, Feed Grade) - KG",
2026-02-10,130000000,PASAY CITY MARKET,Corn,"Corn Cracked (Yellow, Feed Grade) - KG",
2026-02-10,130000000,MUTYA NG PASIG MEGA MARKET,Corn,"Corn Cracked (Yellow, Feed Grade) - KG",
2026-02-10,130000000,QUINTA MARKET,Corn,"Corn Cracked (Yellow, Feed Grade) - KG",
2026-02-10,130000000,SAN ANDRES MARKET,Corn,"Corn Cracked (Yellow, Feed Grade) - KG",
2026-02-10,130000000,MEGA Q MART,Corn,"Corn Cracked (Yellow, Feed Grade) - KG",
2026-02-10,130000000,PAMILIHANG LUNGSOD NG MUNTINLUPA,Corn,"Corn Cracked (Yellow, Feed Grade) - KG",
2026-02-10,130000000,MALABON CENTRAL MARKET,Corn,"Corn Cracked (Yellow, Feed Grade) - KG",
2026-02-10,130000000,PRITIL MARKET,Corn,"Corn Cracked (Yellow, Feed Grade) - KG",
2026-02-10,130000000,MAYPAJO PUBLIC MARKET,Corn,"Corn Cracked (Yellow, Feed Grade) - KG",
2026-02-10,130000000,PACO MARKET,Corn,"Corn Cracked (Yellow, Feed Grade) - KG",
2026-02-10,130000000,DAGONOY MARKET,Corn,"Corn Cracked (Yellow, Feed Grade) - KG",
2026-02-10,130000000,TRABAJO MARKET,Corn,"Corn Cracked (Yellow, Feed Grade) - KG",
2026-02-10,130000000,BLUMENTRITT MARKET,Corn,"Corn Cracked (Yellow, Feed Grade) - KG",
2026-02-10,130000000,MANDALUYONG PUBLIC MARKET I,Corn,"Corn Cracked (Yellow, Feed Grade) - KG",
2026-02-10,130000000,NAVOTAS AGORA MARKET,Corn,"Corn Cracked (Yellow, Feed Grade) - KG",
2026-02-10,130000000,LA HUERTA MARKET,Corn,"Corn Cracked (Yellow, Feed Grade) - KG",
2026-02-10,130000000,CARTIMAR MARKET,Corn,"Corn Cracked (Yellow, Feed Grade) - KG",
2026-02-10,130000000,GRACE MARKETPLACE (PATEROS),Corn,"Corn Cracked (Yellow, Feed Grade) - KG",
2026-02-10,130000000,MURPHY MARKET,Corn,"Corn Cracked (Yellow, Feed Grade) - KG",
2026-02-10,130000000,KAMUNING MARKET,Corn,"Corn Cracked (Yellow, Feed Grade) - KG",
2026-02-10,130000000,AGORA PUBLIC MARKET (SAN JUAN),Corn,"Corn Cracked (Yellow, Feed Grade) - KG",
2026-02-10,130000000,BICUTAN MARKET,Corn,"Corn Cracked (Yellow, Feed Grade) - KG",
2026-02-10,130000000,TAGUIG PEOPLE'S MARKET,Corn,"Corn Cracked (Yellow, Feed Grade) - KG",
2026-02-10,130000000,NEW MARULAS PUBLIC MARKET,Corn,"Corn Cracked (Yellow, Feed Grade) - KG",
2026-02-10,130000000,BALINTAWAK MARKET (CLOVERLEAF),Corn,"Corn Cracked (Yellow, Feed Grade) - KG",
2026-02-10,130000000,FARMERS MARKET,Corn,"Corn Cracked (Yellow, Feed Grade) - KG",
2026-02-10,130000000,COMMONWEALTH MARKET,Corn,Corn Grits (Feed Grade) - KG,
2026-02-10,130000000,GUADALUPE PUBLIC MARKET,Corn,Corn Grits (Feed Grade) - KG,
2026-02-10,130000000,NEW LAS PINAS CITY PUBLIC MARKET,Corn,Corn Grits (Feed Grade) - KG,
2026-02-10,130000000,MARIKINA PUBLIC MARKET,Corn,Corn Grits (Feed Grade) - KG,
2026-02-10,130000000,MUNOZ MARKET,Corn,Corn Grits (Feed Grade) - KG,
2026-02-10,130000000,PASAY CITY MARKET,Corn,Corn Grits (Feed Grade) - KG,
2026-02-10,130000000,MUTYA NG PASIG MEGA MARKET,Corn,Corn Grits (Feed Grade) - KG,
2026-02-10,130000000,QUINTA MARKET,Corn,Corn Grits (Feed Grade) - KG,
2026-02-10,130000000,SAN ANDRES MARKET,Corn,Corn Grits (Feed Grade) - KG,
2026-02-10,130000000,MEGA Q MART,Corn,Corn Grits (Feed Grade) - KG,
2026-02-10,130000000,PAMILIHANG LUNGSOD NG MUNTINLUPA,Corn,Corn Grits (Feed Grade) - KG,
2026-02-10,130000000,MALABON CENTRAL MARKET,Corn,Corn Grits (Feed Grade) - KG,
2026-02-10,130000000,PRITIL MARKET,Corn,Corn Grits (Feed Grade) - KG,
2026-02-10,130000000,MAYPAJO PUBLIC MARKET,Corn,Corn Grits (Feed Grade) - KG,
2026-02-10,130000000,PACO MARKET,Corn,Corn Grits (Feed Grade) - KG,
2026-02-10,130000000,DAGONOY MARKET,Corn,Corn Grits (Feed Grade) - KG,
2026-02-10,130000000,TRABAJO MARKET,Corn,Corn Grits (Feed Grade) - KG,
2026-02-10,130000000,BLUMENTRITT MARKET,Corn,Corn Grits (Feed Grade) - KG,
2026-02-10,130000000,MANDALUYONG PUBLIC MARKET I,Corn,Corn Grits (Feed Grade) - KG,
2026-02-10,130000000,NAVOTAS AGORA MARKET,Corn,Corn Grits (Feed Grade) - KG,
2026-02-10,130000000,LA HUERTA MARKET,Corn,Corn Grits (Feed Grade) - KG,
2026-02-10,130000000,CARTIMAR MARKET,Corn,Corn Grits (Feed Grade) - KG,
2026-02-10,130000000,GRACE MARKETPLACE (PATEROS),Corn,Corn Grits (Feed Grade) - KG,
2026-02-10,130000000,MURPHY MARKET,Corn,Corn Grits (Feed Grade) - KG,
2026-02-10,130000000,KAMUNING MARKET,Corn,Corn Grits (Feed Grade) - KG,
2026-02-10,130000000,AGORA PUBLIC MARKET (SAN JUAN),Corn,Corn Grits (Feed Grade) - KG,
2026-02-10,130000000,BICUTAN MARKET,Corn,Corn Grits (Feed Grade) - KG,
2026-02-10,130000000,TAGUIG PEOPLE'S MARKET,Corn,Corn Grits (Feed Grade) - KG,
2026-02-10,130000000,NEW MARULAS PUBLIC MARKET,Corn,Corn Grits (Feed Grade) - KG,
2026-02-10,130000000,BALINTAWAK MARKET (CLOVERLEAF),Corn,Corn Grits (Feed Grade) - KG,
2026-02-10,130000000,FARMERS MARKET,Corn,Corn Grits (Feed Grade) - KG,
2026-02-10,130000000,COMMONWEALTH MARKET,Corn,"Corn Grits (Yellow, Food Grade) - KG",
2026-02-10,130000000,GUADALUPE PUBLIC MARKET,Corn,"Corn Grits (Yellow, Food Grade) - KG",
2026-02-10,130000000,NEW LAS PINAS CITY PUBLIC MARKET,Corn,"Corn Grits (Yellow, Food Grade) - KG",
2026-02-10,130000000,MARIKINA PUBLIC MARKET,Corn,"Corn Grits (Yellow, Food Grade) - KG",
2026-02-10,130000000,MUNOZ MARKET,Corn,"Corn Grits (Yellow, Food Grade) - KG",
2026-02-10,130000000,PASAY CITY MARKET,Corn,"Corn Grits (Yellow, Food Grade) - KG",
2026-02-10,130000000,MUTYA NG PASIG MEGA MARKET,Corn,"Corn Grits (Yellow, Food Grade) - KG",
2026-02-10,130000000,QUINTA MARKET,Corn,"Corn Grits (Yellow, Food Grade) - KG",
2026-02-10,130000000,SAN ANDRES MARKET,Corn,"Corn Grits (Yellow, Food Grade) - KG",
2026-02-10,130000000,MEGA Q MART,Corn,"Corn Grits (Yellow, Food Grade) - KG",
2026-02-10,130000000,PAMILIHANG LUNGSOD NG MUNTINLUPA,Corn,"Corn Grits (Yellow, Food Grade) - KG",
2026-02-10,130000000,MALABON CENTRAL MARKET,Corn,"Corn Grits (Yellow, Food Grade) - KG",
2026-02-10,130000000,PRITIL MARKET,Corn,"Corn Grits (Yellow, Food Grade) - KG",
2026-02-10,130000000,MAYPAJO PUBLIC MARKET,Corn,"Corn Grits (Yellow, Food Grade) - KG",
2026-02-10,130000000,PACO MARKET,Corn,"Corn Grits (Yellow, Food Grade) - KG",
2026-02-10,130000000,DAGONOY MARKET,Corn,"Corn Grits (Yellow, Food Grade) - KG",
2026-02-10,130000000,TRABAJO MARKET,Corn,"Corn Grits (Yellow, Food Grade) - KG",
2026-02-10,130000000,BLUMENTRITT MARKET,Corn,"Corn Grits (Yellow, Food Grade) - KG",
2026-02-10,130000000,MANDALUYONG PUBLIC MARKET I,Corn,"Corn Grits (Yellow, Food Grade) - KG",
2026-02-10,130000000,NAVOTAS AGORA MARKET,Corn,"Corn Grits (Yellow, Food Grade) - KG",
2026-02-10,130000000,LA HUERTA MARKET,Corn,"Corn Grits (Yellow, Food Grade) - KG",
2026-02-10,130000000,CARTIMAR MARKET,Corn,"Corn Grits (Yellow, Food Grade) - KG",
2026-02-10,130000000,GRACE MARKETPLACE (PATEROS),Corn,"Corn Grits (Yellow, Food Grade) - KG",
2026-02-10,130000000,MURPHY MARKET,Corn,"Corn Grits (Yellow, Food Grade) - KG",
2026-02-10,130000000,KAMUNING MARKET,Corn,"Corn Grits (Yellow, Food Grade) - KG",
2026-02-10,130000000,AGORA PUBLIC MARKET (SAN JUAN),Corn,"Corn Grits (Yellow, Food Grade) - KG",
2026-02-10,130000000,BICUTAN MARKET,Corn,"Corn Grits (Yellow, Food Grade) - KG",
2026-02-10,130000000,TAGUIG PEOPLE'S MARKET,Corn,"Corn Grits (Yellow, Food Grade) - KG",
2026-02-10,130000000,NEW MARULAS PUBLIC MARKET,Corn,"Corn Grits (Yellow, Food Grade) - KG",
2026-02-10,130000000,BALINTAWAK MARKET (CLOVERLEAF),Corn,"Corn Grits (Yellow, Food Grade) - KG",
2026-02-10,130000000,FARMERS MARKET,Corn,"Corn Grits (Yellow, Food Grade) - KG",
2026-02-10,130000000,COMMONWEALTH MARKET,Legumes,Mungbean - KG,
2026-02-10,130000000,GUADALUPE PUBLIC MARKET,Legumes,Mungbean - KG,120.0
2026-02-10,130000000,NEW LAS PINAS CITY PUBLIC MARKET,Legumes,Mungbean - KG,
2026-02-10,130000000,MARIKINA PUBLIC MARKET,Legumes,Mungbean - KG,130.0
2026-02-10,130000000,MUNOZ MARKET,Legumes,Mungbean - KG,140.0
2026-02-10,130000000,PASAY CITY MARKET,Legumes,Mungbean - KG,100.0
2026-02-10,130000000,MUTYA NG PASIG MEGA MARKET,Legumes,Mungbean - KG,
2026-02-10,130000000,QUINTA MARKET,Legumes,Mungbean - KG,130.0
2026-02-10,130000000,SAN ANDRES MARKET,Legumes,Mungbean - KG,
2026-02-10,130000000,MEGA Q MART,Legumes,Mungbean - KG,120.0
2026-02-10,130000000,PAMILIHANG LUNGSOD NG MUNTINLUPA,Legumes,Mungbean - KG,120.0
2026-02-10,130000000,MALABON CENTRAL MARKET,Legumes,Mungbean - KG,
2026-02-10,130000000,PRITIL MARKET,Legumes,Mungbean - KG,120.0
2026-02-10,130000000,MAYPAJO PUBLIC MARKET,Legumes,Mungbean - KG,140.0
2026-02-10,130000000,PACO MARKET,Legumes,Mungbean - KG,
2026-02-10,130000000,DAGONOY MARKET,Legumes,Mungbean - KG,
2026-02-10,130000000,TRABAJO MARKET,Legumes,Mungbean - KG,140.0
2026-02-10,130000000,BLUMENTRITT MARKET,Legumes,Mungbean - KG,
2026-02-10,130000000,MANDALUYONG PUBLIC MARKET I,Legumes,Mungbean - KG,
2026-02-10,130000000,NAVOTAS AGORA MARKET,Legumes,Mungbean - KG,120.0
2026-02-10,130000000,LA HUERTA MARKET,Legumes,Mungbean - KG,
2026-02-10,130000000,CARTIMAR MARKET,Legumes,Mungbean - KG,
2026-02-10,130000000,GRACE MARKETPLACE (PATEROS),Legumes,Mungbean - KG,
2026-02-10,130000000,MURPHY MARKET,Legumes,Mungbean - KG,140.0
2026-02-10,130000000,KAMUNING MARKET,Legumes,Mungbean - KG,
2026-02-10,130000000,AGORA PUBLIC MARKET (SAN JUAN),Legumes,Mungbean - KG,
2026-02-10,130000000,BICUTAN MARKET,Legumes,Mungbean - KG,
2026-02-10,130000000,TAGUIG PEOPLE'S MARKET,Legumes,Mungbean - KG,
2026-02-10,130000000,NEW MARULAS PUBLIC MARKET,Legumes,Mungbean - KG,
2026-02-10,130000000,BALINTAWAK MARKET (CLOVERLEAF),Legumes,Mungbean - KG,
2026-02-10,130000000,FARMERS MARKET,Legumes,Mungbean - KG,
2026-02-10,130000000,COMMONWEALTH MARKET,Fish,Alumahan - MEDIUM (4-6PCS/KG),
2026-02-10,130000000,GUADALUPE PUBLIC MARKET,Fish,Alumahan - MEDIUM (4-6PCS/KG),400.0
2026-02-10,130000000,NEW LAS PINAS CITY PUBLIC MARKET,Fish,Alumahan - MEDIUM (4-6PCS/KG),
2026-02-10,130000000,MARIKINA PUBLIC MARKET,Fish,Alumahan - MEDIUM (4-6PCS/KG),
2026-02-10,130000000,MUNOZ MARKET,Fish,Alumahan - MEDIUM (4-6PCS/KG),
2026-02-10,130000000,PASAY CITY MARKET,Fish,Alumahan - MEDIUM (4-6PCS/KG),
2026-02-10,130000000,MUTYA NG PASIG MEGA MARKET,Fish,Alumahan - MEDIUM (4-6PCS/KG),
2026-02-10,130000000,QUINTA MARKET,Fish,Alumahan - MEDIUM (4-6PCS/KG),
2026-02-10,130000000,SAN ANDRES MARKET,Fish,Alumahan - MEDIUM (4-6PCS/KG),
2026-02-10,130000000,MEGA Q MART,Fish,Alumahan - MEDIUM (4-6PCS/KG),
2026-02-10,130000000,PAMILIHANG LUNGSOD NG MUNTINLUPA,Fish,Alumahan - MEDIUM (4-6PCS/KG),
2026-02-10,130000000,MALABON CENTRAL MARKET,Fish,Alumahan - MEDIUM (4-6PCS/KG),
2026-02-10,130000000,PRITIL MARKET,Fish,Alumahan - MEDIUM (4-6PCS/KG),
2026-02-10,130000000,MAYPAJO PUBLIC MARKET,Fish,Alumahan - MEDIUM (4-6PCS/KG),
2026-02-10,130000000,PACO MARKET,Fish,Alumahan - MEDIUM (4-6PCS/KG),
2026-02-10,130000000,DAGONOY MARKET,Fish,Alumahan - MEDIUM (4-6PCS/KG),
2026-02-10,130000000,TRABAJO MARKET,Fish,Alumahan - MEDIUM (4-6PCS/KG),
2026-02-10,130000000,BLUMENTRITT MARKET,Fish,Alumahan - MEDIUM (4-6PCS/KG),
2026-02-10,130000000,MANDALUYONG PUBLIC MARKET I,Fish,Alumahan - MEDIUM (4-6PCS/KG),
2026-02-10,130000000,NAVOTAS AGORA MARKET,Fish,Alumahan - MEDIUM (4-6PCS/KG),
2026-02-10,130000000,LA HUERTA MARKET,Fish,Alumahan - MEDIUM (4-6PCS/KG),
2026-02-10,130000000,CARTIMAR MARKET,Fish,Alumahan - MEDIUM (4-6PCS/KG),
2026-02-10,130000000,GRACE MARKETPLACE (PATEROS),Fish,Alumahan - MEDIUM (4-6PCS/KG),
2026-02-10,130000000,MURPHY MARKET,Fish,Alumahan - MEDIUM (4-6PCS/KG),
2026-02-10,130000000,KAMUNING MARKET,Fish,Alumahan - MEDIUM (4-6PCS/KG),
2026-02-10,130000000,AGORA PUBLIC MARKET (SAN JUAN),Fish,Alumahan - MEDIUM (4-6PCS/KG),
2026-02-10,130000000,BICUTAN MARKET,Fish,Alumahan - MEDIUM (4-6PCS/KG),
2026-02-10,130000000,TAGUIG PEOPLE'S MARKET,Fish,Alumahan - MEDIUM (4-6PCS/KG),
2026-02-10,130000000,NEW MARULAS PUBLIC MARKET,Fish,Alumahan - MEDIUM (4-6PCS/KG),
2026-02-10,130000000,BALINTAWAK MARKET (CLOVERLEAF),Fish,Alumahan - MEDIUM (4-6PCS/KG),
2026-02-10,130000000,FARMERS MARKET,Fish,Alumahan - MEDIUM (4-6PCS/KG),
2026-02-10,130000000,COMMONWEALTH MARKET,Fish,Bangus (Medium) - MEDIUM (3-4PCS/KG),
2026-02-10,130000000,GUADALUPE PUBLIC MARKET,Fish,Bangus (Medium) - MEDIUM (3-4PCS/KG),240.0
2026-02-10,130000000,NEW LAS PINAS CITY PUBLIC MARKET,Fish,Bangus (Medium) - MEDIUM (3-4PCS/KG),
2026-02-10,130000000,MARIKINA PUBLIC MARKET,Fish,Bangus (Medium) - MEDIUM (3-4PCS/KG),260.0
2026-02-10,130000000,MUNOZ MARKET,Fish,Bangus (Medium) - MEDIUM (3-4PCS/KG),240.0
2026-02-10,130000000,PASAY CITY MARKET,Fish,Bangus (Medium) - MEDIUM (3-4PCS/KG),200.0
2026-02-10,130000000,MUTYA NG PASIG MEGA MARKET,Fish,Bangus (Medium) - MEDIUM (3-4PCS/KG),
2026-02-10,130000000,QUINTA MARKET,Fish,Bangus (Medium) - MEDIUM (3-4PCS/KG),260.0
2026-02-10,130000000,SAN ANDRES MARKET,Fish,Bangus (Medium) - MEDIUM (3-4PCS/KG),
2026-02-10,130000000,MEGA Q MART,Fish,Bangus (Medium) - MEDIUM (3-4PCS/KG),200.0
2026-02-10,130000000,PAMILIHANG LUNGSOD NG MUNTINLUPA,Fish,Bangus (Medium) - MEDIUM (3-4PCS/KG),
2026-02-10,130000000,MALABON CENTRAL MARKET,Fish,Bangus (Medium) - MEDIUM (3-4PCS/KG),
2026-02-10,130000000,PRITIL MARKET,Fish,Bangus (Medium) - MEDIUM (3-4PCS/KG),
2026-02-10,130000000,MAYPAJO PUBLIC MARKET,Fish,Bangus (Medium) - MEDIUM (3-4PCS/KG),250.0
2026-02-10,130000000,PACO MARKET,Fish,Bangus (Medium) - MEDIUM (3-4PCS/KG),
2026-02-10,130000000,DAGONOY MARKET,Fish,Bangus (Medium) - MEDIUM (3-4PCS/KG),
2026-02-10,130000000,TRABAJO MARKET,Fish,Bangus (Medium) - MEDIUM (3-4PCS/KG),240.0
2026-02-10,130000000,BLUMENTRITT MARKET,Fish,Bangus (Medium) - MEDIUM (3-4PCS/KG),
2026-02-10,130000000,MANDALUYONG PUBLIC MARKET I,Fish,Bangus (Medium) - MEDIUM (3-4PCS/KG),
2026-02-10,130000000,NAVOTAS AGORA MARKET,Fish,Bangus (Medium) - MEDIUM (3-4PCS/KG),260.0
2026-02-10,130000000,LA HUERTA MARKET,Fish,Bangus (Medium) - MEDIUM (3-4PCS/KG),
2026-02-10,130000000,CARTIMAR MARKET,Fish,Bangus (Medium) - MEDIUM (3-4PCS/KG),
2026-02-10,130000000,GRACE MARKETPLACE (PATEROS),Fish,Bangus (Medium) - MEDIUM (3-4PCS/KG),
2026-02-10,130000000,MURPHY MARKET,Fish,Bangus (Medium) - MEDIUM (3-4PCS/KG),240.0
2026-02-10,130000000,KAMUNING MARKET,Fish,Bangus (Medium) - MEDIUM (3-4PCS/KG),
2026-02-10,130000000,AGORA PUBLIC MARKET (SAN JUAN),Fish,Bangus (Medium) - MEDIUM (3-4PCS/KG),
2026-02-10,130000000,BICUTAN MARKET,Fish,Bangus (Medium) - MEDIUM (3-4PCS/KG),
2026-02-10,130000000,TAGUIG PEOPLE'S MARKET,Fish,Bangus (Medium) - MEDIUM (3-4PCS/KG),
2026-02-10,130000000,NEW MARULAS PUBLIC MARKET,Fish,Bangus (Medium) - MEDIUM (3-4PCS/KG),
2026-02-10,130000000,BALINTAWAK MARKET (CLOVERLEAF),Fish,Bangus (Medium) - MEDIUM (3-4PCS/KG),
2026-02-10,130000000,FARMERS MARKET,Fish,Bangus (Medium) - MEDIUM (3-4PCS/KG),170.0
2026-02-10,130000000,COMMONWEALTH MARKET,Fish,"Galunggong(Imported) - MALE, MEDIUM (12-14PCS/KG)",
2026-02-10,130000000,GUADALUPE PUBLIC MARKET,Fish,"Galunggong(Imported) - MALE, MEDIUM (12-14PCS/KG)",
2026-02-10,130000000,NEW LAS PINAS CITY PUBLIC MARKET,Fish,"Galunggong(Imported) - MALE, MEDIUM (12-14PCS/KG)",
2026-02-10,130000000,MARIKINA PUBLIC MARKET,Fish,"Galunggong(Imported) - MALE, MEDIUM (12-14PCS/KG)",
2026-02-10,130000000,MUNOZ MARKET,Fish,"Galunggong(Imported) - MALE, MEDIUM (12-14PCS/KG)",
2026-02-10,130000000,PASAY CITY MARKET,Fish,"Galunggong(Imported) - MALE, MEDIUM (12-14PCS/KG)",300.0
2026-02-10,130000000,MUTYA NG PASIG MEGA MARKET,Fish,"Galunggong(Imported) - MALE, MEDIUM (12-14PCS/KG)",
2026-02-10,130000000,QUINTA MARKET,Fish,"Galunggong(Imported) - MALE, MEDIUM (12-14PCS/KG)",
2026-02-10,130000000,SAN ANDRES MARKET,Fish,"Galunggong(Imported) - MALE, MEDIUM (12-14PCS/KG)",
2026-02-10,130000000,MEGA Q MART,Fish,"Galunggong(Imported) - MALE, MEDIUM (12-14PCS/KG)",
2026-02-10,130000000,PAMILIHANG LUNGSOD NG MUNTINLUPA,Fish,"Galunggong(Imported) - MALE, MEDIUM (12-14PCS/KG)",
2026-02-10,130000000,MALABON CENTRAL MARKET,Fish,"Galunggong(Imported) - MALE, MEDIUM (12-14PCS/KG)",
2026-02-10,130000000,PRITIL MARKET,Fish,"Galunggong(Imported) - MALE, MEDIUM (12-14PCS/KG)",
2026-02-10,130000000,MAYPAJO PUBLIC MARKET,Fish,"Galunggong(Imported) - MALE, MEDIUM (12-14PCS/KG)",
2026-02-10,130000000,PACO MARKET,Fish,"Galunggong(Imported) - MALE, MEDIUM (12-14PCS/KG)",
2026-02-10,130000000,DAGONOY MARKET,Fish,"Galunggong(Imported) - MALE, MEDIUM (12-14PCS/KG)",
2026-02-10,130000000,TRABAJO MARKET,Fish,"Galunggong(Imported) - MALE, MEDIUM (12-14PCS/KG)",
2026-02-10,130000000,BLUMENTRITT MARKET,Fish,"Galunggong(Imported) - MALE, MEDIUM (12-14PCS/KG)",
2026-02-10,130000000,MANDALUYONG PUBLIC MARKET I,Fish,"Galunggong(Imported) - MALE, MEDIUM (12-14PCS/KG)",
2026-02-10,130000000,NAVOTAS AGORA MARKET,Fish,"Galunggong(Imported) - MALE, MEDIUM (12-14PCS/KG)",
2026-02-10,130000000,LA HUERTA MARKET,Fish,"Galunggong(Imported) - MALE, MEDIUM (12-14PCS/KG)",
2026-02-10,130000000,CARTIMAR MARKET,Fish,"Galunggong(Imported) - MALE, MEDIUM (12-14PCS/KG)",
2026-02-10,130000000,GRACE MARKETPLACE (PATEROS),Fish,"Galunggong(Imported) - MALE, MEDIUM (12-14PCS/KG)",
2026-02-10,130000000,MURPHY MARKET,Fish,"Galunggong(Imported) - MALE, MEDIUM (12-14PCS/KG)",
2026-02-10,130000000,KAMUNING MARKET,Fish,"Galunggong(Imported) - MALE, MEDIUM (12-14PCS/KG)",
2026-02-10,130000000,AGORA PUBLIC MARKET (SAN JUAN),Fish,"Galunggong(Imported) - MALE, MEDIUM (12-14PCS/KG)",
2026-02-10,130000000,BICUTAN MARKET,Fish,"Galunggong(Imported) - MALE, MEDIUM (12-14PCS/KG)",
2026-02-10,130000000,TAGUIG PEOPLE'S MARKET,Fish,"Galunggong(Imported) - MALE, MEDIUM (12-14PCS/KG)",
2026-02-10,130000000,NEW MARULAS PUBLIC MARKET,Fish,"Galunggong(Imported) - MALE, MEDIUM (12-14PCS/KG)",
2026-02-10,130000000,BALINTAWAK MARKET (CLOVERLEAF),Fish,"Galunggong(Imported) - MALE, MEDIUM (12-14PCS/KG)",
2026-02-10,130000000,FARMERS MARKET,Fish,"Galunggong(Imported) - MALE, MEDIUM (12-14PCS/KG)",
2026-02-10,130000000,COMMONWEALTH MARKET,Fish,"Galunggong(Local) - MALE, MEDIUM(12-14PCS/KG)",
2026-02-10,130000000,GUADALUPE PUBLIC MARKET,Fish,"Galunggong(Local) - MALE, MEDIUM(12-14PCS/KG)",
2026-02-10,130000000,NEW LAS PINAS CITY PUBLIC MARKET,Fish,"Galunggong(Local) - MALE, MEDIUM(12-14PCS/KG)",
2026-02-10,130000000,MARIKINA PUBLIC MARKET,Fish,"Galunggong(Local) - MALE, MEDIUM(12-14PCS/KG)",340.0
2026-02-10,130000000,MUNOZ MARKET,Fish,"Galunggong(Local) - MALE, MEDIUM(12-14PCS/KG)",
2026-02-10,130000000,PASAY CITY MARKET,Fish,"Galunggong(Local) - MALE, MEDIUM(12-14PCS/KG)",
2026-02-10,130000000,MUTYA NG PASIG MEGA MARKET,Fish,"Galunggong(Local) - MALE, MEDIUM(12-14PCS/KG)",
2026-02-10,130000000,QUINTA MARKET,Fish,"Galunggong(Local) - MALE, MEDIUM(12-14PCS/KG)",
2026-02-10,130000000,SAN ANDRES MARKET,Fish,"Galunggong(Local) - MALE, MEDIUM(12-14PCS/KG)",
2026-02-10,130000000,MEGA Q MART,Fish,"Galunggong(Local) - MALE, MEDIUM(12-14PCS/KG)",
2026-02-10,130000000,PAMILIHANG LUNGSOD NG MUNTINLUPA,Fish,"Galunggong(Local) - MALE, MEDIUM(12-14PCS/KG)",
2026-02-10,130000000,MALABON CENTRAL MARKET,Fish,"Galunggong(Local) - MALE, MEDIUM(12-14PCS/KG)",
2026-02-10,130000000,PRITIL MARKET,Fish,"Galunggong(Local) - MALE, MEDIUM(12-14PCS/KG)",
2026-02-10,130000000,MAYPAJO PUBLIC MARKET,Fish,"Galunggong(Local) - MALE, MEDIUM(12-14PCS/KG)",
2026-02-10,130000000,PACO MARKET,Fish,"Galunggong(Local) - MALE, MEDIUM(12-14PCS/KG)",
2026-02-10,130000000,DAGONOY MARKET,Fish,"Galunggong(Local) - MALE, MEDIUM(12-14PCS/KG)",
2026-02-10,130000000,TRABAJO MARKET,Fish,"Galunggong(Local) - MALE, MEDIUM(12-14PCS/KG)",350.0
2026-02-10,130000000,BLUMENTRITT MARKET,Fish,"Galunggong(Local) - MALE, MEDIUM(12-14PCS/KG)",
2026-02-10,130000000,MANDALUYONG PUBLIC MARKET I,Fish,"Galunggong(Local) - MALE, MEDIUM(12-14PCS/KG)",
2026-02-10,130000000,NAVOTAS AGORA MARKET,Fish,"Galunggong(Local) - MALE, MEDIUM(12-14PCS/KG)",
2026-02-10,130000000,LA HUERTA MARKET,Fish,"Galunggong(Local) - MALE, MEDIUM(12-14PCS/KG)",
2026-02-10,130000000,CARTIMAR MARKET,Fish,"Galunggong(Local) - MALE, MEDIUM(12-14PCS/KG)",
2026-02-10,130000000,GRACE MARKETPLACE (PATEROS),Fish,"Galunggong(Local) - MALE, MEDIUM(12-14PCS/KG)",
2026-02-10,130000000,MURPHY MARKET,Fish,"Galunggong(Local) - MALE, MEDIUM(12-14PCS/KG)",
2026-02-10,130000000,KAMUNING MARKET,Fish,"Galunggong(Local) - MALE, MEDIUM(12-14PCS/KG)",
2026-02-10,130000000,AGORA PUBLIC MARKET (SAN JUAN),Fish,"Galunggong(Local) - MALE, MEDIUM(12-14PCS/KG)",
2026-02-10,130000000,BICUTAN MARKET,Fish,"Galunggong(Local) - MALE, MEDIUM(12-14PCS/KG)",
2026-02-10,130000000,TAGUIG PEOPLE'S MARKET,Fish,"Galunggong(Local) - MALE, MEDIUM(12-14PCS/KG)",
2026-02-10,130000000,NEW MARULAS PUBLIC MARKET,Fish,"Galunggong(Local) - MALE, MEDIUM(12-14PCS/KG)",
2026-02-10,130000000,BALINTAWAK MARKET (CLOVERLEAF),Fish,"Galunggong(Local) - MALE, MEDIUM(12-14PCS/KG)",
2026-02-10,130000000,FARMERS MARKET,Fish,"Galunggong(Local) - MALE, MEDIUM(12-14PCS/KG)",
2026-02-10,130000000,COMMONWEALTH MARKET,Fish,Tilapia - MEDIUM (5-6PCS/KG),
2026-02-10,130000000,GUADALUPE PUBLIC MARKET,Fish,Tilapia - MEDIUM (5-6PCS/KG),160.0
2026-02-10,130000000,NEW LAS PINAS CITY PUBLIC MARKET,Fish,Tilapia - MEDIUM (5-6PCS/KG),170.0
2026-02-10,130000000,MARIKINA PUBLIC MARKET,Fish,Tilapia - MEDIUM (5-6PCS/KG),150.0
2026-02-10,130000000,MUNOZ MARKET,Fish,Tilapia - MEDIUM (5-6PCS/KG),140.0
2026-02-10,130000000,PASAY CITY MARKET,Fish,Tilapia - MEDIUM (5-6PCS/KG),140.0
2026-02-10,130000000,MUTYA NG PASIG MEGA MARKET,Fish,Tilapia - MEDIUM (5-6PCS/KG),
2026-02-10,130000000,QUINTA MARKET,Fish,Tilapia - MEDIUM (5-6PCS/KG),170.0
2026-02-10,130000000,SAN ANDRES MARKET,Fish,Tilapia - MEDIUM (5-6PCS/KG),
2026-02-10,130000000,MEGA Q MART,Fish,Tilapia - MEDIUM (5-6PCS/KG),140.0
2026-02-10,130000000,PAMILIHANG LUNGSOD NG MUNTINLUPA,Fish,Tilapia - MEDIUM (5-6PCS/KG),160.0
2026-02-10,130000000,MALABON CENTRAL MARKET,Fish,Tilapia - MEDIUM (5-6PCS/KG),
2026-02-10,130000000,PRITIL MARKET,Fish,Tilapia - MEDIUM (5-6PCS/KG),
2026-02-10,130000000,MAYPAJO PUBLIC MARKET,Fish,Tilapia - MEDIUM (5-6PCS/KG),150.0
2026-02-10,130000000,PACO MARKET,Fish,Tilapia - MEDIUM (5-6PCS/KG),
2026-02-10,130000000,DAGONOY MARKET,Fish,Tilapia - MEDIUM (5-6PCS/KG),160.0
2026-02-10,130000000,TRABAJO MARKET,Fish,Tilapia - MEDIUM (5-6PCS/KG),
2026-02-10,130000000,BLUMENTRITT MARKET,Fish,Tilapia - MEDIUM (5-6PCS/KG),
2026-02-10,130000000,MANDALUYONG PUBLIC MARKET I,Fish,Tilapia - MEDIUM (5-6PCS/KG),
2026-02-10,130000000,NAVOTAS AGORA MARKET,Fish,Tilapia - MEDIUM (5-6PCS/KG),140.0
2026-02-10,130000000,LA HUERTA MARKET,Fish,Tilapia - MEDIUM (5-6PCS/KG),
2026-02-10,130000000,CARTIMAR MARKET,Fish,Tilapia - MEDIUM (5-6PCS/KG),
2026-02-10,130000000,GRACE MARKETPLACE (PATEROS),Fish,Tilapia - MEDIUM (5-6PCS/KG),
2026-02-10,130000000,MURPHY MARKET,Fish,Tilapia - MEDIUM (5-6PCS/KG),160.0
2026-02-10,130000000,KAMUNING MARKET,Fish,Tilapia - MEDIUM (5-6PCS/KG),160.0
2026-02-10,130000000,AGORA PUBLIC MARKET (SAN JUAN),Fish,Tilapia - MEDIUM (5-6PCS/KG),
2026-02-10,130000000,BICUTAN MARKET,Fish,Tilapia - MEDIUM (5-6PCS/KG),
2026-02-10,130000000,TAGUIG PEOPLE'S MARKET,Fish,Tilapia - MEDIUM (5-6PCS/KG),
2026-02-10,130000000,NEW MARULAS PUBLIC MARKET,Fish,Tilapia - MEDIUM (5-6PCS/KG),
2026-02-10,130000000,BALINTAWAK MARKET (CLOVERLEAF),Fish,Tilapia - MEDIUM (5-6PCS/KG),
2026-02-10,130000000,FARMERS MARKET,Fish,Tilapia - MEDIUM (5-6PCS/KG),130.0
2026-02-10,130000000,COMMONWEALTH MARKET,Fish,Bonito,
2026-02-10,130000000,GUADALUPE PUBLIC MARKET,Fish,Bonito,
2026-02-10,130000000,NEW LAS PINAS CITY PUBLIC MARKET,Fish,Bonito,
2026-02-10,130000000,MARIKINA PUBLIC MARKET,Fish,Bonito,
2026-02-10,130000000,MUNOZ MARKET,Fish,Bonito,
2026-02-10,130000000,PASAY CITY MARKET,Fish,Bonito,
2026-02-10,130000000,MUTYA NG PASIG MEGA MARKET,Fish,Bonito,
2026-02-10,130000000,QUINTA MARKET,Fish,Bonito,
2026-02-10,130000000,SAN ANDRES MARKET,Fish,Bonito,
2026-02-10,130000000,MEGA Q MART,Fish,Bonito,
2026-02-10,130000000,PAMILIHANG LUNGSOD NG MUNTINLUPA,Fish,Bonito,
2026-02-10,130000000,MALABON CENTRAL MARKET,Fish,Bonito,
2026-02-10,130000000,PRITIL MARKET,Fish,Bonito,
2026-02-10,130000000,MAYPAJO PUBLIC MARKET,Fish,Bonito,
2026-02-10,130000000,PACO MARKET,Fish,Bonito,
2026-02-10,130000000,DAGONOY MARKET,Fish,Bonito,
2026-02-10,130000000,TRABAJO MARKET,Fish,Bonito,
2026-02-10,130000000,BLUMENTRITT MARKET,Fish,Bonito,
2026-02-10,130000000,MANDALUYONG PUBLIC MARKET I,Fish,Bonito,
2026-02-10,130000000,NAVOTAS AGORA MARKET,Fish,Bonito,
2026-02-10,130000000,LA HUERTA MARKET,Fish,Bonito,
2026-02-10,130000000,CARTIMAR MARKET,Fish,Bonito,
2026-02-10,130000000,GRACE MARKETPLACE (PATEROS),Fish,Bonito,
2026-02-10,130000000,MURPHY MARKET,Fish,Bonito,
2026-02-10,130000000,KAMUNING MARKET,Fish,Bonito,
2026-02-10,130000000,AGORA PUBLIC MARKET (SAN JUAN),Fish,Bonito,
2026-02-10,130000000,BICUTAN MARKET,Fish,Bonito,
2026-02-10,130000000,TAGUIG PEOPLE'S MARKET,Fish,Bonito,
2026-02-10,130000000,NEW MARULAS PUBLIC MARKET,Fish,Bonito,
2026-02-10,130000000,BALINTAWAK MARKET (CLOVERLEAF),Fish,Bonito,
2026-02-10,130000000,FARMERS MARKET,Fish,Bonito,
2026-02-10,130000000,COMMONWEALTH MARKET,Fish,Salmon Head,
2026-02-10,130000000,GUADALUPE PUBLIC MARKET,Fish,Salmon Head,
2026-02-10,130000000,NEW LAS PINAS CITY PUBLIC MARKET,Fish,Salmon Head,
2026-02-10,130000000,MARIKINA PUBLIC MARKET,Fish,Salmon Head,
2026-02-10,130000000,MUNOZ MARKET,Fish,Salmon Head,
2026-02-10,130000000,PASAY CITY MARKET,Fish,Salmon Head,
2026-02-10,130000000,MUTYA NG PASIG MEGA MARKET,Fish,Salmon Head,
2026-02-10,130000000,QUINTA MARKET,Fish,Salmon Head,
2026-02-10,130000000,SAN ANDRES MARKET,Fish,Salmon Head,
2026-02-10,130000000,MEGA Q MART,Fish,Salmon Head,
2026-02-10,130000000,PAMILIHANG LUNGSOD NG MUNTINLUPA,Fish,Salmon Head,
2026-02-10,130000000,MALABON CENTRAL MARKET,Fish,Salmon Head,
2026-02-10,130000000,PRITIL MARKET,Fish,Salmon Head,
2026-02-10,130000000,MAYPAJO PUBLIC MARKET,Fish,Salmon Head,
2026-02-10,130000000,PACO MARKET,Fish,Salmon Head,
2026-02-10,130000000,DAGONOY MARKET,Fish,Salmon Head,
2026-02-10,130000000,TRABAJO MARKET,Fish,Salmon Head,
2026-02-10,130000000,BLUMENTRITT MARKET,Fish,Salmon Head,
2026-02-10,130000000,MANDALUYONG PUBLIC MARKET I,Fish,Salmon Head,
2026-02-10,130000000,NAVOTAS AGORA MARKET,Fish,Salmon Head,
2026-02-10,130000000,LA HUERTA MARKET,Fish,Salmon Head,
2026-02-10,130000000,CARTIMAR MARKET,Fish,Salmon Head,
2026-02-10,130000000,GRACE MARKETPLACE (PATEROS),Fish,Salmon Head,
2026-02-10,130000000,MURPHY MARKET,Fish,Salmon Head,
2026-02-10,130000000,KAMUNING MARKET,Fish,Salmon Head,
2026-02-10,130000000,AGORA PUBLIC MARKET (SAN JUAN),Fish,Salmon Head,
2026-02-10,130000000,BICUTAN MARKET,Fish,Salmon Head,
2026-02-10,130000000,TAGUIG PEOPLE'S MARKET,Fish,Salmon Head,
2026-02-10,130000000,NEW MARULAS PUBLIC MARKET,Fish,Salmon Head,
2026-02-10,130000000,BALINTAWAK MARKET (CLOVERLEAF),Fish,Salmon Head,
2026-02-10,130000000,FARMERS MARKET,Fish,Salmon Head,
2026-02-10,130000000,COMMONWEALTH MARKET,Fish,Sardines (Tamban),
2026-02-10,130000000,GUADALUPE PUBLIC MARKET,Fish,Sardines (Tamban),
2026-02-10,130000000,NEW LAS PINAS CITY PUBLIC MARKET,Fish,Sardines (Tamban),
2026-02-10,130000000,MARIKINA PUBLIC MARKET,Fish,Sardines (Tamban),
2026-02-10,130000000,MUNOZ MARKET,Fish,Sardines (Tamban),
2026-02-10,130000000,PASAY CITY MARKET,Fish,Sardines (Tamban),
2026-02-10,130000000,MUTYA NG PASIG MEGA MARKET,Fish,Sardines (Tamban),
2026-02-10,130000000,QUINTA MARKET,Fish,Sardines (Tamban),
2026-02-10,130000000,SAN ANDRES MARKET,Fish,Sardines (Tamban),
2026-02-10,130000000,MEGA Q MART,Fish,Sardines (Tamban),
2026-02-10,130000000,PAMILIHANG LUNGSOD NG MUNTINLUPA,Fish,Sardines (Tamban),
2026-02-10,130000000,MALABON CENTRAL MARKET,Fish,Sardines (Tamban),
2026-02-10,130000000,PRITIL MARKET,Fish,Sardines (Tamban),
2026-02-10,130000000,MAYPAJO PUBLIC MARKET,Fish,Sardines (Tamban),
2026-02-10,130000000,PACO MARKET,Fish,Sardines (Tamban),
2026-02-10,130000000,DAGONOY MARKET,Fish,Sardines (Tamban),
2026-02-10,130000000,TRABAJO MARKET,Fish,Sardines (Tamban),
2026-02-10,130000000,BLUMENTRITT MARKET,Fish,Sardines (Tamban),
2026-02-10,130000000,MANDALUYONG PUBLIC MARKET I,Fish,Sardines (Tamban),
2026-02-10,130000000,NAVOTAS AGORA MARKET,Fish,Sardines (Tamban),
2026-02-10,130000000,LA HUERTA MARKET,Fish,Sardines (Tamban),
2026-02-10,130000000,CARTIMAR MARKET,Fish,Sardines (Tamban),
2026-02-10,130000000,GRACE MARKETPLACE (PATEROS),Fish,Sardines (Tamban),
2026-02-10,130000000,MURPHY MARKET,Fish,Sardines (Tamban),
2026-02-10,130000000,KAMUNING MARKET,Fish,Sardines (Tamban),
2026-02-10,130000000,AGORA PUBLIC MARKET (SAN JUAN),Fish,Sardines (Tamban),
2026-02-10,130000000,BICUTAN MARKET,Fish,Sardines (Tamban),
2026-02-10,130000000,TAGUIG PEOPLE'S MARKET,Fish,Sardines (Tamban),
2026-02-10,130000000,NEW MARULAS PUBLIC MARKET,Fish,Sardines (Tamban),
2026-02-10,130000000,BALINTAWAK MARKET (CLOVERLEAF),Fish,Sardines (Tamban),
2026-02-10,130000000,FARMERS MARKET,Fish,Sardines (Tamban),
2026-02-10,130000000,COMMONWEALTH MARKET,Fish,Squid (Pusit Bisaya) - Medium,
2026-02-10,130000000,GUADALUPE PUBLIC MARKET,Fish,Squid (Pusit Bisaya) - Medium,
2026-02-10,130000000,NEW LAS PINAS CITY PUBLIC MARKET,Fish,Squid (Pusit Bisaya) - Medium,
2026-02-10,130000000,MARIKINA PUBLIC MARKET,Fish,Squid (Pusit Bisaya) - Medium,
2026-02-10,130000000,MUNOZ MARKET,Fish,Squid (Pusit Bisaya) - Medium,480.0
2026-02-10,130000000,PASAY CITY MARKET,Fish,Squid (Pusit Bisaya) - Medium,550.0
2026-02-10,130000000,MUTYA NG PASIG MEGA MARKET,Fish,Squid (Pusit Bisaya) - Medium,
2026-02-10,130000000,QUINTA MARKET,Fish,Squid (Pusit Bisaya) - Medium,
2026-02-10,130000000,SAN ANDRES MARKET,Fish,Squid (Pusit Bisaya) - Medium,
2026-02-10,130000000,MEGA Q MART,Fish,Squid (Pusit Bisaya) - Medium,
2026-02-10,130000000,PAMILIHANG LUNGSOD NG MUNTINLUPA,Fish,Squid (Pusit Bisaya) - Medium,
2026-02-10,130000000,MALABON CENTRAL MARKET,Fish,Squid (Pusit Bisaya) - Medium,
2026-02-10,130000000,PRITIL MARKET,Fish,Squid (Pusit Bisaya) - Medium,
2026-02-10,130000000,MAYPAJO PUBLIC MARKET,Fish,Squid (Pusit Bisaya) - Medium,
2026-02-10,130000000,PACO MARKET,Fish,Squid (Pusit Bisaya) - Medium,
2026-02-10,130000000,DAGONOY MARKET,Fish,Squid (Pusit Bisaya) - Medium,
2026-02-10,130000000,TRABAJO MARKET,Fish,Squid (Pusit Bisaya) - Medium,
2026-02-10,130000000,BLUMENTRITT MARKET,Fish,Squid (Pusit Bisaya) - Medium,
2026-02-10,130000000,MANDALUYONG PUBLIC MARKET I,Fish,Squid (Pusit Bisaya) - Medium,
2026-02-10,130000000,NAVOTAS AGORA MARKET,Fish,Squid (Pusit Bisaya) - Medium,
2026-02-10,130000000,LA HUERTA MARKET,Fish,Squid (Pusit Bisaya) - Medium,
2026-02-10,130000000,CARTIMAR MARKET,Fish,Squid (Pusit Bisaya) - Medium,
2026-02-10,130000000,GRACE MARKETPLACE (PATEROS),Fish,Squid (Pusit Bisaya) - Medium,
2026-02-10,130000000,MURPHY MARKET,Fish,Squid (Pusit Bisaya) - Medium,
2026-02-10,130000000,KAMUNING MARKET,Fish,Squid (Pusit Bisaya) - Medium,
2026-02-10,130000000,AGORA PUBLIC MARKET (SAN JUAN),Fish,Squid (Pusit Bisaya) - Medium,
2026-02-10,130000000,BICUTAN MARKET,Fish,Squid (Pusit Bisaya) - Medium,
2026-02-10,130000000,TAGUIG PEOPLE'S MARKET,Fish,Squid (Pusit Bisaya) - Medium,
2026-02-10,130000000,NEW MARULAS PUBLIC MARKET,Fish,Squid (Pusit Bisaya) - Medium,
2026-02-10,130000000,BALINTAWAK MARKET (CLOVERLEAF),Fish,Squid (Pusit Bisaya) - Medium,
2026-02-10,130000000,FARMERS MARKET,Fish,Squid (Pusit Bisaya) - Medium,
2026-02-10,130000000,COMMONWEALTH MARKET,Fish,Yellow-Fin Tuna (Tambakol),
2026-02-10,130000000,GUADALUPE PUBLIC MARKET,Fish,Yellow-Fin Tuna (Tambakol),320.0
2026-02-10,130000000,NEW LAS PINAS CITY PUBLIC MARKET,Fish,Yellow-Fin Tuna (Tambakol),
2026-02-10,130000000,MARIKINA PUBLIC MARKET,Fish,Yellow-Fin Tuna (Tambakol),
2026-02-10,130000000,MUNOZ MARKET,Fish,Yellow-Fin Tuna (Tambakol),320.0
2026-02-10,130000000,PASAY CITY MARKET,Fish,Yellow-Fin Tuna (Tambakol),260.0
2026-02-10,130000000,MUTYA NG PASIG MEGA MARKET,Fish,Yellow-Fin Tuna (Tambakol),
2026-02-10,130000000,QUINTA MARKET,Fish,Yellow-Fin Tuna (Tambakol),
2026-02-10,130000000,SAN ANDRES MARKET,Fish,Yellow-Fin Tuna (Tambakol),
2026-02-10,130000000,MEGA Q MART,Fish,Yellow-Fin Tuna (Tambakol),320.0
2026-02-10,130000000,PAMILIHANG LUNGSOD NG MUNTINLUPA,Fish,Yellow-Fin Tuna (Tambakol),
2026-02-10,130000000,MALABON CENTRAL MARKET,Fish,Yellow-Fin Tuna (Tambakol),
2026-02-10,130000000,PRITIL MARKET,Fish,Yellow-Fin Tuna (Tambakol),
2026-02-10,130000000,MAYPAJO PUBLIC MARKET,Fish,Yellow-Fin Tuna (Tambakol),
2026-02-10,130000000,PACO MARKET,Fish,Yellow-Fin Tuna (Tambakol),
2026-02-10,130000000,DAGONOY MARKET,Fish,Yellow-Fin Tuna (Tambakol),
2026-02-10,130000000,TRABAJO MARKET,Fish,Yellow-Fin Tuna (Tambakol),
2026-02-10,130000000,BLUMENTRITT MARKET,Fish,Yellow-Fin Tuna (Tambakol),
2026-02-10,130000000,MANDALUYONG PUBLIC MARKET I,Fish,Yellow-Fin Tuna (Tambakol),
2026-02-10,130000000,NAVOTAS AGORA MARKET,Fish,Yellow-Fin Tuna (Tambakol),
2026-02-10,130000000,LA HUERTA MARKET,Fish,Yellow-Fin Tuna (Tambakol),
2026-02-10,130000000,CARTIMAR MARKET,Fish,Yellow-Fin Tuna (Tambakol),
2026-02-10,130000000,GRACE MARKETPLACE (PATEROS),Fish,Yellow-Fin Tuna (Tambakol),
2026-02-10,130000000,MURPHY MARKET,Fish,Yellow-Fin Tuna (Tambakol),
2026-02-10,130000000,KAMUNING MARKET,Fish,Yellow-Fin Tuna (Tambakol),
2026-02-10,130000000,AGORA PUBLIC MARKET (SAN JUAN),Fish,Yellow-Fin Tuna (Tambakol),
2026-02-10,130000000,BICUTAN MARKET,Fish,Yellow-Fin Tuna (Tambakol),
2026-02-10,130000000,TAGUIG PEOPLE'S MARKET,Fish,Yellow-Fin Tuna (Tambakol),
2026-02-10,130000000,NEW MARULAS PUBLIC MARKET,Fish,Yellow-Fin Tuna (Tambakol),
2026-02-10,130000000,BALINTAWAK MARKET (CLOVERLEAF),Fish,Yellow-Fin Tuna (Tambakol),
2026-02-10,130000000,FARMERS MARKET,Fish,Yellow-Fin Tuna (Tambakol),
2026-02-10,130000000,COMMONWEALTH MARKET,Fish,Bangus (Large) - LARGE (KG),
2026-02-10,130000000,GUADALUPE PUBLIC MARKET,Fish,Bangus (Large) - LARGE (KG),280.0
2026-02-10,130000000,NEW LAS PINAS CITY PUBLIC MARKET,Fish,Bangus (Large) - LARGE (KG),240.0
2026-02-10,130000000,MARIKINA PUBLIC MARKET,Fish,Bangus (Large) - LARGE (KG),290.0
2026-02-10,130000000,MUNOZ MARKET,Fish,Bangus (Large) - LARGE (KG),260.0
2026-02-10,130000000,PASAY CITY MARKET,Fish,Bangus (Large) - LARGE (KG),240.0
2026-02-10,130000000,MUTYA NG PASIG MEGA MARKET,Fish,Bangus (Large) - LARGE (KG),
2026-02-10,130000000,QUINTA MARKET,Fish,Bangus (Large) - LARGE (KG),280.0
2026-02-10,130000000,SAN ANDRES MARKET,Fish,Bangus (Large) - LARGE (KG),
2026-02-10,130000000,MEGA Q MART,Fish,Bangus (Large) - LARGE (KG),220.0
2026-02-10,130000000,PAMILIHANG LUNGSOD NG MUNTINLUPA,Fish,Bangus (Large) - LARGE (KG),240.0
2026-02-10,130000000,MALABON CENTRAL MARKET,Fish,Bangus (Large) - LARGE (KG),
2026-02-10,130000000,PRITIL MARKET,Fish,Bangus (Large) - LARGE (KG),
2026-02-10,130000000,MAYPAJO PUBLIC MARKET,Fish,Bangus (Large) - LARGE (KG),
2026-02-10,130000000,PACO MARKET,Fish,Bangus (Large) - LARGE (KG),
2026-02-10,130000000,DAGONOY MARKET,Fish,Bangus (Large) - LARGE (KG),280.0
2026-02-10,130000000,TRABAJO MARKET,Fish,Bangus (Large) - LARGE (KG),260.0
2026-02-10,130000000,BLUMENTRITT MARKET,Fish,Bangus (Large) - LARGE (KG),
2026-02-10,130000000,MANDALUYONG PUBLIC MARKET I,Fish,Bangus (Large) - LARGE (KG),
2026-02-10,130000000,NAVOTAS AGORA MARKET,Fish,Bangus (Large) - LARGE (KG),
2026-02-10,130000000,LA HUERTA MARKET,Fish,Bangus (Large) - LARGE (KG),
2026-02-10,130000000,CARTIMAR MARKET,Fish,Bangus (Large) - LARGE (KG),
2026-02-10,130000000,GRACE MARKETPLACE (PATEROS),Fish,Bangus (Large) - LARGE (KG),270.0
2026-02-10,130000000,MURPHY MARKET,Fish,Bangus (Large) - LARGE (KG),
2026-02-10,130000000,KAMUNING MARKET,Fish,Bangus (Large) - LARGE (KG),280.0
2026-02-10,130000000,AGORA PUBLIC MARKET (SAN JUAN),Fish,Bangus (Large) - LARGE (KG),
2026-02-10,130000000,BICUTAN MARKET,Fish,Bangus (Large) - LARGE (KG),
2026-02-10,130000000,TAGUIG PEOPLE'S MARKET,Fish,Bangus (Large) - LARGE (KG),
2026-02-10,130000000,NEW MARULAS PUBLIC MARKET,Fish,Bangus (Large) - LARGE (KG),
2026-02-10,130000000,BALINTAWAK MARKET (CLOVERLEAF),Fish,Bangus (Large) - LARGE (KG),
2026-02-10,130000000,FARMERS MARKET,Fish,Bangus (Large) - LARGE (KG),250.0
2026-02-10,130000000,COMMONWEALTH MARKET,Fruits,Calamansi - KG,
2026-02-10,130000000,GUADALUPE PUBLIC MARKET,Fruits,Calamansi - KG,120.0
2026-02-10,130000000,NEW LAS PINAS CITY PUBLIC MARKET,Fruits,Calamansi - KG,150.0
2026-02-10,130000000,MARIKINA PUBLIC MARKET,Fruits,Calamansi - KG,130.0
2026-02-10,130000000,MUNOZ MARKET,Fruits,Calamansi - KG,140.0
2026-02-10,130000000,PASAY CITY MARKET,Fruits,Calamansi - KG,110.0
2026-02-10,130000000,MUTYA NG PASIG MEGA MARKET,Fruits,Calamansi - KG,
2026-02-10,130000000,QUINTA MARKET,Fruits,Calamansi - KG,140.0
2026-02-10,130000000,SAN ANDRES MARKET,Fruits,Calamansi - KG,
2026-02-10,130000000,MEGA Q MART,Fruits,Calamansi - KG,120.0
2026-02-10,130000000,PAMILIHANG LUNGSOD NG MUNTINLUPA,Fruits,Calamansi - KG,110.0
2026-02-10,130000000,MALABON CENTRAL MARKET,Fruits,Calamansi - KG,
2026-02-10,130000000,PRITIL MARKET,Fruits,Calamansi - KG,130.0
2026-02-10,130000000,MAYPAJO PUBLIC MARKET,Fruits,Calamansi - KG,
2026-02-10,130000000,PACO MARKET,Fruits,Calamansi - KG,
2026-02-10,130000000,DAGONOY MARKET,Fruits,Calamansi - KG,140.0
2026-02-10,130000000,TRABAJO MARKET,Fruits,Calamansi - KG,150.0
2026-02-10,130000000,BLUMENTRITT MARKET,Fruits,Calamansi - KG,
2026-02-10,130000000,MANDALUYONG PUBLIC MARKET I,Fruits,Calamansi - KG,
2026-02-10,130000000,NAVOTAS AGORA MARKET,Fruits,Calamansi - KG,120.0
2026-02-10,130000000,LA HUERTA MARKET,Fruits,Calamansi - KG,
2026-02-10,130000000,CARTIMAR MARKET,Fruits,Calamansi - KG,
2026-02-10,130000000,GRACE MARKETPLACE (PATEROS),Fruits,Calamansi - KG,150.0
2026-02-10,130000000,MURPHY MARKET,Fruits,Calamansi - KG,150.0
2026-02-10,130000000,KAMUNING MARKET,Fruits,Calamansi - KG,160.0
2026-02-10,130000000,AGORA PUBLIC MARKET (SAN JUAN),Fruits,Calamansi - KG,
2026-02-10,130000000,BICUTAN MARKET,Fruits,Calamansi - KG,
2026-02-10,130000000,TAGUIG PEOPLE'S MARKET,Fruits,Calamansi - KG,
2026-02-10,130000000,NEW MARULAS PUBLIC MARKET,Fruits,Calamansi - KG,
2026-02-10,130000000,BALINTAWAK MARKET (CLOVERLEAF),Fruits,Calamansi - KG,
2026-02-10,130000000,FARMERS MARKET,Fruits,Calamansi - KG,
2026-02-10,130000000,COMMONWEALTH MARKET,Fruits,Banana (Lakatan) - 8-10PCS/KG,
2026-02-10,130000000,GUADALUPE PUBLIC MARKET,Fruits,Banana (Lakatan) - 8-10PCS/KG,120.0
2026-02-10,130000000,NEW LAS PINAS CITY PUBLIC MARKET,Fruits,Banana (Lakatan) - 8-10PCS/KG,90.0
2026-02-10,130000000,MARIKINA PUBLIC MARKET,Fruits,Banana (Lakatan) - 8-10PCS/KG,120.0
2026-02-10,130000000,MUNOZ MARKET,Fruits,Banana (Lakatan) - 8-10PCS/KG,
2026-02-10,130000000,PASAY CITY MARKET,Fruits,Banana (Lakatan) - 8-10PCS/KG,80.0
2026-02-10,130000000,MUTYA NG PASIG MEGA MARKET,Fruits,Banana (Lakatan) - 8-10PCS/KG,
2026-02-10,130000000,QUINTA MARKET,Fruits,Banana (Lakatan) - 8-10PCS/KG,
2026-02-10,130000000,SAN ANDRES MARKET,Fruits,Banana (Lakatan) - 8-10PCS/KG,
2026-02-10,130000000,MEGA Q MART,Fruits,Banana (Lakatan) - 8-10PCS/KG,85.0
2026-02-10,130000000,PAMILIHANG LUNGSOD NG MUNTINLUPA,Fruits,Banana (Lakatan) - 8-10PCS/KG,90.0
2026-02-10,130000000,MALABON CENTRAL MARKET,Fruits,Banana (Lakatan) - 8-10PCS/KG,
2026-02-10,130000000,PRITIL MARKET,Fruits,Banana (Lakatan) - 8-10PCS/KG,
2026-02-10,130000000,MAYPAJO PUBLIC MARKET,Fruits,Banana (Lakatan) - 8-10PCS/KG,
2026-02-10,130000000,PACO MARKET,Fruits,Banana (Lakatan) - 8-10PCS/KG,
2026-02-10,130000000,DAGONOY MARKET,Fruits,Banana (Lakatan) - 8-10PCS/KG,
2026-02-10,130000000,TRABAJO MARKET,Fruits,Banana (Lakatan) - 8-10PCS/KG,
2026-02-10,130000000,BLUMENTRITT MARKET,Fruits,Banana (Lakatan) - 8-10PCS/KG,
2026-02-10,130000000,MANDALUYONG PUBLIC MARKET I,Fruits,Banana (Lakatan) - 8-10PCS/KG,
2026-02-10,130000000,NAVOTAS AGORA MARKET,Fruits,Banana (Lakatan) - 8-10PCS/KG,100.0
2026-02-10,130000000,LA HUERTA MARKET,Fruits,Banana (Lakatan) - 8-10PCS/KG,
2026-02-10,130000000,CARTIMAR MARKET,Fruits,Banana (Lakatan) - 8-10PCS/KG,
2026-02-10,130000000,GRACE MARKETPLACE (PATEROS),Fruits,Banana (Lakatan) - 8-10PCS/KG,
2026-02-10,130000000,MURPHY MARKET,Fruits,Banana (Lakatan) - 8-10PCS/KG,100.0
2026-02-10,130000000,KAMUNING MARKET,Fruits,Banana (Lakatan) - 8-10PCS/KG,100.0
2026-02-10,130000000,AGORA PUBLIC MARKET (SAN JUAN),Fruits,Banana (Lakatan) - 8-10PCS/KG,
2026-02-10,130000000,BICUTAN MARKET,Fruits,Banana (Lakatan) - 8-10PCS/KG,
2026-02-10,130000000,TAGUIG PEOPLE'S MARKET,Fruits,Banana (Lakatan) - 8-10PCS/KG,
2026-02-10,130000000,NEW MARULAS PUBLIC MARKET,Fruits,Banana (Lakatan) - 8-10PCS/KG,
2026-02-10,130000000,BALINTAWAK MARKET (CLOVERLEAF),Fruits,Banana (Lakatan) - 8-10PCS/KG,
2026-02-10,130000000,FARMERS MARKET,Fruits,Banana (Lakatan) - 8-10PCS/KG,120.0
2026-02-10,130000000,COMMONWEALTH MARKET,Fruits,Banana (Latundan) - 10-12PCS/KG,
2026-02-10,130000000,GUADALUPE PUBLIC MARKET,Fruits,Banana (Latundan) - 10-12PCS/KG,80.0
2026-02-10,130000000,NEW LAS PINAS CITY PUBLIC MARKET,Fruits,Banana (Latundan) - 10-12PCS/KG,70.0
2026-02-10,130000000,MARIKINA PUBLIC MARKET,Fruits,Banana (Latundan) - 10-12PCS/KG,80.0
2026-02-10,130000000,MUNOZ MARKET,Fruits,Banana (Latundan) - 10-12PCS/KG,
2026-02-10,130000000,PASAY CITY MARKET,Fruits,Banana (Latundan) - 10-12PCS/KG,
2026-02-10,130000000,MUTYA NG PASIG MEGA MARKET,Fruits,Banana (Latundan) - 10-12PCS/KG,
2026-02-10,130000000,QUINTA MARKET,Fruits,Banana (Latundan) - 10-12PCS/KG,
2026-02-10,130000000,SAN ANDRES MARKET,Fruits,Banana (Latundan) - 10-12PCS/KG,
2026-02-10,130000000,MEGA Q MART,Fruits,Banana (Latundan) - 10-12PCS/KG,55.0
2026-02-10,130000000,PAMILIHANG LUNGSOD NG MUNTINLUPA,Fruits,Banana (Latundan) - 10-12PCS/KG,70.0
2026-02-10,130000000,MALABON CENTRAL MARKET,Fruits,Banana (Latundan) - 10-12PCS/KG,
2026-02-10,130000000,PRITIL MARKET,Fruits,Banana (Latundan) - 10-12PCS/KG,
2026-02-10,130000000,MAYPAJO PUBLIC MARKET,Fruits,Banana (Latundan) - 10-12PCS/KG,
2026-02-10,130000000,PACO MARKET,Fruits,Banana (Latundan) - 10-12PCS/KG,
2026-02-10,130000000,DAGONOY MARKET,Fruits,Banana (Latundan) - 10-12PCS/KG,
2026-02-10,130000000,TRABAJO MARKET,Fruits,Banana (Latundan) - 10-12PCS/KG,
2026-02-10,130000000,BLUMENTRITT MARKET,Fruits,Banana (Latundan) - 10-12PCS/KG,
2026-02-10,130000000,MANDALUYONG PUBLIC MARKET I,Fruits,Banana (Latundan) - 10-12PCS/KG,
2026-02-10,130000000,NAVOTAS AGORA MARKET,Fruits,Banana (Latundan) - 10-12PCS/KG,90.0
2026-02-10,130000000,LA HUERTA MARKET,Fruits,Banana (Latundan) - 10-12PCS/KG,
2026-02-10,130000000,CARTIMAR MARKET,Fruits,Banana (Latundan) - 10-12PCS/KG,
2026-02-10,130000000,GRACE MARKETPLACE (PATEROS),Fruits,Banana (Latundan) - 10-12PCS/KG,
2026-02-10,130000000,MURPHY MARKET,Fruits,Banana (Latundan) - 10-12PCS/KG,80.0
2026-02-10,130000000,KAMUNING MARKET,Fruits,Banana (Latundan) - 10-12PCS/KG,80.0
2026-02-10,130000000,AGORA PUBLIC MARKET (SAN JUAN),Fruits,Banana (Latundan) - 10-12PCS/KG,
2026-02-10,130000000,BICUTAN MARKET,Fruits,Banana (Latundan) - 10-12PCS/KG,
2026-02-10,130000000,TAGUIG PEOPLE'S MARKET,Fruits,Banana (Latundan) - 10-12PCS/KG,
2026-02-10,130000000,NEW MARULAS PUBLIC MARKET,Fruits,Banana (Latundan) - 10-12PCS/KG,
2026-02-10,130000000,BALINTAWAK MARKET (CLOVERLEAF),Fruits,Banana (Latundan) - 10-12PCS/KG,
2026-02-10,130000000,FARMERS MARKET,Fruits,Banana (Latundan) - 10-12PCS/KG,90.0
2026-02-10,130000000,COMMONWEALTH MARKET,Fruits,"Mango (Carabao) - RIPE, 3-4PCS/KG",
2026-02-10,130000000,GUADALUPE PUBLIC MARKET,Fruits,"Mango (Carabao) - RIPE, 3-4PCS/KG",220.0
2026-02-10,130000000,NEW LAS PINAS CITY PUBLIC MARKET,Fruits,"Mango (Carabao) - RIPE, 3-4PCS/KG",180.0
2026-02-10,130000000,MARIKINA PUBLIC MARKET,Fruits,"Mango (Carabao) - RIPE, 3-4PCS/KG",200.0
2026-02-10,130000000,MUNOZ MARKET,Fruits,"Mango (Carabao) - RIPE, 3-4PCS/KG",
2026-02-10,130000000,PASAY CITY MARKET,Fruits,"Mango (Carabao) - RIPE, 3-4PCS/KG",180.0
2026-02-10,130000000,MUTYA NG PASIG MEGA MARKET,Fruits,"Mango (Carabao) - RIPE, 3-4PCS/KG",
2026-02-10,130000000,QUINTA MARKET,Fruits,"Mango (Carabao) - RIPE, 3-4PCS/KG",
2026-02-10,130000000,SAN ANDRES MARKET,Fruits,"Mango (Carabao) - RIPE, 3-4PCS/KG",
2026-02-10,130000000,MEGA Q MART,Fruits,"Mango (Carabao) - RIPE, 3-4PCS/KG",180.0
2026-02-10,130000000,PAMILIHANG LUNGSOD NG MUNTINLUPA,Fruits,"Mango (Carabao) - RIPE, 3-4PCS/KG",150.0
2026-02-10,130000000,MALABON CENTRAL MARKET,Fruits,"Mango (Carabao) - RIPE, 3-4PCS/KG",
2026-02-10,130000000,PRITIL MARKET,Fruits,"Mango (Carabao) - RIPE, 3-4PCS/KG",160.0
2026-02-10,130000000,MAYPAJO PUBLIC MARKET,Fruits,"Mango (Carabao) - RIPE, 3-4PCS/KG",
2026-02-10,130000000,PACO MARKET,Fruits,"Mango (Carabao) - RIPE, 3-4PCS/KG",
2026-02-10,130000000,DAGONOY MARKET,Fruits,"Mango (Carabao) - RIPE, 3-4PCS/KG",
2026-02-10,130000000,TRABAJO MARKET,Fruits,"Mango (Carabao) - RIPE, 3-4PCS/KG",
2026-02-10,130000000,BLUMENTRITT MARKET,Fruits,"Mango (Carabao) - RIPE, 3-4PCS/KG",
2026-02-10,130000000,MANDALUYONG PUBLIC MARKET I,Fruits,"Mango (Carabao) - RIPE, 3-4PCS/KG",
2026-02-10,130000000,NAVOTAS AGORA MARKET,Fruits,"Mango (Carabao) - RIPE, 3-4PCS/KG",160.0
2026-02-10,130000000,LA HUERTA MARKET,Fruits,"Mango (Carabao) - RIPE, 3-4PCS/KG",
2026-02-10,130000000,CARTIMAR MARKET,Fruits,"Mango (Carabao) - RIPE, 3-4PCS/KG",
2026-02-10,130000000,GRACE MARKETPLACE (PATEROS),Fruits,"Mango (Carabao) - RIPE, 3-4PCS/KG",
2026-02-10,130000000,MURPHY MARKET,Fruits,"Mango (Carabao) - RIPE, 3-4PCS/KG",250.0
2026-02-10,130000000,KAMUNING MARKET,Fruits,"Mango (Carabao) - RIPE, 3-4PCS/KG",250.0
2026-02-10,130000000,AGORA PUBLIC MARKET (SAN JUAN),Fruits,"Mango (Carabao) - RIPE, 3-4PCS/KG",
2026-02-10,130000000,BICUTAN MARKET,Fruits,"Mango (Carabao) - RIPE, 3-4PCS/KG",
2026-02-10,130000000,TAGUIG PEOPLE'S MARKET,Fruits,"Mango (Carabao) - RIPE, 3-4PCS/KG",
2026-02-10,130000000,NEW MARULAS PUBLIC MARKET,Fruits,"Mango (Carabao) - RIPE, 3-4PCS/KG",
2026-02-10,130000000,BALINTAWAK MARKET (CLOVERLEAF),Fruits,"Mango (Carabao) - RIPE, 3-4PCS/KG",
2026-02-10,130000000,FARMERS MARKET,Fruits,"Mango (Carabao) - RIPE, 3-4PCS/KG",280.0
2026-02-10,130000000,COMMONWEALTH MARKET,Fruits,"Papaya - SOLO, RIPE, 2-3PCS",
2026-02-10,130000000,GUADALUPE PUBLIC MARKET,Fruits,"Papaya - SOLO, RIPE, 2-3PCS",
2026-02-10,130000000,NEW LAS PINAS CITY PUBLIC MARKET,Fruits,"Papaya - SOLO, RIPE, 2-3PCS",80.0
2026-02-10,130000000,MARIKINA PUBLIC MARKET,Fruits,"Papaya - SOLO, RIPE, 2-3PCS",70.0
2026-02-10,130000000,MUNOZ MARKET,Fruits,"Papaya - SOLO, RIPE, 2-3PCS",
2026-02-10,130000000,PASAY CITY MARKET,Fruits,"Papaya - SOLO, RIPE, 2-3PCS",
2026-02-10,130000000,MUTYA NG PASIG MEGA MARKET,Fruits,"Papaya - SOLO, RIPE, 2-3PCS",
2026-02-10,130000000,QUINTA MARKET,Fruits,"Papaya - SOLO, RIPE, 2-3PCS",
2026-02-10,130000000,SAN ANDRES MARKET,Fruits,"Papaya - SOLO, RIPE, 2-3PCS",
2026-02-10,130000000,MEGA Q MART,Fruits,"Papaya - SOLO, RIPE, 2-3PCS",80.0
2026-02-10,130000000,PAMILIHANG LUNGSOD NG MUNTINLUPA,Fruits,"Papaya - SOLO, RIPE, 2-3PCS",65.0
2026-02-10,130000000,MALABON CENTRAL MARKET,Fruits,"Papaya - SOLO, RIPE, 2-3PCS",
2026-02-10,130000000,PRITIL MARKET,Fruits,"Papaya - SOLO, RIPE, 2-3PCS",
2026-02-10,130000000,MAYPAJO PUBLIC MARKET,Fruits,"Papaya - SOLO, RIPE, 2-3PCS",
2026-02-10,130000000,PACO MARKET,Fruits,"Papaya - SOLO, RIPE, 2-3PCS",
2026-02-10,130000000,DAGONOY MARKET,Fruits,"Papaya - SOLO, RIPE, 2-3PCS",
2026-02-10,130000000,TRABAJO MARKET,Fruits,"Papaya - SOLO, RIPE, 2-3PCS",
2026-02-10,130000000,BLUMENTRITT MARKET,Fruits,"Papaya - SOLO, RIPE, 2-3PCS",
2026-02-10,130000000,MANDALUYONG PUBLIC MARKET I,Fruits,"Papaya - SOLO, RIPE, 2-3PCS",
2026-02-10,130000000,NAVOTAS AGORA MARKET,Fruits,"Papaya - SOLO, RIPE, 2-3PCS",
2026-02-10,130000000,LA HUERTA MARKET,Fruits,"Papaya - SOLO, RIPE, 2-3PCS",
2026-02-10,130000000,CARTIMAR MARKET,Fruits,"Papaya - SOLO, RIPE, 2-3PCS",
2026-02-10,130000000,GRACE MARKETPLACE (PATEROS),Fruits,"Papaya - SOLO, RIPE, 2-3PCS",
2026-02-10,130000000,MURPHY MARKET,Fruits,"Papaya - SOLO, RIPE, 2-3PCS",
2026-02-10,130000000,KAMUNING MARKET,Fruits,"Papaya - SOLO, RIPE, 2-3PCS",
2026-02-10,130000000,AGORA PUBLIC MARKET (SAN JUAN),Fruits,"Papaya - SOLO, RIPE, 2-3PCS",
2026-02-10,130000000,BICUTAN MARKET,Fruits,"Papaya - SOLO, RIPE, 2-3PCS",
2026-02-10,130000000,TAGUIG PEOPLE'S MARKET,Fruits,"Papaya - SOLO, RIPE, 2-3PCS",
2026-02-10,130000000,NEW MARULAS PUBLIC MARKET,Fruits,"Papaya - SOLO, RIPE, 2-3PCS",
2026-02-10,130000000,BALINTAWAK MARKET (CLOVERLEAF),Fruits,"Papaya - SOLO, RIPE, 2-3PCS",
2026-02-10,130000000,FARMERS MARKET,Fruits,"Papaya - SOLO, RIPE, 2-3PCS",
2026-02-10,130000000,COMMONWEALTH MARKET,Fruits,Melon,
2026-02-10,130000000,GUADALUPE PUBLIC MARKET,Fruits,Melon,120.0
2026-02-10,130000000,NEW LAS PINAS CITY PUBLIC MARKET,Fruits,Melon,90.0
2026-02-10,130000000,MARIKINA PUBLIC MARKET,Fruits,Melon,120.0
2026-02-10,130000000,MUNOZ MARKET,Fruits,Melon,
2026-02-10,130000000,PASAY CITY MARKET,Fruits,Melon,
2026-02-10,130000000,MUTYA NG PASIG MEGA MARKET,Fruits,Melon,
2026-02-10,130000000,QUINTA MARKET,Fruits,Melon,
2026-02-10,130000000,SAN ANDRES MARKET,Fruits,Melon,
2026-02-10,130000000,MEGA Q MART,Fruits,Melon,85.0
2026-02-10,130000000,PAMILIHANG LUNGSOD NG MUNTINLUPA,Fruits,Melon,80.0
2026-02-10,130000000,MALABON CENTRAL MARKET,Fruits,Melon,
2026-02-10,130000000,PRITIL MARKET,Fruits,Melon,
2026-02-10,130000000,MAYPAJO PUBLIC MARKET,Fruits,Melon,
2026-02-10,130000000,PACO MARKET,Fruits,Melon,
2026-02-10,130000000,DAGONOY MARKET,Fruits,Melon,
2026-02-10,130000000,TRABAJO MARKET,Fruits,Melon,
2026-02-10,130000000,BLUMENTRITT MARKET,Fruits,Melon,
2026-02-10,130000000,MANDALUYONG PUBLIC MARKET I,Fruits,Melon,
2026-02-10,130000000,NAVOTAS AGORA MARKET,Fruits,Melon,
2026-02-10,130000000,LA HUERTA MARKET,Fruits,Melon,
2026-02-10,130000000,CARTIMAR MARKET,Fruits,Melon,
2026-02-10,130000000,GRACE MARKETPLACE (PATEROS),Fruits,Melon,
2026-02-10,130000000,MURPHY MARKET,Fruits,Melon,100.0
2026-02-10,130000000,KAMUNING MARKET,Fruits,Melon,100.0
2026-02-10,130000000,AGORA PUBLIC MARKET (SAN JUAN),Fruits,Melon,
2026-02-10,130000000,BICUTAN MARKET,Fruits,Melon,
2026-02-10,130000000,TAGUIG PEOPLE'S MARKET,Fruits,Melon,
2026-02-10,130000000,NEW MARULAS PUBLIC MARKET,Fruits,Melon,
2026-02-10,130000000,BALINTAWAK MARKET (CLOVERLEAF),Fruits,Melon,
2026-02-10,130000000,FARMERS MARKET,Fruits,Melon,120.0
2026-02-10,130000000,COMMONWEALTH MARKET,Fruits,Avocado,
2026-02-10,130000000,GUADALUPE PUBLIC MARKET,Fruits,Avocado,400.0
2026-02-10,130000000,NEW LAS PINAS CITY PUBLIC MARKET,Fruits,Avocado,
2026-02-10,130000000,MARIKINA PUBLIC MARKET,Fruits,Avocado,350.0
2026-02-10,130000000,MUNOZ MARKET,Fruits,Avocado,
2026-02-10,130000000,PASAY CITY MARKET,Fruits,Avocado,
2026-02-10,130000000,MUTYA NG PASIG MEGA MARKET,Fruits,Avocado,
2026-02-10,130000000,QUINTA MARKET,Fruits,Avocado,
2026-02-10,130000000,SAN ANDRES MARKET,Fruits,Avocado,
2026-02-10,130000000,MEGA Q MART,Fruits,Avocado,200.0
2026-02-10,130000000,PAMILIHANG LUNGSOD NG MUNTINLUPA,Fruits,Avocado,
2026-02-10,130000000,MALABON CENTRAL MARKET,Fruits,Avocado,
2026-02-10,130000000,PRITIL MARKET,Fruits,Avocado,
2026-02-10,130000000,MAYPAJO PUBLIC MARKET,Fruits,Avocado,
2026-02-10,130000000,PACO MARKET,Fruits,Avocado,
2026-02-10,130000000,DAGONOY MARKET,Fruits,Avocado,
2026-02-10,130000000,TRABAJO MARKET,Fruits,Avocado,
2026-02-10,130000000,BLUMENTRITT MARKET,Fruits,Avocado,
2026-02-10,130000000,MANDALUYONG PUBLIC MARKET I,Fruits,Avocado,
2026-02-10,130000000,NAVOTAS AGORA MARKET,Fruits,Avocado,
2026-02-10,130000000,LA HUERTA MARKET,Fruits,Avocado,
2026-02-10,130000000,CARTIMAR MARKET,Fruits,Avocado,
2026-02-10,130000000,GRACE MARKETPLACE (PATEROS),Fruits,Avocado,
2026-02-10,130000000,MURPHY MARKET,Fruits,Avocado,400.0
2026-02-10,130000000,KAMUNING MARKET,Fruits,Avocado,
2026-02-10,130000000,AGORA PUBLIC MARKET (SAN JUAN),Fruits,Avocado,
2026-02-10,130000000,BICUTAN MARKET,Fruits,Avocado,
2026-02-10,130000000,TAGUIG PEOPLE'S MARKET,Fruits,Avocado,
2026-02-10,130000000,NEW MARULAS PUBLIC MARKET,Fruits,Avocado,
2026-02-10,130000000,BALINTAWAK MARKET (CLOVERLEAF),Fruits,Avocado,
2026-02-10,130000000,FARMERS MARKET,Fruits,Avocado,
2026-02-10,130000000,COMMONWEALTH MARKET,Fruits,Pomelo - KG,
2026-02-10,130000000,GUADALUPE PUBLIC MARKET,Fruits,Pomelo - KG,200.0
2026-02-10,130000000,NEW LAS PINAS CITY PUBLIC MARKET,Fruits,Pomelo - KG,150.0
2026-02-10,130000000,MARIKINA PUBLIC MARKET,Fruits,Pomelo - KG,320.0
2026-02-10,130000000,MUNOZ MARKET,Fruits,Pomelo - KG,
2026-02-10,130000000,PASAY CITY MARKET,Fruits,Pomelo - KG,
2026-02-10,130000000,MUTYA NG PASIG MEGA MARKET,Fruits,Pomelo - KG,
2026-02-10,130000000,QUINTA MARKET,Fruits,Pomelo - KG,
2026-02-10,130000000,SAN ANDRES MARKET,Fruits,Pomelo - KG,
2026-02-10,130000000,MEGA Q MART,Fruits,Pomelo - KG,180.0
2026-02-10,130000000,PAMILIHANG LUNGSOD NG MUNTINLUPA,Fruits,Pomelo - KG,140.0
2026-02-10,130000000,MALABON CENTRAL MARKET,Fruits,Pomelo - KG,
2026-02-10,130000000,PRITIL MARKET,Fruits,Pomelo - KG,
2026-02-10,130000000,MAYPAJO PUBLIC MARKET,Fruits,Pomelo - KG,
2026-02-10,130000000,PACO MARKET,Fruits,Pomelo - KG,
2026-02-10,130000000,DAGONOY MARKET,Fruits,Pomelo - KG,
2026-02-10,130000000,TRABAJO MARKET,Fruits,Pomelo - KG,
2026-02-10,130000000,BLUMENTRITT MARKET,Fruits,Pomelo - KG,
2026-02-10,130000000,MANDALUYONG PUBLIC MARKET I,Fruits,Pomelo - KG,
2026-02-10,130000000,NAVOTAS AGORA MARKET,Fruits,Pomelo - KG,
2026-02-10,130000000,LA HUERTA MARKET,Fruits,Pomelo - KG,
2026-02-10,130000000,CARTIMAR MARKET,Fruits,Pomelo - KG,
2026-02-10,130000000,GRACE MARKETPLACE (PATEROS),Fruits,Pomelo - KG,
2026-02-10,130000000,MURPHY MARKET,Fruits,Pomelo - KG,
2026-02-10,130000000,KAMUNING MARKET,Fruits,Pomelo - KG,250.0
2026-02-10,130000000,AGORA PUBLIC MARKET (SAN JUAN),Fruits,Pomelo - KG,
2026-02-10,130000000,BICUTAN MARKET,Fruits,Pomelo - KG,
2026-02-10,130000000,TAGUIG PEOPLE'S MARKET,Fruits,Pomelo - KG,
2026-02-10,130000000,NEW MARULAS PUBLIC MARKET,Fruits,Pomelo - KG,
2026-02-10,130000000,BALINTAWAK MARKET (CLOVERLEAF),Fruits,Pomelo - KG,
2026-02-10,130000000,FARMERS MARKET,Fruits,Pomelo - KG,250.0
2026-02-10,130000000,COMMONWEALTH MARKET,Fruits,Watermelon - KG,
2026-02-10,130000000,GUADALUPE PUBLIC MARKET,Fruits,Watermelon - KG,100.0
2026-02-10,130000000,NEW LAS PINAS CITY PUBLIC MARKET,Fruits,Watermelon - KG,65.0
2026-02-10,130000000,MARIKINA PUBLIC MARKET,Fruits,Watermelon - KG,80.0
2026-02-10,130000000,MUNOZ MARKET,Fruits,Watermelon - KG,
2026-02-10,130000000,PASAY CITY MARKET,Fruits,Watermelon - KG,
2026-02-10,130000000,MUTYA NG PASIG MEGA MARKET,Fruits,Watermelon - KG,
2026-02-10,130000000,QUINTA MARKET,Fruits,Watermelon - KG,
2026-02-10,130000000,SAN ANDRES MARKET,Fruits,Watermelon - KG,
2026-02-10,130000000,MEGA Q MART,Fruits,Watermelon - KG,80.0
2026-02-10,130000000,PAMILIHANG LUNGSOD NG MUNTINLUPA,Fruits,Watermelon - KG,65.0
2026-02-10,130000000,MALABON CENTRAL MARKET,Fruits,Watermelon - KG,
2026-02-10,130000000,PRITIL MARKET,Fruits,Watermelon - KG,
2026-02-10,130000000,MAYPAJO PUBLIC MARKET,Fruits,Watermelon - KG,
2026-02-10,130000000,PACO MARKET,Fruits,Watermelon - KG,
2026-02-10,130000000,DAGONOY MARKET,Fruits,Watermelon - KG,
2026-02-10,130000000,TRABAJO MARKET,Fruits,Watermelon - KG,
2026-02-10,130000000,BLUMENTRITT MARKET,Fruits,Watermelon - KG,
2026-02-10,130000000,MANDALUYONG PUBLIC MARKET I,Fruits,Watermelon - KG,
2026-02-10,130000000,NAVOTAS AGORA MARKET,Fruits,Watermelon - KG,
2026-02-10,130000000,LA HUERTA MARKET,Fruits,Watermelon - KG,
2026-02-10,130000000,CARTIMAR MARKET,Fruits,Watermelon - KG,
2026-02-10,130000000,GRACE MARKETPLACE (PATEROS),Fruits,Watermelon - KG,
2026-02-10,130000000,MURPHY MARKET,Fruits,Watermelon - KG,70.0
2026-02-10,130000000,KAMUNING MARKET,Fruits,Watermelon - KG,90.0
2026-02-10,130000000,AGORA PUBLIC MARKET (SAN JUAN),Fruits,Watermelon - KG,
2026-02-10,130000000,BICUTAN MARKET,Fruits,Watermelon - KG,
2026-02-10,130000000,TAGUIG PEOPLE'S MARKET,Fruits,Watermelon - KG,
2026-02-10,130000000,NEW MARULAS PUBLIC MARKET,Fruits,Watermelon - KG,
2026-02-10,130000000,BALINTAWAK MARKET (CLOVERLEAF),Fruits,Watermelon - KG,
2026-02-10,130000000,FARMERS MARKET,Fruits,Watermelon - KG,80.0
2026-02-10,130000000,COMMONWEALTH MARKET,Fruits,Banana (Saba) - KG,
2026-02-10,130000000,GUADALUPE PUBLIC MARKET,Fruits,Banana (Saba) - KG,60.0
2026-02-10,130000000,NEW LAS PINAS CITY PUBLIC MARKET,Fruits,Banana (Saba) - KG,
2026-02-10,130000000,MARIKINA PUBLIC MARKET,Fruits,Banana (Saba) - KG,
2026-02-10,130000000,MUNOZ MARKET,Fruits,Banana (Saba) - KG,50.0
2026-02-10,130000000,PASAY CITY MARKET,Fruits,Banana (Saba) - KG,
2026-02-10,130000000,MUTYA NG PASIG MEGA MARKET,Fruits,Banana (Saba) - KG,
2026-02-10,130000000,QUINTA MARKET,Fruits,Banana (Saba) - KG,60.0
2026-02-10,130000000,SAN ANDRES MARKET,Fruits,Banana (Saba) - KG,
2026-02-10,130000000,MEGA Q MART,Fruits,Banana (Saba) - KG,55.0
2026-02-10,130000000,PAMILIHANG LUNGSOD NG MUNTINLUPA,Fruits,Banana (Saba) - KG,40.0
2026-02-10,130000000,MALABON CENTRAL MARKET,Fruits,Banana (Saba) - KG,
2026-02-10,130000000,PRITIL MARKET,Fruits,Banana (Saba) - KG,60.0
2026-02-10,130000000,MAYPAJO PUBLIC MARKET,Fruits,Banana (Saba) - KG,50.0
2026-02-10,130000000,PACO MARKET,Fruits,Banana (Saba) - KG,
2026-02-10,130000000,DAGONOY MARKET,Fruits,Banana (Saba) - KG,
2026-02-10,130000000,TRABAJO MARKET,Fruits,Banana (Saba) - KG,
2026-02-10,130000000,BLUMENTRITT MARKET,Fruits,Banana (Saba) - KG,
2026-02-10,130000000,MANDALUYONG PUBLIC MARKET I,Fruits,Banana (Saba) - KG,
2026-02-10,130000000,NAVOTAS AGORA MARKET,Fruits,Banana (Saba) - KG,60.0
2026-02-10,130000000,LA HUERTA MARKET,Fruits,Banana (Saba) - KG,
2026-02-10,130000000,CARTIMAR MARKET,Fruits,Banana (Saba) - KG,
2026-02-10,130000000,GRACE MARKETPLACE (PATEROS),Fruits,Banana (Saba) - KG,
2026-02-10,130000000,MURPHY MARKET,Fruits,Banana (Saba) - KG,60.0
2026-02-10,130000000,KAMUNING MARKET,Fruits,Banana (Saba) - KG,60.0
2026-02-10,130000000,AGORA PUBLIC MARKET (SAN JUAN),Fruits,Banana (Saba) - KG,
2026-02-10,130000000,BICUTAN MARKET,Fruits,Banana (Saba) - KG,
2026-02-10,130000000,TAGUIG PEOPLE'S MARKET,Fruits,Banana (Saba) - KG,
2026-02-10,130000000,NEW MARULAS PUBLIC MARKET,Fruits,Banana (Saba) - KG,
2026-02-10,130000000,BALINTAWAK MARKET (CLOVERLEAF),Fruits,Banana (Saba) - KG,
2026-02-10,130000000,FARMERS MARKET,Fruits,Banana (Saba) - KG,80.0
2026-02-10,130000000,COMMONWEALTH MARKET,Highland Vegetables,Cabbage (Scorpio) - 750GM-1KG/HEAD,
2026-02-10,130000000,GUADALUPE PUBLIC MARKET,Highland Vegetables,Cabbage (Scorpio) - 750GM-1KG/HEAD,
2026-02-10,130000000,NEW LAS PINAS CITY PUBLIC MARKET,Highland Vegetables,Cabbage (Scorpio) - 750GM-1KG/HEAD,
2026-02-10,130000000,MARIKINA PUBLIC MARKET,Highland Vegetables,Cabbage (Scorpio) - 750GM-1KG/HEAD,
2026-02-10,130000000,MUNOZ MARKET,Highland Vegetables,Cabbage (Scorpio) - 750GM-1KG/HEAD,
2026-02-10,130000000,PASAY CITY MARKET,Highland Vegetables,Cabbage (Scorpio) - 750GM-1KG/HEAD,
2026-02-10,130000000,MUTYA NG PASIG MEGA MARKET,Highland Vegetables,Cabbage (Scorpio) - 750GM-1KG/HEAD,
2026-02-10,130000000,QUINTA MARKET,Highland Vegetables,Cabbage (Scorpio) - 750GM-1KG/HEAD,
2026-02-10,130000000,SAN ANDRES MARKET,Highland Vegetables,Cabbage (Scorpio) - 750GM-1KG/HEAD,
2026-02-10,130000000,MEGA Q MART,Highland Vegetables,Cabbage (Scorpio) - 750GM-1KG/HEAD,
2026-02-10,130000000,PAMILIHANG LUNGSOD NG MUNTINLUPA,Highland Vegetables,Cabbage (Scorpio) - 750GM-1KG/HEAD,
2026-02-10,130000000,MALABON CENTRAL MARKET,Highland Vegetables,Cabbage (Scorpio) - 750GM-1KG/HEAD,
2026-02-10,130000000,PRITIL MARKET,Highland Vegetables,Cabbage (Scorpio) - 750GM-1KG/HEAD,
2026-02-10,130000000,MAYPAJO PUBLIC MARKET,Highland Vegetables,Cabbage (Scorpio) - 750GM-1KG/HEAD,
2026-02-10,130000000,PACO MARKET,Highland Vegetables,Cabbage (Scorpio) - 750GM-1KG/HEAD,
2026-02-10,130000000,DAGONOY MARKET,Highland Vegetables,Cabbage (Scorpio) - 750GM-1KG/HEAD,
2026-02-10,130000000,TRABAJO MARKET,Highland Vegetables,Cabbage (Scorpio) - 750GM-1KG/HEAD,90.0
2026-02-10,130000000,BLUMENTRITT MARKET,Highland Vegetables,Cabbage (Scorpio) - 750GM-1KG/HEAD,
2026-02-10,130000000,MANDALUYONG PUBLIC MARKET I,Highland Vegetables,Cabbage (Scorpio) - 750GM-1KG/HEAD,
2026-02-10,130000000,NAVOTAS AGORA MARKET,Highland Vegetables,Cabbage (Scorpio) - 750GM-1KG/HEAD,
2026-02-10,130000000,LA HUERTA MARKET,Highland Vegetables,Cabbage (Scorpio) - 750GM-1KG/HEAD,
2026-02-10,130000000,CARTIMAR MARKET,Highland Vegetables,Cabbage (Scorpio) - 750GM-1KG/HEAD,
2026-02-10,130000000,GRACE MARKETPLACE (PATEROS),Highland Vegetables,Cabbage (Scorpio) - 750GM-1KG/HEAD,90.0
2026-02-10,130000000,MURPHY MARKET,Highland Vegetables,Cabbage (Scorpio) - 750GM-1KG/HEAD,
2026-02-10,130000000,KAMUNING MARKET,Highland Vegetables,Cabbage (Scorpio) - 750GM-1KG/HEAD,
2026-02-10,130000000,AGORA PUBLIC MARKET (SAN JUAN),Highland Vegetables,Cabbage (Scorpio) - 750GM-1KG/HEAD,
2026-02-10,130000000,BICUTAN MARKET,Highland Vegetables,Cabbage (Scorpio) - 750GM-1KG/HEAD,
2026-02-10,130000000,TAGUIG PEOPLE'S MARKET,Highland Vegetables,Cabbage (Scorpio) - 750GM-1KG/HEAD,
2026-02-10,130000000,NEW MARULAS PUBLIC MARKET,Highland Vegetables,Cabbage (Scorpio) - 750GM-1KG/HEAD,
2026-02-10,130000000,BALINTAWAK MARKET (CLOVERLEAF),Highland Vegetables,Cabbage (Scorpio) - 750GM-1KG/HEAD,
2026-02-10,130000000,FARMERS MARKET,Highland Vegetables,Cabbage (Scorpio) - 750GM-1KG/HEAD,
2026-02-10,130000000,COMMONWEALTH MARKET,Highland Vegetables,Carrots - 8-10PCS/KG,
2026-02-10,130000000,GUADALUPE PUBLIC MARKET,Highland Vegetables,Carrots - 8-10PCS/KG,80.0
2026-02-10,130000000,NEW LAS PINAS CITY PUBLIC MARKET,Highland Vegetables,Carrots - 8-10PCS/KG,95.0
2026-02-10,130000000,MARIKINA PUBLIC MARKET,Highland Vegetables,Carrots - 8-10PCS/KG,120.0
2026-02-10,130000000,MUNOZ MARKET,Highland Vegetables,Carrots - 8-10PCS/KG,100.0
2026-02-10,130000000,PASAY CITY MARKET,Highland Vegetables,Carrots - 8-10PCS/KG,
2026-02-10,130000000,MUTYA NG PASIG MEGA MARKET,Highland Vegetables,Carrots - 8-10PCS/KG,
2026-02-10,130000000,QUINTA MARKET,Highland Vegetables,Carrots - 8-10PCS/KG,
2026-02-10,130000000,SAN ANDRES MARKET,Highland Vegetables,Carrots - 8-10PCS/KG,
2026-02-10,130000000,MEGA Q MART,Highland Vegetables,Carrots - 8-10PCS/KG,100.0
2026-02-10,130000000,PAMILIHANG LUNGSOD NG MUNTINLUPA,Highland Vegetables,Carrots - 8-10PCS/KG,80.0
2026-02-10,130000000,MALABON CENTRAL MARKET,Highland Vegetables,Carrots - 8-10PCS/KG,
2026-02-10,130000000,PRITIL MARKET,Highland Vegetables,Carrots - 8-10PCS/KG,100.0
2026-02-10,130000000,MAYPAJO PUBLIC MARKET,Highland Vegetables,Carrots - 8-10PCS/KG,90.0
2026-02-10,130000000,PACO MARKET,Highland Vegetables,Carrots - 8-10PCS/KG,
2026-02-10,130000000,DAGONOY MARKET,Highland Vegetables,Carrots - 8-10PCS/KG,100.0
2026-02-10,130000000,TRABAJO MARKET,Highland Vegetables,Carrots - 8-10PCS/KG,90.0
2026-02-10,130000000,BLUMENTRITT MARKET,Highland Vegetables,Carrots - 8-10PCS/KG,
2026-02-10,130000000,MANDALUYONG PUBLIC MARKET I,Highland Vegetables,Carrots - 8-10PCS/KG,
2026-02-10,130000000,NAVOTAS AGORA MARKET,Highland Vegetables,Carrots - 8-10PCS/KG,100.0
2026-02-10,130000000,LA HUERTA MARKET,Highland Vegetables,Carrots - 8-10PCS/KG,
2026-02-10,130000000,CARTIMAR MARKET,Highland Vegetables,Carrots - 8-10PCS/KG,
2026-02-10,130000000,GRACE MARKETPLACE (PATEROS),Highland Vegetables,Carrots - 8-10PCS/KG,120.0
2026-02-10,130000000,MURPHY MARKET,Highland Vegetables,Carrots - 8-10PCS/KG,100.0
2026-02-10,130000000,KAMUNING MARKET,Highland Vegetables,Carrots - 8-10PCS/KG,100.0
2026-02-10,130000000,AGORA PUBLIC MARKET (SAN JUAN),Highland Vegetables,Carrots - 8-10PCS/KG,
2026-02-10,130000000,BICUTAN MARKET,Highland Vegetables,Carrots - 8-10PCS/KG,
2026-02-10,130000000,TAGUIG PEOPLE'S MARKET,Highland Vegetables,Carrots - 8-10PCS/KG,
2026-02-10,130000000,NEW MARULAS PUBLIC MARKET,Highland Vegetables,Carrots - 8-10PCS/KG,
2026-02-10,130000000,BALINTAWAK MARKET (CLOVERLEAF),Highland Vegetables,Carrots - 8-10PCS/KG,
2026-02-10,130000000,FARMERS MARKET,Highland Vegetables,Carrots - 8-10PCS/KG,
2026-02-10,130000000,COMMONWEALTH MARKET,Highland Vegetables,Habichuelas (Baguio Bean) - KG,
2026-02-10,130000000,GUADALUPE PUBLIC MARKET,Highland Vegetables,Habichuelas (Baguio Bean) - KG,80.0
2026-02-10,130000000,NEW LAS PINAS CITY PUBLIC MARKET,Highland Vegetables,Habichuelas (Baguio Bean) - KG,90.0
2026-02-10,130000000,MARIKINA PUBLIC MARKET,Highland Vegetables,Habichuelas (Baguio Bean) - KG,100.0
2026-02-10,130000000,MUNOZ MARKET,Highland Vegetables,Habichuelas (Baguio Bean) - KG,80.0
2026-02-10,130000000,PASAY CITY MARKET,Highland Vegetables,Habichuelas (Baguio Bean) - KG,80.0
2026-02-10,130000000,MUTYA NG PASIG MEGA MARKET,Highland Vegetables,Habichuelas (Baguio Bean) - KG,
2026-02-10,130000000,QUINTA MARKET,Highland Vegetables,Habichuelas (Baguio Bean) - KG,100.0
2026-02-10,130000000,SAN ANDRES MARKET,Highland Vegetables,Habichuelas (Baguio Bean) - KG,
2026-02-10,130000000,MEGA Q MART,Highland Vegetables,Habichuelas (Baguio Bean) - KG,80.0
2026-02-10,130000000,PAMILIHANG LUNGSOD NG MUNTINLUPA,Highland Vegetables,Habichuelas (Baguio Bean) - KG,70.0
2026-02-10,130000000,MALABON CENTRAL MARKET,Highland Vegetables,Habichuelas (Baguio Bean) - KG,
2026-02-10,130000000,PRITIL MARKET,Highland Vegetables,Habichuelas (Baguio Bean) - KG,120.0
2026-02-10,130000000,MAYPAJO PUBLIC MARKET,Highland Vegetables,Habichuelas (Baguio Bean) - KG,100.0
2026-02-10,130000000,PACO MARKET,Highland Vegetables,Habichuelas (Baguio Bean) - KG,
2026-02-10,130000000,DAGONOY MARKET,Highland Vegetables,Habichuelas (Baguio Bean) - KG,90.0
2026-02-10,130000000,TRABAJO MARKET,Highland Vegetables,Habichuelas (Baguio Bean) - KG,100.0
2026-02-10,130000000,BLUMENTRITT MARKET,Highland Vegetables,Habichuelas (Baguio Bean) - KG,
2026-02-10,130000000,MANDALUYONG PUBLIC MARKET I,Highland Vegetables,Habichuelas (Baguio Bean) - KG,
2026-02-10,130000000,NAVOTAS AGORA MARKET,Highland Vegetables,Habichuelas (Baguio Bean) - KG,120.0
2026-02-10,130000000,LA HUERTA MARKET,Highland Vegetables,Habichuelas (Baguio Bean) - KG,
2026-02-10,130000000,CARTIMAR MARKET,Highland Vegetables,Habichuelas (Baguio Bean) - KG,
2026-02-10,130000000,GRACE MARKETPLACE (PATEROS),Highland Vegetables,Habichuelas (Baguio Bean) - KG,120.0
2026-02-10,130000000,MURPHY MARKET,Highland Vegetables,Habichuelas (Baguio Bean) - KG,120.0
2026-02-10,130000000,KAMUNING MARKET,Highland Vegetables,Habichuelas (Baguio Bean) - KG,100.0
2026-02-10,130000000,AGORA PUBLIC MARKET (SAN JUAN),Highland Vegetables,Habichuelas (Baguio Bean) - KG,
2026-02-10,130000000,BICUTAN MARKET,Highland Vegetables,Habichuelas (Baguio Bean) - KG,
2026-02-10,130000000,TAGUIG PEOPLE'S MARKET,Highland Vegetables,Habichuelas (Baguio Bean) - KG,
2026-02-10,130000000,NEW MARULAS PUBLIC MARKET,Highland Vegetables,Habichuelas (Baguio Bean) - KG,
2026-02-10,130000000,BALINTAWAK MARKET (CLOVERLEAF),Highland Vegetables,Habichuelas (Baguio Bean) - KG,
2026-02-10,130000000,FARMERS MARKET,Highland Vegetables,Habichuelas (Baguio Bean) - KG,
2026-02-10,130000000,COMMONWEALTH MARKET,Highland Vegetables,White Potato - 10-12PCS/KG,
2026-02-10,130000000,GUADALUPE PUBLIC MARKET,Highland Vegetables,White Potato - 10-12PCS/KG,100.0
2026-02-10,130000000,NEW LAS PINAS CITY PUBLIC MARKET,Highland Vegetables,White Potato - 10-12PCS/KG,120.0
2026-02-10,130000000,MARIKINA PUBLIC MARKET,Highland Vegetables,White Potato - 10-12PCS/KG,140.0
2026-02-10,130000000,MUNOZ MARKET,Highland Vegetables,White Potato - 10-12PCS/KG,100.0
2026-02-10,130000000,PASAY CITY MARKET,Highland Vegetables,White Potato - 10-12PCS/KG,120.0
2026-02-10,130000000,MUTYA NG PASIG MEGA MARKET,Highland Vegetables,White Potato - 10-12PCS/KG,
2026-02-10,130000000,QUINTA MARKET,Highland Vegetables,White Potato - 10-12PCS/KG,140.0
2026-02-10,130000000,SAN ANDRES MARKET,Highland Vegetables,White Potato - 10-12PCS/KG,
2026-02-10,130000000,MEGA Q MART,Highland Vegetables,White Potato - 10-12PCS/KG,120.0
2026-02-10,130000000,PAMILIHANG LUNGSOD NG MUNTINLUPA,Highland Vegetables,White Potato - 10-12PCS/KG,110.0
2026-02-10,130000000,MALABON CENTRAL MARKET,Highland Vegetables,White Potato - 10-12PCS/KG,
2026-02-10,130000000,PRITIL MARKET,Highland Vegetables,White Potato - 10-12PCS/KG,140.0
2026-02-10,130000000,MAYPAJO PUBLIC MARKET,Highland Vegetables,White Potato - 10-12PCS/KG,120.0
2026-02-10,130000000,PACO MARKET,Highland Vegetables,White Potato - 10-12PCS/KG,
2026-02-10,130000000,DAGONOY MARKET,Highland Vegetables,White Potato - 10-12PCS/KG,
2026-02-10,130000000,TRABAJO MARKET,Highland Vegetables,White Potato - 10-12PCS/KG,140.0
2026-02-10,130000000,BLUMENTRITT MARKET,Highland Vegetables,White Potato - 10-12PCS/KG,
2026-02-10,130000000,MANDALUYONG PUBLIC MARKET I,Highland Vegetables,White Potato - 10-12PCS/KG,
2026-02-10,130000000,NAVOTAS AGORA MARKET,Highland Vegetables,White Potato - 10-12PCS/KG,140.0
2026-02-10,130000000,LA HUERTA MARKET,Highland Vegetables,White Potato - 10-12PCS/KG,
2026-02-10,130000000,CARTIMAR MARKET,Highland Vegetables,White Potato - 10-12PCS/KG,
2026-02-10,130000000,GRACE MARKETPLACE (PATEROS),Highland Vegetables,White Potato - 10-12PCS/KG,130.0
2026-02-10,130000000,MURPHY MARKET,Highland Vegetables,White Potato - 10-12PCS/KG,120.0
2026-02-10,130000000,KAMUNING MARKET,Highland Vegetables,White Potato - 10-12PCS/KG,140.0
2026-02-10,130000000,AGORA PUBLIC MARKET (SAN JUAN),Highland Vegetables,White Potato - 10-12PCS/KG,
2026-02-10,130000000,BICUTAN MARKET,Highland Vegetables,White Potato - 10-12PCS/KG,
2026-02-10,130000000,TAGUIG PEOPLE'S MARKET,Highland Vegetables,White Potato - 10-12PCS/KG,
2026-02-10,130000000,NEW MARULAS PUBLIC MARKET,Highland Vegetables,White Potato - 10-12PCS/KG,
2026-02-10,130000000,BALINTAWAK MARKET (CLOVERLEAF),Highland Vegetables,White Potato - 10-12PCS/KG,
2026-02-10,130000000,FARMERS MARKET,Highland Vegetables,White Potato - 10-12PCS/KG,
2026-02-10,130000000,COMMONWEALTH MARKET,Highland Vegetables,Pechay (Baguio) - KG,
2026-02-10,130000000,GUADALUPE PUBLIC MARKET,Highland Vegetables,Pechay (Baguio) - KG,80.0
2026-02-10,130000000,NEW LAS PINAS CITY PUBLIC MARKET,Highland Vegetables,Pechay (Baguio) - KG,100.0
2026-02-10,130000000,MARIKINA PUBLIC MARKET,Highland Vegetables,Pechay (Baguio) - KG,70.0
2026-02-10,130000000,MUNOZ MARKET,Highland Vegetables,Pechay (Baguio) - KG,80.0
2026-02-10,130000000,PASAY CITY MARKET,Highland Vegetables,Pechay (Baguio) - KG,
2026-02-10,130000000,MUTYA NG PASIG MEGA MARKET,Highland Vegetables,Pechay (Baguio) - KG,
2026-02-10,130000000,QUINTA MARKET,Highland Vegetables,Pechay (Baguio) - KG,100.0
2026-02-10,130000000,SAN ANDRES MARKET,Highland Vegetables,Pechay (Baguio) - KG,
2026-02-10,130000000,MEGA Q MART,Highland Vegetables,Pechay (Baguio) - KG,80.0
2026-02-10,130000000,PAMILIHANG LUNGSOD NG MUNTINLUPA,Highland Vegetables,Pechay (Baguio) - KG,70.0
2026-02-10,130000000,MALABON CENTRAL MARKET,Highland Vegetables,Pechay (Baguio) - KG,
2026-02-10,130000000,PRITIL MARKET,Highland Vegetables,Pechay (Baguio) - KG,100.0
2026-02-10,130000000,MAYPAJO PUBLIC MARKET,Highland Vegetables,Pechay (Baguio) - KG,80.0
2026-02-10,130000000,PACO MARKET,Highland Vegetables,Pechay (Baguio) - KG,
2026-02-10,130000000,DAGONOY MARKET,Highland Vegetables,Pechay (Baguio) - KG,90.0
2026-02-10,130000000,TRABAJO MARKET,Highland Vegetables,Pechay (Baguio) - KG,100.0
2026-02-10,130000000,BLUMENTRITT MARKET,Highland Vegetables,Pechay (Baguio) - KG,
2026-02-10,130000000,MANDALUYONG PUBLIC MARKET I,Highland Vegetables,Pechay (Baguio) - KG,
2026-02-10,130000000,NAVOTAS AGORA MARKET,Highland Vegetables,Pechay (Baguio) - KG,100.0
2026-02-10,130000000,LA HUERTA MARKET,Highland Vegetables,Pechay (Baguio) - KG,
2026-02-10,130000000,CARTIMAR MARKET,Highland Vegetables,Pechay (Baguio) - KG,
2026-02-10,130000000,GRACE MARKETPLACE (PATEROS),Highland Vegetables,Pechay (Baguio) - KG,100.0
2026-02-10,130000000,MURPHY MARKET,Highland Vegetables,Pechay (Baguio) - KG,90.0
2026-02-10,130000000,KAMUNING MARKET,Highland Vegetables,Pechay (Baguio) - KG,80.0
2026-02-10,130000000,AGORA PUBLIC MARKET (SAN JUAN),Highland Vegetables,Pechay (Baguio) - KG,
2026-02-10,130000000,BICUTAN MARKET,Highland Vegetables,Pechay (Baguio) - KG,
2026-02-10,130000000,TAGUIG PEOPLE'S MARKET,Highland Vegetables,Pechay (Baguio) - KG,
2026-02-10,130000000,NEW MARULAS PUBLIC MARKET,Highland Vegetables,Pechay (Baguio) - KG,
2026-02-10,130000000,BALINTAWAK MARKET (CLOVERLEAF),Highland Vegetables,Pechay (Baguio) - KG,
2026-02-10,130000000,FARMERS MARKET,Highland Vegetables,Pechay (Baguio) - KG,
2026-02-10,130000000,COMMONWEALTH MARKET,Highland Vegetables,Chayote - KG,
2026-02-10,130000000,GUADALUPE PUBLIC MARKET,Highland Vegetables,Chayote - KG,50.0
2026-02-10,130000000,NEW LAS PINAS CITY PUBLIC MARKET,Highland Vegetables,Chayote - KG,70.0
2026-02-10,130000000,MARIKINA PUBLIC MARKET,Highland Vegetables,Chayote - KG,60.0
2026-02-10,130000000,MUNOZ MARKET,Highland Vegetables,Chayote - KG,50.0
2026-02-10,130000000,PASAY CITY MARKET,Highland Vegetables,Chayote - KG,40.0
2026-02-10,130000000,MUTYA NG PASIG MEGA MARKET,Highland Vegetables,Chayote - KG,
2026-02-10,130000000,QUINTA MARKET,Highland Vegetables,Chayote - KG,70.0
2026-02-10,130000000,SAN ANDRES MARKET,Highland Vegetables,Chayote - KG,
2026-02-10,130000000,MEGA Q MART,Highland Vegetables,Chayote - KG,50.0
2026-02-10,130000000,PAMILIHANG LUNGSOD NG MUNTINLUPA,Highland Vegetables,Chayote - KG,60.0
2026-02-10,130000000,MALABON CENTRAL MARKET,Highland Vegetables,Chayote - KG,
2026-02-10,130000000,PRITIL MARKET,Highland Vegetables,Chayote - KG,60.0
2026-02-10,130000000,MAYPAJO PUBLIC MARKET,Highland Vegetables,Chayote - KG,60.0
2026-02-10,130000000,PACO MARKET,Highland Vegetables,Chayote - KG,
2026-02-10,130000000,DAGONOY MARKET,Highland Vegetables,Chayote - KG,70.0
2026-02-10,130000000,TRABAJO MARKET,Highland Vegetables,Chayote - KG,60.0
2026-02-10,130000000,BLUMENTRITT MARKET,Highland Vegetables,Chayote - KG,
2026-02-10,130000000,MANDALUYONG PUBLIC MARKET I,Highland Vegetables,Chayote - KG,
2026-02-10,130000000,NAVOTAS AGORA MARKET,Highland Vegetables,Chayote - KG,60.0
2026-02-10,130000000,LA HUERTA MARKET,Highland Vegetables,Chayote - KG,
2026-02-10,130000000,CARTIMAR MARKET,Highland Vegetables,Chayote - KG,
2026-02-10,130000000,GRACE MARKETPLACE (PATEROS),Highland Vegetables,Chayote - KG,70.0
2026-02-10,130000000,MURPHY MARKET,Highland Vegetables,Chayote - KG,70.0
2026-02-10,130000000,KAMUNING MARKET,Highland Vegetables,Chayote - KG,60.0
2026-02-10,130000000,AGORA PUBLIC MARKET (SAN JUAN),Highland Vegetables,Chayote - KG,
2026-02-10,130000000,BICUTAN MARKET,Highland Vegetables,Chayote - KG,
2026-02-10,130000000,TAGUIG PEOPLE'S MARKET,Highland Vegetables,Chayote - KG,
2026-02-10,130000000,NEW MARULAS PUBLIC MARKET,Highland Vegetables,Chayote - KG,
2026-02-10,130000000,BALINTAWAK MARKET (CLOVERLEAF),Highland Vegetables,Chayote - KG,
2026-02-10,130000000,FARMERS MARKET,Highland Vegetables,Chayote - KG,
2026-02-10,130000000,COMMONWEALTH MARKET,Highland Vegetables,Broccoli - MEDIUM (8-10CM DIAMETER/BUNCH HD),
2026-02-10,130000000,GUADALUPE PUBLIC MARKET,Highland Vegetables,Broccoli - MEDIUM (8-10CM DIAMETER/BUNCH HD),
2026-02-10,130000000,NEW LAS PINAS CITY PUBLIC MARKET,Highland Vegetables,Broccoli - MEDIUM (8-10CM DIAMETER/BUNCH HD),
2026-02-10,130000000,MARIKINA PUBLIC MARKET,Highland Vegetables,Broccoli - MEDIUM (8-10CM DIAMETER/BUNCH HD),
2026-02-10,130000000,MUNOZ MARKET,Highland Vegetables,Broccoli - MEDIUM (8-10CM DIAMETER/BUNCH HD),
2026-02-10,130000000,PASAY CITY MARKET,Highland Vegetables,Broccoli - MEDIUM (8-10CM DIAMETER/BUNCH HD),
2026-02-10,130000000,MUTYA NG PASIG MEGA MARKET,Highland Vegetables,Broccoli - MEDIUM (8-10CM DIAMETER/BUNCH HD),
2026-02-10,130000000,QUINTA MARKET,Highland Vegetables,Broccoli - MEDIUM (8-10CM DIAMETER/BUNCH HD),
2026-02-10,130000000,SAN ANDRES MARKET,Highland Vegetables,Broccoli - MEDIUM (8-10CM DIAMETER/BUNCH HD),
2026-02-10,130000000,MEGA Q MART,Highland Vegetables,Broccoli - MEDIUM (8-10CM DIAMETER/BUNCH HD),
2026-02-10,130000000,PAMILIHANG LUNGSOD NG MUNTINLUPA,Highland Vegetables,Broccoli - MEDIUM (8-10CM DIAMETER/BUNCH HD),
2026-02-10,130000000,MALABON CENTRAL MARKET,Highland Vegetables,Broccoli - MEDIUM (8-10CM DIAMETER/BUNCH HD),
2026-02-10,130000000,PRITIL MARKET,Highland Vegetables,Broccoli - MEDIUM (8-10CM DIAMETER/BUNCH HD),200.0
2026-02-10,130000000,MAYPAJO PUBLIC MARKET,Highland Vegetables,Broccoli - MEDIUM (8-10CM DIAMETER/BUNCH HD),
2026-02-10,130000000,PACO MARKET,Highland Vegetables,Broccoli - MEDIUM (8-10CM DIAMETER/BUNCH HD),
2026-02-10,130000000,DAGONOY MARKET,Highland Vegetables,Broccoli - MEDIUM (8-10CM DIAMETER/BUNCH HD),
2026-02-10,130000000,TRABAJO MARKET,Highland Vegetables,Broccoli - MEDIUM (8-10CM DIAMETER/BUNCH HD),
2026-02-10,130000000,BLUMENTRITT MARKET,Highland Vegetables,Broccoli - MEDIUM (8-10CM DIAMETER/BUNCH HD),
2026-02-10,130000000,MANDALUYONG PUBLIC MARKET I,Highland Vegetables,Broccoli - MEDIUM (8-10CM DIAMETER/BUNCH HD),
2026-02-10,130000000,NAVOTAS AGORA MARKET,Highland Vegetables,Broccoli - MEDIUM (8-10CM DIAMETER/BUNCH HD),
2026-02-10,130000000,LA HUERTA MARKET,Highland Vegetables,Broccoli - MEDIUM (8-10CM DIAMETER/BUNCH HD),
2026-02-10,130000000,CARTIMAR MARKET,Highland Vegetables,Broccoli - MEDIUM (8-10CM DIAMETER/BUNCH HD),
2026-02-10,130000000,GRACE MARKETPLACE (PATEROS),Highland Vegetables,Broccoli - MEDIUM (8-10CM DIAMETER/BUNCH HD),
2026-02-10,130000000,MURPHY MARKET,Highland Vegetables,Broccoli - MEDIUM (8-10CM DIAMETER/BUNCH HD),
2026-02-10,130000000,KAMUNING MARKET,Highland Vegetables,Broccoli - MEDIUM (8-10CM DIAMETER/BUNCH HD),
2026-02-10,130000000,AGORA PUBLIC MARKET (SAN JUAN),Highland Vegetables,Broccoli - MEDIUM (8-10CM DIAMETER/BUNCH HD),
2026-02-10,130000000,BICUTAN MARKET,Highland Vegetables,Broccoli - MEDIUM (8-10CM DIAMETER/BUNCH HD),
2026-02-10,130000000,TAGUIG PEOPLE'S MARKET,Highland Vegetables,Broccoli - MEDIUM (8-10CM DIAMETER/BUNCH HD),
2026-02-10,130000000,NEW MARULAS PUBLIC MARKET,Highland Vegetables,Broccoli - MEDIUM (8-10CM DIAMETER/BUNCH HD),
2026-02-10,130000000,BALINTAWAK MARKET (CLOVERLEAF),Highland Vegetables,Broccoli - MEDIUM (8-10CM DIAMETER/BUNCH HD),
2026-02-10,130000000,FARMERS MARKET,Highland Vegetables,Broccoli - MEDIUM (8-10CM DIAMETER/BUNCH HD),
2026-02-10,130000000,COMMONWEALTH MARKET,Highland Vegetables,Cauliflower - MEDIUM (8-10CM DIAMETER/BUNCH HD),
2026-02-10,130000000,GUADALUPE PUBLIC MARKET,Highland Vegetables,Cauliflower - MEDIUM (8-10CM DIAMETER/BUNCH HD),100.0
2026-02-10,130000000,NEW LAS PINAS CITY PUBLIC MARKET,Highland Vegetables,Cauliflower - MEDIUM (8-10CM DIAMETER/BUNCH HD),150.0
2026-02-10,130000000,MARIKINA PUBLIC MARKET,Highland Vegetables,Cauliflower - MEDIUM (8-10CM DIAMETER/BUNCH HD),100.0
2026-02-10,130000000,MUNOZ MARKET,Highland Vegetables,Cauliflower - MEDIUM (8-10CM DIAMETER/BUNCH HD),120.0
2026-02-10,130000000,PASAY CITY MARKET,Highland Vegetables,Cauliflower - MEDIUM (8-10CM DIAMETER/BUNCH HD),80.0
2026-02-10,130000000,MUTYA NG PASIG MEGA MARKET,Highland Vegetables,Cauliflower - MEDIUM (8-10CM DIAMETER/BUNCH HD),
2026-02-10,130000000,QUINTA MARKET,Highland Vegetables,Cauliflower - MEDIUM (8-10CM DIAMETER/BUNCH HD),
2026-02-10,130000000,SAN ANDRES MARKET,Highland Vegetables,Cauliflower - MEDIUM (8-10CM DIAMETER/BUNCH HD),
2026-02-10,130000000,MEGA Q MART,Highland Vegetables,Cauliflower - MEDIUM (8-10CM DIAMETER/BUNCH HD),
2026-02-10,130000000,PAMILIHANG LUNGSOD NG MUNTINLUPA,Highland Vegetables,Cauliflower - MEDIUM (8-10CM DIAMETER/BUNCH HD),120.0
2026-02-10,130000000,MALABON CENTRAL MARKET,Highland Vegetables,Cauliflower - MEDIUM (8-10CM DIAMETER/BUNCH HD),
2026-02-10,130000000,PRITIL MARKET,Highland Vegetables,Cauliflower - MEDIUM (8-10CM DIAMETER/BUNCH HD),100.0
2026-02-10,130000000,MAYPAJO PUBLIC MARKET,Highland Vegetables,Cauliflower - MEDIUM (8-10CM DIAMETER/BUNCH HD),
2026-02-10,130000000,PACO MARKET,Highland Vegetables,Cauliflower - MEDIUM (8-10CM DIAMETER/BUNCH HD),
2026-02-10,130000000,DAGONOY MARKET,Highland Vegetables,Cauliflower - MEDIUM (8-10CM DIAMETER/BUNCH HD),140.0
2026-02-10,130000000,TRABAJO MARKET,Highland Vegetables,Cauliflower - MEDIUM (8-10CM DIAMETER/BUNCH HD),100.0
2026-02-10,130000000,BLUMENTRITT MARKET,Highland Vegetables,Cauliflower - MEDIUM (8-10CM DIAMETER/BUNCH HD),
2026-02-10,130000000,MANDALUYONG PUBLIC MARKET I,Highland Vegetables,Cauliflower - MEDIUM (8-10CM DIAMETER/BUNCH HD),
2026-02-10,130000000,NAVOTAS AGORA MARKET,Highland Vegetables,Cauliflower - MEDIUM (8-10CM DIAMETER/BUNCH HD),100.0
2026-02-10,130000000,LA HUERTA MARKET,Highland Vegetables,Cauliflower - MEDIUM (8-10CM DIAMETER/BUNCH HD),
2026-02-10,130000000,CARTIMAR MARKET,Highland Vegetables,Cauliflower - MEDIUM (8-10CM DIAMETER/BUNCH HD),
2026-02-10,130000000,GRACE MARKETPLACE (PATEROS),Highland Vegetables,Cauliflower - MEDIUM (8-10CM DIAMETER/BUNCH HD),
2026-02-10,130000000,MURPHY MARKET,Highland Vegetables,Cauliflower - MEDIUM (8-10CM DIAMETER/BUNCH HD),
2026-02-10,130000000,KAMUNING MARKET,Highland Vegetables,Cauliflower - MEDIUM (8-10CM DIAMETER/BUNCH HD),140.0
2026-02-10,130000000,AGORA PUBLIC MARKET (SAN JUAN),Highland Vegetables,Cauliflower - MEDIUM (8-10CM DIAMETER/BUNCH HD),
2026-02-10,130000000,BICUTAN MARKET,Highland Vegetables,Cauliflower - MEDIUM (8-10CM DIAMETER/BUNCH HD),
2026-02-10,130000000,TAGUIG PEOPLE'S MARKET,Highland Vegetables,Cauliflower - MEDIUM (8-10CM DIAMETER/BUNCH HD),
2026-02-10,130000000,NEW MARULAS PUBLIC MARKET,Highland Vegetables,Cauliflower - MEDIUM (8-10CM DIAMETER/BUNCH HD),
2026-02-10,130000000,BALINTAWAK MARKET (CLOVERLEAF),Highland Vegetables,Cauliflower - MEDIUM (8-10CM DIAMETER/BUNCH HD),
2026-02-10,130000000,FARMERS MARKET,Highland Vegetables,Cauliflower - MEDIUM (8-10CM DIAMETER/BUNCH HD),
2026-02-10,130000000,COMMONWEALTH MARKET,Highland Vegetables,Bell Pepper (Green) - MEDIUM (151-250GM/PC),
2026-02-10,130000000,GUADALUPE PUBLIC MARKET,Highland Vegetables,Bell Pepper (Green) - MEDIUM (151-250GM/PC),200.0
2026-02-10,130000000,NEW LAS PINAS CITY PUBLIC MARKET,Highland Vegetables,Bell Pepper (Green) - MEDIUM (151-250GM/PC),240.0
2026-02-10,130000000,MARIKINA PUBLIC MARKET,Highland Vegetables,Bell Pepper (Green) - MEDIUM (151-250GM/PC),220.0
2026-02-10,130000000,MUNOZ MARKET,Highland Vegetables,Bell Pepper (Green) - MEDIUM (151-250GM/PC),300.0
2026-02-10,130000000,PASAY CITY MARKET,Highland Vegetables,Bell Pepper (Green) - MEDIUM (151-250GM/PC),180.0
2026-02-10,130000000,MUTYA NG PASIG MEGA MARKET,Highland Vegetables,Bell Pepper (Green) - MEDIUM (151-250GM/PC),
2026-02-10,130000000,QUINTA MARKET,Highland Vegetables,Bell Pepper (Green) - MEDIUM (151-250GM/PC),
2026-02-10,130000000,SAN ANDRES MARKET,Highland Vegetables,Bell Pepper (Green) - MEDIUM (151-250GM/PC),
2026-02-10,130000000,MEGA Q MART,Highland Vegetables,Bell Pepper (Green) - MEDIUM (151-250GM/PC),250.0
2026-02-10,130000000,PAMILIHANG LUNGSOD NG MUNTINLUPA,Highland Vegetables,Bell Pepper (Green) - MEDIUM (151-250GM/PC),250.0
2026-02-10,130000000,MALABON CENTRAL MARKET,Highland Vegetables,Bell Pepper (Green) - MEDIUM (151-250GM/PC),
2026-02-10,130000000,PRITIL MARKET,Highland Vegetables,Bell Pepper (Green) - MEDIUM (151-250GM/PC),
2026-02-10,130000000,MAYPAJO PUBLIC MARKET,Highland Vegetables,Bell Pepper (Green) - MEDIUM (151-250GM/PC),
2026-02-10,130000000,PACO MARKET,Highland Vegetables,Bell Pepper (Green) - MEDIUM (151-250GM/PC),
2026-02-10,130000000,DAGONOY MARKET,Highland Vegetables,Bell Pepper (Green) - MEDIUM (151-250GM/PC),
2026-02-10,130000000,TRABAJO MARKET,Highland Vegetables,Bell Pepper (Green) - MEDIUM (151-250GM/PC),
2026-02-10,130000000,BLUMENTRITT MARKET,Highland Vegetables,Bell Pepper (Green) - MEDIUM (151-250GM/PC),
2026-02-10,130000000,MANDALUYONG PUBLIC MARKET I,Highland Vegetables,Bell Pepper (Green) - MEDIUM (151-250GM/PC),
2026-02-10,130000000,NAVOTAS AGORA MARKET,Highland Vegetables,Bell Pepper (Green) - MEDIUM (151-250GM/PC),
2026-02-10,130000000,LA HUERTA MARKET,Highland Vegetables,Bell Pepper (Green) - MEDIUM (151-250GM/PC),
2026-02-10,130000000,CARTIMAR MARKET,Highland Vegetables,Bell Pepper (Green) - MEDIUM (151-250GM/PC),
2026-02-10,130000000,GRACE MARKETPLACE (PATEROS),Highland Vegetables,Bell Pepper (Green) - MEDIUM (151-250GM/PC),
2026-02-10,130000000,MURPHY MARKET,Highland Vegetables,Bell Pepper (Green) - MEDIUM (151-250GM/PC),
2026-02-10,130000000,KAMUNING MARKET,Highland Vegetables,Bell Pepper (Green) - MEDIUM (151-250GM/PC),280.0
2026-02-10,130000000,AGORA PUBLIC MARKET (SAN JUAN),Highland Vegetables,Bell Pepper (Green) - MEDIUM (151-250GM/PC),
2026-02-10,130000000,BICUTAN MARKET,Highland Vegetables,Bell Pepper (Green) - MEDIUM (151-250GM/PC),
2026-02-10,130000000,TAGUIG PEOPLE'S MARKET,Highland Vegetables,Bell Pepper (Green) - MEDIUM (151-250GM/PC),
2026-02-10,130000000,NEW MARULAS PUBLIC MARKET,Highland Vegetables,Bell Pepper (Green) - MEDIUM (151-250GM/PC),
2026-02-10,130000000,BALINTAWAK MARKET (CLOVERLEAF),Highland Vegetables,Bell Pepper (Green) - MEDIUM (151-250GM/PC),
2026-02-10,130000000,FARMERS MARKET,Highland Vegetables,Bell Pepper (Green) - MEDIUM (151-250GM/PC),
2026-02-10,130000000,COMMONWEALTH MARKET,Highland Vegetables,Bell Pepper (Red) - MEDIUM (151-250GM/PC),
2026-02-10,130000000,GUADALUPE PUBLIC MARKET,Highland Vegetables,Bell Pepper (Red) - MEDIUM (151-250GM/PC),250.0
2026-02-10,130000000,NEW LAS PINAS CITY PUBLIC MARKET,Highland Vegetables,Bell Pepper (Red) - MEDIUM (151-250GM/PC),270.0
2026-02-10,130000000,MARIKINA PUBLIC MARKET,Highland Vegetables,Bell Pepper (Red) - MEDIUM (151-250GM/PC),220.0
2026-02-10,130000000,MUNOZ MARKET,Highland Vegetables,Bell Pepper (Red) - MEDIUM (151-250GM/PC),250.0
2026-02-10,130000000,PASAY CITY MARKET,Highland Vegetables,Bell Pepper (Red) - MEDIUM (151-250GM/PC),180.0
2026-02-10,130000000,MUTYA NG PASIG MEGA MARKET,Highland Vegetables,Bell Pepper (Red) - MEDIUM (151-250GM/PC),
2026-02-10,130000000,QUINTA MARKET,Highland Vegetables,Bell Pepper (Red) - MEDIUM (151-250GM/PC),250.0
2026-02-10,130000000,SAN ANDRES MARKET,Highland Vegetables,Bell Pepper (Red) - MEDIUM (151-250GM/PC),
2026-02-10,130000000,MEGA Q MART,Highland Vegetables,Bell Pepper (Red) - MEDIUM (151-250GM/PC),250.0
2026-02-10,130000000,PAMILIHANG LUNGSOD NG MUNTINLUPA,Highland Vegetables,Bell Pepper (Red) - MEDIUM (151-250GM/PC),220.0
2026-02-10,130000000,MALABON CENTRAL MARKET,Highland Vegetables,Bell Pepper (Red) - MEDIUM (151-250GM/PC),
2026-02-10,130000000,PRITIL MARKET,Highland Vegetables,Bell Pepper (Red) - MEDIUM (151-250GM/PC),250.0
2026-02-10,130000000,MAYPAJO PUBLIC MARKET,Highland Vegetables,Bell Pepper (Red) - MEDIUM (151-250GM/PC),250.0
2026-02-10,130000000,PACO MARKET,Highland Vegetables,Bell Pepper (Red) - MEDIUM (151-250GM/PC),
2026-02-10,130000000,DAGONOY MARKET,Highland Vegetables,Bell Pepper (Red) - MEDIUM (151-250GM/PC),
2026-02-10,130000000,TRABAJO MARKET,Highland Vegetables,Bell Pepper (Red) - MEDIUM (151-250GM/PC),180.0
2026-02-10,130000000,BLUMENTRITT MARKET,Highland Vegetables,Bell Pepper (Red) - MEDIUM (151-250GM/PC),
2026-02-10,130000000,MANDALUYONG PUBLIC MARKET I,Highland Vegetables,Bell Pepper (Red) - MEDIUM (151-250GM/PC),
2026-02-10,130000000,NAVOTAS AGORA MARKET,Highland Vegetables,Bell Pepper (Red) - MEDIUM (151-250GM/PC),250.0
2026-02-10,130000000,LA HUERTA MARKET,Highland Vegetables,Bell Pepper (Red) - MEDIUM (151-250GM/PC),
2026-02-10,130000000,CARTIMAR MARKET,Highland Vegetables,Bell Pepper (Red) - MEDIUM (151-250GM/PC),
2026-02-10,130000000,GRACE MARKETPLACE (PATEROS),Highland Vegetables,Bell Pepper (Red) - MEDIUM (151-250GM/PC),250.0
2026-02-10,130000000,MURPHY MARKET,Highland Vegetables,Bell Pepper (Red) - MEDIUM (151-250GM/PC),300.0
2026-02-10,130000000,KAMUNING MARKET,Highland Vegetables,Bell Pepper (Red) - MEDIUM (151-250GM/PC),280.0
2026-02-10,130000000,AGORA PUBLIC MARKET (SAN JUAN),Highland Vegetables,Bell Pepper (Red) - MEDIUM (151-250GM/PC),
2026-02-10,130000000,BICUTAN MARKET,Highland Vegetables,Bell Pepper (Red) - MEDIUM (151-250GM/PC),
2026-02-10,130000000,TAGUIG PEOPLE'S MARKET,Highland Vegetables,Bell Pepper (Red) - MEDIUM (151-250GM/PC),
2026-02-10,130000000,NEW MARULAS PUBLIC MARKET,Highland Vegetables,Bell Pepper (Red) - MEDIUM (151-250GM/PC),
2026-02-10,130000000,BALINTAWAK MARKET (CLOVERLEAF),Highland Vegetables,Bell Pepper (Red) - MEDIUM (151-250GM/PC),
2026-02-10,130000000,FARMERS MARKET,Highland Vegetables,Bell Pepper (Red) - MEDIUM (151-250GM/PC),
2026-02-10,130000000,COMMONWEALTH MARKET,Highland Vegetables,Celery - MEDIUM (501-800 G),
2026-02-10,130000000,GUADALUPE PUBLIC MARKET,Highland Vegetables,Celery - MEDIUM (501-800 G),140.0
2026-02-10,130000000,NEW LAS PINAS CITY PUBLIC MARKET,Highland Vegetables,Celery - MEDIUM (501-800 G),
2026-02-10,130000000,MARIKINA PUBLIC MARKET,Highland Vegetables,Celery - MEDIUM (501-800 G),120.0
2026-02-10,130000000,MUNOZ MARKET,Highland Vegetables,Celery - MEDIUM (501-800 G),200.0
2026-02-10,130000000,PASAY CITY MARKET,Highland Vegetables,Celery - MEDIUM (501-800 G),100.0
2026-02-10,130000000,MUTYA NG PASIG MEGA MARKET,Highland Vegetables,Celery - MEDIUM (501-800 G),
2026-02-10,130000000,QUINTA MARKET,Highland Vegetables,Celery - MEDIUM (501-800 G),
2026-02-10,130000000,SAN ANDRES MARKET,Highland Vegetables,Celery - MEDIUM (501-800 G),
2026-02-10,130000000,MEGA Q MART,Highland Vegetables,Celery - MEDIUM (501-800 G),
2026-02-10,130000000,PAMILIHANG LUNGSOD NG MUNTINLUPA,Highland Vegetables,Celery - MEDIUM (501-800 G),180.0
2026-02-10,130000000,MALABON CENTRAL MARKET,Highland Vegetables,Celery - MEDIUM (501-800 G),
2026-02-10,130000000,PRITIL MARKET,Highland Vegetables,Celery - MEDIUM (501-800 G),200.0
2026-02-10,130000000,MAYPAJO PUBLIC MARKET,Highland Vegetables,Celery - MEDIUM (501-800 G),
2026-02-10,130000000,PACO MARKET,Highland Vegetables,Celery - MEDIUM (501-800 G),
2026-02-10,130000000,DAGONOY MARKET,Highland Vegetables,Celery - MEDIUM (501-800 G),250.0
2026-02-10,130000000,TRABAJO MARKET,Highland Vegetables,Celery - MEDIUM (501-800 G),
2026-02-10,130000000,BLUMENTRITT MARKET,Highland Vegetables,Celery - MEDIUM (501-800 G),
2026-02-10,130000000,MANDALUYONG PUBLIC MARKET I,Highland Vegetables,Celery - MEDIUM (501-800 G),
2026-02-10,130000000,NAVOTAS AGORA MARKET,Highland Vegetables,Celery - MEDIUM (501-800 G),
2026-02-10,130000000,LA HUERTA MARKET,Highland Vegetables,Celery - MEDIUM (501-800 G),
2026-02-10,130000000,CARTIMAR MARKET,Highland Vegetables,Celery - MEDIUM (501-800 G),
2026-02-10,130000000,GRACE MARKETPLACE (PATEROS),Highland Vegetables,Celery - MEDIUM (501-800 G),
2026-02-10,130000000,MURPHY MARKET,Highland Vegetables,Celery - MEDIUM (501-800 G),
2026-02-10,130000000,KAMUNING MARKET,Highland Vegetables,Celery - MEDIUM (501-800 G),180.0
2026-02-10,130000000,AGORA PUBLIC MARKET (SAN JUAN),Highland Vegetables,Celery - MEDIUM (501-800 G),
2026-02-10,130000000,BICUTAN MARKET,Highland Vegetables,Celery - MEDIUM (501-800 G),
2026-02-10,130000000,TAGUIG PEOPLE'S MARKET,Highland Vegetables,Celery - MEDIUM (501-800 G),
2026-02-10,130000000,NEW MARULAS PUBLIC MARKET,Highland Vegetables,Celery - MEDIUM (501-800 G),
2026-02-10,130000000,BALINTAWAK MARKET (CLOVERLEAF),Highland Vegetables,Celery - MEDIUM (501-800 G),
2026-02-10,130000000,FARMERS MARKET,Highland Vegetables,Celery - MEDIUM (501-800 G),
2026-02-10,130000000,COMMONWEALTH MARKET,Highland Vegetables,Cabbage (Rare Ball) - 510GM-1KG/HEAD,
2026-02-10,130000000,GUADALUPE PUBLIC MARKET,Highland Vegetables,Cabbage (Rare Ball) - 510GM-1KG/HEAD,
2026-02-10,130000000,NEW LAS PINAS CITY PUBLIC MARKET,Highland Vegetables,Cabbage (Rare Ball) - 510GM-1KG/HEAD,
2026-02-10,130000000,MARIKINA PUBLIC MARKET,Highland Vegetables,Cabbage (Rare Ball) - 510GM-1KG/HEAD,100.0
2026-02-10,130000000,MUNOZ MARKET,Highland Vegetables,Cabbage (Rare Ball) - 510GM-1KG/HEAD,80.0
2026-02-10,130000000,PASAY CITY MARKET,Highland Vegetables,Cabbage (Rare Ball) - 510GM-1KG/HEAD,
2026-02-10,130000000,MUTYA NG PASIG MEGA MARKET,Highland Vegetables,Cabbage (Rare Ball) - 510GM-1KG/HEAD,
2026-02-10,130000000,QUINTA MARKET,Highland Vegetables,Cabbage (Rare Ball) - 510GM-1KG/HEAD,
2026-02-10,130000000,SAN ANDRES MARKET,Highland Vegetables,Cabbage (Rare Ball) - 510GM-1KG/HEAD,
2026-02-10,130000000,MEGA Q MART,Highland Vegetables,Cabbage (Rare Ball) - 510GM-1KG/HEAD,
2026-02-10,130000000,PAMILIHANG LUNGSOD NG MUNTINLUPA,Highland Vegetables,Cabbage (Rare Ball) - 510GM-1KG/HEAD,
2026-02-10,130000000,MALABON CENTRAL MARKET,Highland Vegetables,Cabbage (Rare Ball) - 510GM-1KG/HEAD,
2026-02-10,130000000,PRITIL MARKET,Highland Vegetables,Cabbage (Rare Ball) - 510GM-1KG/HEAD,
2026-02-10,130000000,MAYPAJO PUBLIC MARKET,Highland Vegetables,Cabbage (Rare Ball) - 510GM-1KG/HEAD,
2026-02-10,130000000,PACO MARKET,Highland Vegetables,Cabbage (Rare Ball) - 510GM-1KG/HEAD,
2026-02-10,130000000,DAGONOY MARKET,Highland Vegetables,Cabbage (Rare Ball) - 510GM-1KG/HEAD,90.0
2026-02-10,130000000,TRABAJO MARKET,Highland Vegetables,Cabbage (Rare Ball) - 510GM-1KG/HEAD,
2026-02-10,130000000,BLUMENTRITT MARKET,Highland Vegetables,Cabbage (Rare Ball) - 510GM-1KG/HEAD,
2026-02-10,130000000,MANDALUYONG PUBLIC MARKET I,Highland Vegetables,Cabbage (Rare Ball) - 510GM-1KG/HEAD,
2026-02-10,130000000,NAVOTAS AGORA MARKET,Highland Vegetables,Cabbage (Rare Ball) - 510GM-1KG/HEAD,
2026-02-10,130000000,LA HUERTA MARKET,Highland Vegetables,Cabbage (Rare Ball) - 510GM-1KG/HEAD,
2026-02-10,130000000,CARTIMAR MARKET,Highland Vegetables,Cabbage (Rare Ball) - 510GM-1KG/HEAD,
2026-02-10,130000000,GRACE MARKETPLACE (PATEROS),Highland Vegetables,Cabbage (Rare Ball) - 510GM-1KG/HEAD,
2026-02-10,130000000,MURPHY MARKET,Highland Vegetables,Cabbage (Rare Ball) - 510GM-1KG/HEAD,
2026-02-10,130000000,KAMUNING MARKET,Highland Vegetables,Cabbage (Rare Ball) - 510GM-1KG/HEAD,
2026-02-10,130000000,AGORA PUBLIC MARKET (SAN JUAN),Highland Vegetables,Cabbage (Rare Ball) - 510GM-1KG/HEAD,
2026-02-10,130000000,BICUTAN MARKET,Highland Vegetables,Cabbage (Rare Ball) - 510GM-1KG/HEAD,
2026-02-10,130000000,TAGUIG PEOPLE'S MARKET,Highland Vegetables,Cabbage (Rare Ball) - 510GM-1KG/HEAD,
2026-02-10,130000000,NEW MARULAS PUBLIC MARKET,Highland Vegetables,Cabbage (Rare Ball) - 510GM-1KG/HEAD,
2026-02-10,130000000,BALINTAWAK MARKET (CLOVERLEAF),Highland Vegetables,Cabbage (Rare Ball) - 510GM-1KG/HEAD,
2026-02-10,130000000,FARMERS MARKET,Highland Vegetables,Cabbage (Rare Ball) - 510GM-1KG/HEAD,
2026-02-10,130000000,COMMONWEALTH MARKET,Highland Vegetables,Cabbage (Wonder Ball) - 510GM-1KG/HEAD,
2026-02-10,130000000,GUADALUPE PUBLIC MARKET,Highland Vegetables,Cabbage (Wonder Ball) - 510GM-1KG/HEAD,
2026-02-10,130000000,NEW LAS PINAS CITY PUBLIC MARKET,Highland Vegetables,Cabbage (Wonder Ball) - 510GM-1KG/HEAD,
2026-02-10,130000000,MARIKINA PUBLIC MARKET,Highland Vegetables,Cabbage (Wonder Ball) - 510GM-1KG/HEAD,
2026-02-10,130000000,MUNOZ MARKET,Highland Vegetables,Cabbage (Wonder Ball) - 510GM-1KG/HEAD,
2026-02-10,130000000,PASAY CITY MARKET,Highland Vegetables,Cabbage (Wonder Ball) - 510GM-1KG/HEAD,
2026-02-10,130000000,MUTYA NG PASIG MEGA MARKET,Highland Vegetables,Cabbage (Wonder Ball) - 510GM-1KG/HEAD,
2026-02-10,130000000,QUINTA MARKET,Highland Vegetables,Cabbage (Wonder Ball) - 510GM-1KG/HEAD,100.0
2026-02-10,130000000,SAN ANDRES MARKET,Highland Vegetables,Cabbage (Wonder Ball) - 510GM-1KG/HEAD,
2026-02-10,130000000,MEGA Q MART,Highland Vegetables,Cabbage (Wonder Ball) - 510GM-1KG/HEAD,80.0
2026-02-10,130000000,PAMILIHANG LUNGSOD NG MUNTINLUPA,Highland Vegetables,Cabbage (Wonder Ball) - 510GM-1KG/HEAD,
2026-02-10,130000000,MALABON CENTRAL MARKET,Highland Vegetables,Cabbage (Wonder Ball) - 510GM-1KG/HEAD,
2026-02-10,130000000,PRITIL MARKET,Highland Vegetables,Cabbage (Wonder Ball) - 510GM-1KG/HEAD,90.0
2026-02-10,130000000,MAYPAJO PUBLIC MARKET,Highland Vegetables,Cabbage (Wonder Ball) - 510GM-1KG/HEAD,90.0
2026-02-10,130000000,PACO MARKET,Highland Vegetables,Cabbage (Wonder Ball) - 510GM-1KG/HEAD,
2026-02-10,130000000,DAGONOY MARKET,Highland Vegetables,Cabbage (Wonder Ball) - 510GM-1KG/HEAD,
2026-02-10,130000000,TRABAJO MARKET,Highland Vegetables,Cabbage (Wonder Ball) - 510GM-1KG/HEAD,
2026-02-10,130000000,BLUMENTRITT MARKET,Highland Vegetables,Cabbage (Wonder Ball) - 510GM-1KG/HEAD,
2026-02-10,130000000,MANDALUYONG PUBLIC MARKET I,Highland Vegetables,Cabbage (Wonder Ball) - 510GM-1KG/HEAD,
2026-02-10,130000000,NAVOTAS AGORA MARKET,Highland Vegetables,Cabbage (Wonder Ball) - 510GM-1KG/HEAD,90.0
2026-02-10,130000000,LA HUERTA MARKET,Highland Vegetables,Cabbage (Wonder Ball) - 510GM-1KG/HEAD,
2026-02-10,130000000,CARTIMAR MARKET,Highland Vegetables,Cabbage (Wonder Ball) - 510GM-1KG/HEAD,
2026-02-10,130000000,GRACE MARKETPLACE (PATEROS),Highland Vegetables,Cabbage (Wonder Ball) - 510GM-1KG/HEAD,
2026-02-10,130000000,MURPHY MARKET,Highland Vegetables,Cabbage (Wonder Ball) - 510GM-1KG/HEAD,90.0
2026-02-10,130000000,KAMUNING MARKET,Highland Vegetables,Cabbage (Wonder Ball) - 510GM-1KG/HEAD,
2026-02-10,130000000,AGORA PUBLIC MARKET (SAN JUAN),Highland Vegetables,Cabbage (Wonder Ball) - 510GM-1KG/HEAD,
2026-02-10,130000000,BICUTAN MARKET,Highland Vegetables,Cabbage (Wonder Ball) - 510GM-1KG/HEAD,
2026-02-10,130000000,TAGUIG PEOPLE'S MARKET,Highland Vegetables,Cabbage (Wonder Ball) - 510GM-1KG/HEAD,
2026-02-10,130000000,NEW MARULAS PUBLIC MARKET,Highland Vegetables,Cabbage (Wonder Ball) - 510GM-1KG/HEAD,
2026-02-10,130000000,BALINTAWAK MARKET (CLOVERLEAF),Highland Vegetables,Cabbage (Wonder Ball) - 510GM-1KG/HEAD,
2026-02-10,130000000,FARMERS MARKET,Highland Vegetables,Cabbage (Wonder Ball) - 510GM-1KG/HEAD,
2026-02-10,130000000,COMMONWEALTH MARKET,Highland Vegetables,Lettuce (Green Ice),
2026-02-10,130000000,GUADALUPE PUBLIC MARKET,Highland Vegetables,Lettuce (Green Ice),200.0
2026-02-10,130000000,NEW LAS PINAS CITY PUBLIC MARKET,Highland Vegetables,Lettuce (Green Ice),220.0
2026-02-10,130000000,MARIKINA PUBLIC MARKET,Highland Vegetables,Lettuce (Green Ice),200.0
2026-02-10,130000000,MUNOZ MARKET,Highland Vegetables,Lettuce (Green Ice),200.0
2026-02-10,130000000,PASAY CITY MARKET,Highland Vegetables,Lettuce (Green Ice),120.0
2026-02-10,130000000,MUTYA NG PASIG MEGA MARKET,Highland Vegetables,Lettuce (Green Ice),
2026-02-10,130000000,QUINTA MARKET,Highland Vegetables,Lettuce (Green Ice),
2026-02-10,130000000,SAN ANDRES MARKET,Highland Vegetables,Lettuce (Green Ice),
2026-02-10,130000000,MEGA Q MART,Highland Vegetables,Lettuce (Green Ice),
2026-02-10,130000000,PAMILIHANG LUNGSOD NG MUNTINLUPA,Highland Vegetables,Lettuce (Green Ice),200.0
2026-02-10,130000000,MALABON CENTRAL MARKET,Highland Vegetables,Lettuce (Green Ice),
2026-02-10,130000000,PRITIL MARKET,Highland Vegetables,Lettuce (Green Ice),200.0
2026-02-10,130000000,MAYPAJO PUBLIC MARKET,Highland Vegetables,Lettuce (Green Ice),
2026-02-10,130000000,PACO MARKET,Highland Vegetables,Lettuce (Green Ice),
2026-02-10,130000000,DAGONOY MARKET,Highland Vegetables,Lettuce (Green Ice),200.0
2026-02-10,130000000,TRABAJO MARKET,Highland Vegetables,Lettuce (Green Ice),
2026-02-10,130000000,BLUMENTRITT MARKET,Highland Vegetables,Lettuce (Green Ice),
2026-02-10,130000000,MANDALUYONG PUBLIC MARKET I,Highland Vegetables,Lettuce (Green Ice),
2026-02-10,130000000,NAVOTAS AGORA MARKET,Highland Vegetables,Lettuce (Green Ice),250.0
2026-02-10,130000000,LA HUERTA MARKET,Highland Vegetables,Lettuce (Green Ice),
2026-02-10,130000000,CARTIMAR MARKET,Highland Vegetables,Lettuce (Green Ice),
2026-02-10,130000000,GRACE MARKETPLACE (PATEROS),Highland Vegetables,Lettuce (Green Ice),
2026-02-10,130000000,MURPHY MARKET,Highland Vegetables,Lettuce (Green Ice),
2026-02-10,130000000,KAMUNING MARKET,Highland Vegetables,Lettuce (Green Ice),
2026-02-10,130000000,AGORA PUBLIC MARKET (SAN JUAN),Highland Vegetables,Lettuce (Green Ice),
2026-02-10,130000000,BICUTAN MARKET,Highland Vegetables,Lettuce (Green Ice),
2026-02-10,130000000,TAGUIG PEOPLE'S MARKET,Highland Vegetables,Lettuce (Green Ice),
2026-02-10,130000000,NEW MARULAS PUBLIC MARKET,Highland Vegetables,Lettuce (Green Ice),
2026-02-10,130000000,BALINTAWAK MARKET (CLOVERLEAF),Highland Vegetables,Lettuce (Green Ice),
2026-02-10,130000000,FARMERS MARKET,Highland Vegetables,Lettuce (Green Ice),
2026-02-10,130000000,COMMONWEALTH MARKET,Highland Vegetables,Lettuce (Iceberg) - MEDIUM(301-450CM DIAMETER/BUNCH HD),
2026-02-10,130000000,GUADALUPE PUBLIC MARKET,Highland Vegetables,Lettuce (Iceberg) - MEDIUM(301-450CM DIAMETER/BUNCH HD),250.0
2026-02-10,130000000,NEW LAS PINAS CITY PUBLIC MARKET,Highland Vegetables,Lettuce (Iceberg) - MEDIUM(301-450CM DIAMETER/BUNCH HD),
2026-02-10,130000000,MARIKINA PUBLIC MARKET,Highland Vegetables,Lettuce (Iceberg) - MEDIUM(301-450CM DIAMETER/BUNCH HD),
2026-02-10,130000000,MUNOZ MARKET,Highland Vegetables,Lettuce (Iceberg) - MEDIUM(301-450CM DIAMETER/BUNCH HD),
2026-02-10,130000000,PASAY CITY MARKET,Highland Vegetables,Lettuce (Iceberg) - MEDIUM(301-450CM DIAMETER/BUNCH HD),
2026-02-10,130000000,MUTYA NG PASIG MEGA MARKET,Highland Vegetables,Lettuce (Iceberg) - MEDIUM(301-450CM DIAMETER/BUNCH HD),
2026-02-10,130000000,QUINTA MARKET,Highland Vegetables,Lettuce (Iceberg) - MEDIUM(301-450CM DIAMETER/BUNCH HD),
2026-02-10,130000000,SAN ANDRES MARKET,Highland Vegetables,Lettuce (Iceberg) - MEDIUM(301-450CM DIAMETER/BUNCH HD),
2026-02-10,130000000,MEGA Q MART,Highland Vegetables,Lettuce (Iceberg) - MEDIUM(301-450CM DIAMETER/BUNCH HD),
2026-02-10,130000000,PAMILIHANG LUNGSOD NG MUNTINLUPA,Highland Vegetables,Lettuce (Iceberg) - MEDIUM(301-450CM DIAMETER/BUNCH HD),
2026-02-10,130000000,MALABON CENTRAL MARKET,Highland Vegetables,Lettuce (Iceberg) - MEDIUM(301-450CM DIAMETER/BUNCH HD),
2026-02-10,130000000,PRITIL MARKET,Highland Vegetables,Lettuce (Iceberg) - MEDIUM(301-450CM DIAMETER/BUNCH HD),
2026-02-10,130000000,MAYPAJO PUBLIC MARKET,Highland Vegetables,Lettuce (Iceberg) - MEDIUM(301-450CM DIAMETER/BUNCH HD),
2026-02-10,130000000,PACO MARKET,Highland Vegetables,Lettuce (Iceberg) - MEDIUM(301-450CM DIAMETER/BUNCH HD),
2026-02-10,130000000,DAGONOY MARKET,Highland Vegetables,Lettuce (Iceberg) - MEDIUM(301-450CM DIAMETER/BUNCH HD),
2026-02-10,130000000,TRABAJO MARKET,Highland Vegetables,Lettuce (Iceberg) - MEDIUM(301-450CM DIAMETER/BUNCH HD),
2026-02-10,130000000,BLUMENTRITT MARKET,Highland Vegetables,Lettuce (Iceberg) - MEDIUM(301-450CM DIAMETER/BUNCH HD),
2026-02-10,130000000,MANDALUYONG PUBLIC MARKET I,Highland Vegetables,Lettuce (Iceberg) - MEDIUM(301-450CM DIAMETER/BUNCH HD),
2026-02-10,130000000,NAVOTAS AGORA MARKET,Highland Vegetables,Lettuce (Iceberg) - MEDIUM(301-450CM DIAMETER/BUNCH HD),
2026-02-10,130000000,LA HUERTA MARKET,Highland Vegetables,Lettuce (Iceberg) - MEDIUM(301-450CM DIAMETER/BUNCH HD),
2026-02-10,130000000,CARTIMAR MARKET,Highland Vegetables,Lettuce (Iceberg) - MEDIUM(301-450CM DIAMETER/BUNCH HD),
2026-02-10,130000000,GRACE MARKETPLACE (PATEROS),Highland Vegetables,Lettuce (Iceberg) - MEDIUM(301-450CM DIAMETER/BUNCH HD),
2026-02-10,130000000,MURPHY MARKET,Highland Vegetables,Lettuce (Iceberg) - MEDIUM(301-450CM DIAMETER/BUNCH HD),
2026-02-10,130000000,KAMUNING MARKET,Highland Vegetables,Lettuce (Iceberg) - MEDIUM(301-450CM DIAMETER/BUNCH HD),
2026-02-10,130000000,AGORA PUBLIC MARKET (SAN JUAN),Highland Vegetables,Lettuce (Iceberg) - MEDIUM(301-450CM DIAMETER/BUNCH HD),
2026-02-10,130000000,BICUTAN MARKET,Highland Vegetables,Lettuce (Iceberg) - MEDIUM(301-450CM DIAMETER/BUNCH HD),
2026-02-10,130000000,TAGUIG PEOPLE'S MARKET,Highland Vegetables,Lettuce (Iceberg) - MEDIUM(301-450CM DIAMETER/BUNCH HD),
2026-02-10,130000000,NEW MARULAS PUBLIC MARKET,Highland Vegetables,Lettuce (Iceberg) - MEDIUM(301-450CM DIAMETER/BUNCH HD),
2026-02-10,130000000,BALINTAWAK MARKET (CLOVERLEAF),Highland Vegetables,Lettuce (Iceberg) - MEDIUM(301-450CM DIAMETER/BUNCH HD),
2026-02-10,130000000,FARMERS MARKET,Highland Vegetables,Lettuce (Iceberg) - MEDIUM(301-450CM DIAMETER/BUNCH HD),
2026-02-10,130000000,COMMONWEALTH MARKET,Highland Vegetables,Lettuce (Romaine),
2026-02-10,130000000,GUADALUPE PUBLIC MARKET,Highland Vegetables,Lettuce (Romaine),300.0
2026-02-10,130000000,NEW LAS PINAS CITY PUBLIC MARKET,Highland Vegetables,Lettuce (Romaine),
2026-02-10,130000000,MARIKINA PUBLIC MARKET,Highland Vegetables,Lettuce (Romaine),250.0
2026-02-10,130000000,MUNOZ MARKET,Highland Vegetables,Lettuce (Romaine),
2026-02-10,130000000,PASAY CITY MARKET,Highland Vegetables,Lettuce (Romaine),200.0
2026-02-10,130000000,MUTYA NG PASIG MEGA MARKET,Highland Vegetables,Lettuce (Romaine),
2026-02-10,130000000,QUINTA MARKET,Highland Vegetables,Lettuce (Romaine),
2026-02-10,130000000,SAN ANDRES MARKET,Highland Vegetables,Lettuce (Romaine),
2026-02-10,130000000,MEGA Q MART,Highland Vegetables,Lettuce (Romaine),
2026-02-10,130000000,PAMILIHANG LUNGSOD NG MUNTINLUPA,Highland Vegetables,Lettuce (Romaine),250.0
2026-02-10,130000000,MALABON CENTRAL MARKET,Highland Vegetables,Lettuce (Romaine),
2026-02-10,130000000,PRITIL MARKET,Highland Vegetables,Lettuce (Romaine),
2026-02-10,130000000,MAYPAJO PUBLIC MARKET,Highland Vegetables,Lettuce (Romaine),
2026-02-10,130000000,PACO MARKET,Highland Vegetables,Lettuce (Romaine),
2026-02-10,130000000,DAGONOY MARKET,Highland Vegetables,Lettuce (Romaine),
2026-02-10,130000000,TRABAJO MARKET,Highland Vegetables,Lettuce (Romaine),
2026-02-10,130000000,BLUMENTRITT MARKET,Highland Vegetables,Lettuce (Romaine),
2026-02-10,130000000,MANDALUYONG PUBLIC MARKET I,Highland Vegetables,Lettuce (Romaine),
2026-02-10,130000000,NAVOTAS AGORA MARKET,Highland Vegetables,Lettuce (Romaine),
2026-02-10,130000000,LA HUERTA MARKET,Highland Vegetables,Lettuce (Romaine),
2026-02-10,130000000,CARTIMAR MARKET,Highland Vegetables,Lettuce (Romaine),
2026-02-10,130000000,GRACE MARKETPLACE (PATEROS),Highland Vegetables,Lettuce (Romaine),
2026-02-10,130000000,MURPHY MARKET,Highland Vegetables,Lettuce (Romaine),
2026-02-10,130000000,KAMUNING MARKET,Highland Vegetables,Lettuce (Romaine),
2026-02-10,130000000,AGORA PUBLIC MARKET (SAN JUAN),Highland Vegetables,Lettuce (Romaine),
2026-02-10,130000000,BICUTAN MARKET,Highland Vegetables,Lettuce (Romaine),
2026-02-10,130000000,TAGUIG PEOPLE'S MARKET,Highland Vegetables,Lettuce (Romaine),
2026-02-10,130000000,NEW MARULAS PUBLIC MARKET,Highland Vegetables,Lettuce (Romaine),
2026-02-10,130000000,BALINTAWAK MARKET (CLOVERLEAF),Highland Vegetables,Lettuce (Romaine),
2026-02-10,130000000,FARMERS MARKET,Highland Vegetables,Lettuce (Romaine),
2026-02-10,130000000,COMMONWEALTH MARKET,Lowland Vegetables,Ampalaya - 4-5 PCS/KG,
2026-02-10,130000000,GUADALUPE PUBLIC MARKET,Lowland Vegetables,Ampalaya - 4-5 PCS/KG,180.0
2026-02-10,130000000,NEW LAS PINAS CITY PUBLIC MARKET,Lowland Vegetables,Ampalaya - 4-5 PCS/KG,160.0
2026-02-10,130000000,MARIKINA PUBLIC MARKET,Lowland Vegetables,Ampalaya - 4-5 PCS/KG,160.0
2026-02-10,130000000,MUNOZ MARKET,Lowland Vegetables,Ampalaya - 4-5 PCS/KG,150.0
2026-02-10,130000000,PASAY CITY MARKET,Lowland Vegetables,Ampalaya - 4-5 PCS/KG,140.0
2026-02-10,130000000,MUTYA NG PASIG MEGA MARKET,Lowland Vegetables,Ampalaya - 4-5 PCS/KG,
2026-02-10,130000000,QUINTA MARKET,Lowland Vegetables,Ampalaya - 4-5 PCS/KG,160.0
2026-02-10,130000000,SAN ANDRES MARKET,Lowland Vegetables,Ampalaya - 4-5 PCS/KG,
2026-02-10,130000000,MEGA Q MART,Lowland Vegetables,Ampalaya - 4-5 PCS/KG,150.0
2026-02-10,130000000,PAMILIHANG LUNGSOD NG MUNTINLUPA,Lowland Vegetables,Ampalaya - 4-5 PCS/KG,150.0
2026-02-10,130000000,MALABON CENTRAL MARKET,Lowland Vegetables,Ampalaya - 4-5 PCS/KG,
2026-02-10,130000000,PRITIL MARKET,Lowland Vegetables,Ampalaya - 4-5 PCS/KG,190.0
2026-02-10,130000000,MAYPAJO PUBLIC MARKET,Lowland Vegetables,Ampalaya - 4-5 PCS/KG,180.0
2026-02-10,130000000,PACO MARKET,Lowland Vegetables,Ampalaya - 4-5 PCS/KG,
2026-02-10,130000000,DAGONOY MARKET,Lowland Vegetables,Ampalaya - 4-5 PCS/KG,160.0
2026-02-10,130000000,TRABAJO MARKET,Lowland Vegetables,Ampalaya - 4-5 PCS/KG,160.0
2026-02-10,130000000,BLUMENTRITT MARKET,Lowland Vegetables,Ampalaya - 4-5 PCS/KG,
2026-02-10,130000000,MANDALUYONG PUBLIC MARKET I,Lowland Vegetables,Ampalaya - 4-5 PCS/KG,
2026-02-10,130000000,NAVOTAS AGORA MARKET,Lowland Vegetables,Ampalaya - 4-5 PCS/KG,200.0
2026-02-10,130000000,LA HUERTA MARKET,Lowland Vegetables,Ampalaya - 4-5 PCS/KG,
2026-02-10,130000000,CARTIMAR MARKET,Lowland Vegetables,Ampalaya - 4-5 PCS/KG,
2026-02-10,130000000,GRACE MARKETPLACE (PATEROS),Lowland Vegetables,Ampalaya - 4-5 PCS/KG,180.0
2026-02-10,130000000,MURPHY MARKET,Lowland Vegetables,Ampalaya - 4-5 PCS/KG,180.0
2026-02-10,130000000,KAMUNING MARKET,Lowland Vegetables,Ampalaya - 4-5 PCS/KG,180.0
2026-02-10,130000000,AGORA PUBLIC MARKET (SAN JUAN),Lowland Vegetables,Ampalaya - 4-5 PCS/KG,
2026-02-10,130000000,BICUTAN MARKET,Lowland Vegetables,Ampalaya - 4-5 PCS/KG,
2026-02-10,130000000,TAGUIG PEOPLE'S MARKET,Lowland Vegetables,Ampalaya - 4-5 PCS/KG,
2026-02-10,130000000,NEW MARULAS PUBLIC MARKET,Lowland Vegetables,Ampalaya - 4-5 PCS/KG,
2026-02-10,130000000,BALINTAWAK MARKET (CLOVERLEAF),Lowland Vegetables,Ampalaya - 4-5 PCS/KG,
2026-02-10,130000000,FARMERS MARKET,Lowland Vegetables,Ampalaya - 4-5 PCS/KG,
2026-02-10,130000000,COMMONWEALTH MARKET,Lowland Vegetables,Squash - SUPREMA VARIETY,
2026-02-10,130000000,GUADALUPE PUBLIC MARKET,Lowland Vegetables,Squash - SUPREMA VARIETY,50.0
2026-02-10,130000000,NEW LAS PINAS CITY PUBLIC MARKET,Lowland Vegetables,Squash - SUPREMA VARIETY,70.0
2026-02-10,130000000,MARIKINA PUBLIC MARKET,Lowland Vegetables,Squash - SUPREMA VARIETY,60.0
2026-02-10,130000000,MUNOZ MARKET,Lowland Vegetables,Squash - SUPREMA VARIETY,50.0
2026-02-10,130000000,PASAY CITY MARKET,Lowland Vegetables,Squash - SUPREMA VARIETY,60.0
2026-02-10,130000000,MUTYA NG PASIG MEGA MARKET,Lowland Vegetables,Squash - SUPREMA VARIETY,
2026-02-10,130000000,QUINTA MARKET,Lowland Vegetables,Squash - SUPREMA VARIETY,80.0
2026-02-10,130000000,SAN ANDRES MARKET,Lowland Vegetables,Squash - SUPREMA VARIETY,
2026-02-10,130000000,MEGA Q MART,Lowland Vegetables,Squash - SUPREMA VARIETY,50.0
2026-02-10,130000000,PAMILIHANG LUNGSOD NG MUNTINLUPA,Lowland Vegetables,Squash - SUPREMA VARIETY,60.0
2026-02-10,130000000,MALABON CENTRAL MARKET,Lowland Vegetables,Squash - SUPREMA VARIETY,
2026-02-10,130000000,PRITIL MARKET,Lowland Vegetables,Squash - SUPREMA VARIETY,60.0
2026-02-10,130000000,MAYPAJO PUBLIC MARKET,Lowland Vegetables,Squash - SUPREMA VARIETY,60.0
2026-02-10,130000000,PACO MARKET,Lowland Vegetables,Squash - SUPREMA VARIETY,
2026-02-10,130000000,DAGONOY MARKET,Lowland Vegetables,Squash - SUPREMA VARIETY,
2026-02-10,130000000,TRABAJO MARKET,Lowland Vegetables,Squash - SUPREMA VARIETY,50.0
2026-02-10,130000000,BLUMENTRITT MARKET,Lowland Vegetables,Squash - SUPREMA VARIETY,
2026-02-10,130000000,MANDALUYONG PUBLIC MARKET I,Lowland Vegetables,Squash - SUPREMA VARIETY,
2026-02-10,130000000,NAVOTAS AGORA MARKET,Lowland Vegetables,Squash - SUPREMA VARIETY,50.0
2026-02-10,130000000,LA HUERTA MARKET,Lowland Vegetables,Squash - SUPREMA VARIETY,
2026-02-10,130000000,CARTIMAR MARKET,Lowland Vegetables,Squash - SUPREMA VARIETY,
2026-02-10,130000000,GRACE MARKETPLACE (PATEROS),Lowland Vegetables,Squash - SUPREMA VARIETY,70.0
2026-02-10,130000000,MURPHY MARKET,Lowland Vegetables,Squash - SUPREMA VARIETY,70.0
2026-02-10,130000000,KAMUNING MARKET,Lowland Vegetables,Squash - SUPREMA VARIETY,80.0
2026-02-10,130000000,AGORA PUBLIC MARKET (SAN JUAN),Lowland Vegetables,Squash - SUPREMA VARIETY,
2026-02-10,130000000,BICUTAN MARKET,Lowland Vegetables,Squash - SUPREMA VARIETY,
2026-02-10,130000000,TAGUIG PEOPLE'S MARKET,Lowland Vegetables,Squash - SUPREMA VARIETY,
2026-02-10,130000000,NEW MARULAS PUBLIC MARKET,Lowland Vegetables,Squash - SUPREMA VARIETY,
2026-02-10,130000000,BALINTAWAK MARKET (CLOVERLEAF),Lowland Vegetables,Squash - SUPREMA VARIETY,
2026-02-10,130000000,FARMERS MARKET,Lowland Vegetables,Squash - SUPREMA VARIETY,
2026-02-10,130000000,COMMONWEALTH MARKET,Lowland Vegetables,Pechay (Native) - 3-4 SMALL BUNDLES/KG,
2026-02-10,130000000,GUADALUPE PUBLIC MARKET,Lowland Vegetables,Pechay (Native) - 3-4 SMALL BUNDLES/KG,60.0
2026-02-10,130000000,NEW LAS PINAS CITY PUBLIC MARKET,Lowland Vegetables,Pechay (Native) - 3-4 SMALL BUNDLES/KG,90.0
2026-02-10,130000000,MARIKINA PUBLIC MARKET,Lowland Vegetables,Pechay (Native) - 3-4 SMALL BUNDLES/KG,60.0
2026-02-10,130000000,MUNOZ MARKET,Lowland Vegetables,Pechay (Native) - 3-4 SMALL BUNDLES/KG,80.0
2026-02-10,130000000,PASAY CITY MARKET,Lowland Vegetables,Pechay (Native) - 3-4 SMALL BUNDLES/KG,70.0
2026-02-10,130000000,MUTYA NG PASIG MEGA MARKET,Lowland Vegetables,Pechay (Native) - 3-4 SMALL BUNDLES/KG,
2026-02-10,130000000,QUINTA MARKET,Lowland Vegetables,Pechay (Native) - 3-4 SMALL BUNDLES/KG,80.0
2026-02-10,130000000,SAN ANDRES MARKET,Lowland Vegetables,Pechay (Native) - 3-4 SMALL BUNDLES/KG,
2026-02-10,130000000,MEGA Q MART,Lowland Vegetables,Pechay (Native) - 3-4 SMALL BUNDLES/KG,80.0
2026-02-10,130000000,PAMILIHANG LUNGSOD NG MUNTINLUPA,Lowland Vegetables,Pechay (Native) - 3-4 SMALL BUNDLES/KG,70.0
2026-02-10,130000000,MALABON CENTRAL MARKET,Lowland Vegetables,Pechay (Native) - 3-4 SMALL BUNDLES/KG,
2026-02-10,130000000,PRITIL MARKET,Lowland Vegetables,Pechay (Native) - 3-4 SMALL BUNDLES/KG,80.0
2026-02-10,130000000,MAYPAJO PUBLIC MARKET,Lowland Vegetables,Pechay (Native) - 3-4 SMALL BUNDLES/KG,80.0
2026-02-10,130000000,PACO MARKET,Lowland Vegetables,Pechay (Native) - 3-4 SMALL BUNDLES/KG,
2026-02-10,130000000,DAGONOY MARKET,Lowland Vegetables,Pechay (Native) - 3-4 SMALL BUNDLES/KG,70.0
2026-02-10,130000000,TRABAJO MARKET,Lowland Vegetables,Pechay (Native) - 3-4 SMALL BUNDLES/KG,80.0
2026-02-10,130000000,BLUMENTRITT MARKET,Lowland Vegetables,Pechay (Native) - 3-4 SMALL BUNDLES/KG,
2026-02-10,130000000,MANDALUYONG PUBLIC MARKET I,Lowland Vegetables,Pechay (Native) - 3-4 SMALL BUNDLES/KG,
2026-02-10,130000000,NAVOTAS AGORA MARKET,Lowland Vegetables,Pechay (Native) - 3-4 SMALL BUNDLES/KG,80.0
2026-02-10,130000000,LA HUERTA MARKET,Lowland Vegetables,Pechay (Native) - 3-4 SMALL BUNDLES/KG,
2026-02-10,130000000,CARTIMAR MARKET,Lowland Vegetables,Pechay (Native) - 3-4 SMALL BUNDLES/KG,
2026-02-10,130000000,GRACE MARKETPLACE (PATEROS),Lowland Vegetables,Pechay (Native) - 3-4 SMALL BUNDLES/KG,80.0
2026-02-10,130000000,MURPHY MARKET,Lowland Vegetables,Pechay (Native) - 3-4 SMALL BUNDLES/KG,100.0
2026-02-10,130000000,KAMUNING MARKET,Lowland Vegetables,Pechay (Native) - 3-4 SMALL BUNDLES/KG,90.0
2026-02-10,130000000,AGORA PUBLIC MARKET (SAN JUAN),Lowland Vegetables,Pechay (Native) - 3-4 SMALL BUNDLES/KG,
2026-02-10,130000000,BICUTAN MARKET,Lowland Vegetables,Pechay (Native) - 3-4 SMALL BUNDLES/KG,
2026-02-10,130000000,TAGUIG PEOPLE'S MARKET,Lowland Vegetables,Pechay (Native) - 3-4 SMALL BUNDLES/KG,
2026-02-10,130000000,NEW MARULAS PUBLIC MARKET,Lowland Vegetables,Pechay (Native) - 3-4 SMALL BUNDLES/KG,
2026-02-10,130000000,BALINTAWAK MARKET (CLOVERLEAF),Lowland Vegetables,Pechay (Native) - 3-4 SMALL BUNDLES/KG,
2026-02-10,130000000,FARMERS MARKET,Lowland Vegetables,Pechay (Native) - 3-4 SMALL BUNDLES/KG,
2026-02-10,130000000,COMMONWEALTH MARKET,Lowland Vegetables,Sitao - 3-4 SMALL BUNDLES/KG,
2026-02-10,130000000,GUADALUPE PUBLIC MARKET,Lowland Vegetables,Sitao - 3-4 SMALL BUNDLES/KG,120.0
2026-02-10,130000000,NEW LAS PINAS CITY PUBLIC MARKET,Lowland Vegetables,Sitao - 3-4 SMALL BUNDLES/KG,150.0
2026-02-10,130000000,MARIKINA PUBLIC MARKET,Lowland Vegetables,Sitao - 3-4 SMALL BUNDLES/KG,150.0
2026-02-10,130000000,MUNOZ MARKET,Lowland Vegetables,Sitao - 3-4 SMALL BUNDLES/KG,100.0
2026-02-10,130000000,PASAY CITY MARKET,Lowland Vegetables,Sitao - 3-4 SMALL BUNDLES/KG,130.0
2026-02-10,130000000,MUTYA NG PASIG MEGA MARKET,Lowland Vegetables,Sitao - 3-4 SMALL BUNDLES/KG,
2026-02-10,130000000,QUINTA MARKET,Lowland Vegetables,Sitao - 3-4 SMALL BUNDLES/KG,140.0
2026-02-10,130000000,SAN ANDRES MARKET,Lowland Vegetables,Sitao - 3-4 SMALL BUNDLES/KG,
2026-02-10,130000000,MEGA Q MART,Lowland Vegetables,Sitao - 3-4 SMALL BUNDLES/KG,140.0
2026-02-10,130000000,PAMILIHANG LUNGSOD NG MUNTINLUPA,Lowland Vegetables,Sitao - 3-4 SMALL BUNDLES/KG,140.0
2026-02-10,130000000,MALABON CENTRAL MARKET,Lowland Vegetables,Sitao - 3-4 SMALL BUNDLES/KG,
2026-02-10,130000000,PRITIL MARKET,Lowland Vegetables,Sitao - 3-4 SMALL BUNDLES/KG,120.0
2026-02-10,130000000,MAYPAJO PUBLIC MARKET,Lowland Vegetables,Sitao - 3-4 SMALL BUNDLES/KG,150.0
2026-02-10,130000000,PACO MARKET,Lowland Vegetables,Sitao - 3-4 SMALL BUNDLES/KG,
2026-02-10,130000000,DAGONOY MARKET,Lowland Vegetables,Sitao - 3-4 SMALL BUNDLES/KG,150.0
2026-02-10,130000000,TRABAJO MARKET,Lowland Vegetables,Sitao - 3-4 SMALL BUNDLES/KG,150.0
2026-02-10,130000000,BLUMENTRITT MARKET,Lowland Vegetables,Sitao - 3-4 SMALL BUNDLES/KG,
2026-02-10,130000000,MANDALUYONG PUBLIC MARKET I,Lowland Vegetables,Sitao - 3-4 SMALL BUNDLES/KG,
2026-02-10,130000000,NAVOTAS AGORA MARKET,Lowland Vegetables,Sitao - 3-4 SMALL BUNDLES/KG,120.0
2026-02-10,130000000,LA HUERTA MARKET,Lowland Vegetables,Sitao - 3-4 SMALL BUNDLES/KG,
2026-02-10,130000000,CARTIMAR MARKET,Lowland Vegetables,Sitao - 3-4 SMALL BUNDLES/KG,
2026-02-10,130000000,GRACE MARKETPLACE (PATEROS),Lowland Vegetables,Sitao - 3-4 SMALL BUNDLES/KG,160.0
2026-02-10,130000000,MURPHY MARKET,Lowland Vegetables,Sitao - 3-4 SMALL BUNDLES/KG,140.0
2026-02-10,130000000,KAMUNING MARKET,Lowland Vegetables,Sitao - 3-4 SMALL BUNDLES/KG,150.0
2026-02-10,130000000,AGORA PUBLIC MARKET (SAN JUAN),Lowland Vegetables,Sitao - 3-4 SMALL BUNDLES/KG,
2026-02-10,130000000,BICUTAN MARKET,Lowland Vegetables,Sitao - 3-4 SMALL BUNDLES/KG,
2026-02-10,130000000,TAGUIG PEOPLE'S MARKET,Lowland Vegetables,Sitao - 3-4 SMALL BUNDLES/KG,
2026-02-10,130000000,NEW MARULAS PUBLIC MARKET,Lowland Vegetables,Sitao - 3-4 SMALL BUNDLES/KG,
2026-02-10,130000000,BALINTAWAK MARKET (CLOVERLEAF),Lowland Vegetables,Sitao - 3-4 SMALL BUNDLES/KG,
2026-02-10,130000000,FARMERS MARKET,Lowland Vegetables,Sitao - 3-4 SMALL BUNDLES/KG,
2026-02-10,130000000,COMMONWEALTH MARKET,Lowland Vegetables,Eggplant - 3-4 SMALL BUNDLES/KG,
2026-02-10,130000000,GUADALUPE PUBLIC MARKET,Lowland Vegetables,Eggplant - 3-4 SMALL BUNDLES/KG,80.0
2026-02-10,130000000,NEW LAS PINAS CITY PUBLIC MARKET,Lowland Vegetables,Eggplant - 3-4 SMALL BUNDLES/KG,90.0
2026-02-10,130000000,MARIKINA PUBLIC MARKET,Lowland Vegetables,Eggplant - 3-4 SMALL BUNDLES/KG,100.0
2026-02-10,130000000,MUNOZ MARKET,Lowland Vegetables,Eggplant - 3-4 SMALL BUNDLES/KG,60.0
2026-02-10,130000000,PASAY CITY MARKET,Lowland Vegetables,Eggplant - 3-4 SMALL BUNDLES/KG,90.0
2026-02-10,130000000,MUTYA NG PASIG MEGA MARKET,Lowland Vegetables,Eggplant - 3-4 SMALL BUNDLES/KG,
2026-02-10,130000000,QUINTA MARKET,Lowland Vegetables,Eggplant - 3-4 SMALL BUNDLES/KG,120.0
2026-02-10,130000000,SAN ANDRES MARKET,Lowland Vegetables,Eggplant - 3-4 SMALL BUNDLES/KG,
2026-02-10,130000000,MEGA Q MART,Lowland Vegetables,Eggplant - 3-4 SMALL BUNDLES/KG,100.0
2026-02-10,130000000,PAMILIHANG LUNGSOD NG MUNTINLUPA,Lowland Vegetables,Eggplant - 3-4 SMALL BUNDLES/KG,90.0
2026-02-10,130000000,MALABON CENTRAL MARKET,Lowland Vegetables,Eggplant - 3-4 SMALL BUNDLES/KG,
2026-02-10,130000000,PRITIL MARKET,Lowland Vegetables,Eggplant - 3-4 SMALL BUNDLES/KG,90.0
2026-02-10,130000000,MAYPAJO PUBLIC MARKET,Lowland Vegetables,Eggplant - 3-4 SMALL BUNDLES/KG,90.0
2026-02-10,130000000,PACO MARKET,Lowland Vegetables,Eggplant - 3-4 SMALL BUNDLES/KG,
2026-02-10,130000000,DAGONOY MARKET,Lowland Vegetables,Eggplant - 3-4 SMALL BUNDLES/KG,90.0
2026-02-10,130000000,TRABAJO MARKET,Lowland Vegetables,Eggplant - 3-4 SMALL BUNDLES/KG,100.0
2026-02-10,130000000,BLUMENTRITT MARKET,Lowland Vegetables,Eggplant - 3-4 SMALL BUNDLES/KG,
2026-02-10,130000000,MANDALUYONG PUBLIC MARKET I,Lowland Vegetables,Eggplant - 3-4 SMALL BUNDLES/KG,
2026-02-10,130000000,NAVOTAS AGORA MARKET,Lowland Vegetables,Eggplant - 3-4 SMALL BUNDLES/KG,100.0
2026-02-10,130000000,LA HUERTA MARKET,Lowland Vegetables,Eggplant - 3-4 SMALL BUNDLES/KG,
2026-02-10,130000000,CARTIMAR MARKET,Lowland Vegetables,Eggplant - 3-4 SMALL BUNDLES/KG,
2026-02-10,130000000,GRACE MARKETPLACE (PATEROS),Lowland Vegetables,Eggplant - 3-4 SMALL BUNDLES/KG,120.0
2026-02-10,130000000,MURPHY MARKET,Lowland Vegetables,Eggplant - 3-4 SMALL BUNDLES/KG,100.0
2026-02-10,130000000,KAMUNING MARKET,Lowland Vegetables,Eggplant - 3-4 SMALL BUNDLES/KG,100.0
2026-02-10,130000000,AGORA PUBLIC MARKET (SAN JUAN),Lowland Vegetables,Eggplant - 3-4 SMALL BUNDLES/KG,
2026-02-10,130000000,BICUTAN MARKET,Lowland Vegetables,Eggplant - 3-4 SMALL BUNDLES/KG,
2026-02-10,130000000,TAGUIG PEOPLE'S MARKET,Lowland Vegetables,Eggplant - 3-4 SMALL BUNDLES/KG,
2026-02-10,130000000,NEW MARULAS PUBLIC MARKET,Lowland Vegetables,Eggplant - 3-4 SMALL BUNDLES/KG,
2026-02-10,130000000,BALINTAWAK MARKET (CLOVERLEAF),Lowland Vegetables,Eggplant - 3-4 SMALL BUNDLES/KG,
2026-02-10,130000000,FARMERS MARKET,Lowland Vegetables,Eggplant - 3-4 SMALL BUNDLES/KG,
2026-02-10,130000000,COMMONWEALTH MARKET,Lowland Vegetables,Tomato - 15-18 PCS/KG,
2026-02-10,130000000,GUADALUPE PUBLIC MARKET,Lowland Vegetables,Tomato - 15-18 PCS/KG,80.0
2026-02-10,130000000,NEW LAS PINAS CITY PUBLIC MARKET,Lowland Vegetables,Tomato - 15-18 PCS/KG,50.0
2026-02-10,130000000,MARIKINA PUBLIC MARKET,Lowland Vegetables,Tomato - 15-18 PCS/KG,80.0
2026-02-10,130000000,MUNOZ MARKET,Lowland Vegetables,Tomato - 15-18 PCS/KG,60.0
2026-02-10,130000000,PASAY CITY MARKET,Lowland Vegetables,Tomato - 15-18 PCS/KG,
2026-02-10,130000000,MUTYA NG PASIG MEGA MARKET,Lowland Vegetables,Tomato - 15-18 PCS/KG,
2026-02-10,130000000,QUINTA MARKET,Lowland Vegetables,Tomato - 15-18 PCS/KG,80.0
2026-02-10,130000000,SAN ANDRES MARKET,Lowland Vegetables,Tomato - 15-18 PCS/KG,
2026-02-10,130000000,MEGA Q MART,Lowland Vegetables,Tomato - 15-18 PCS/KG,80.0
2026-02-10,130000000,PAMILIHANG LUNGSOD NG MUNTINLUPA,Lowland Vegetables,Tomato - 15-18 PCS/KG,50.0
2026-02-10,130000000,MALABON CENTRAL MARKET,Lowland Vegetables,Tomato - 15-18 PCS/KG,
2026-02-10,130000000,PRITIL MARKET,Lowland Vegetables,Tomato - 15-18 PCS/KG,70.0
2026-02-10,130000000,MAYPAJO PUBLIC MARKET,Lowland Vegetables,Tomato - 15-18 PCS/KG,80.0
2026-02-10,130000000,PACO MARKET,Lowland Vegetables,Tomato - 15-18 PCS/KG,
2026-02-10,130000000,DAGONOY MARKET,Lowland Vegetables,Tomato - 15-18 PCS/KG,80.0
2026-02-10,130000000,TRABAJO MARKET,Lowland Vegetables,Tomato - 15-18 PCS/KG,100.0
2026-02-10,130000000,BLUMENTRITT MARKET,Lowland Vegetables,Tomato - 15-18 PCS/KG,
2026-02-10,130000000,MANDALUYONG PUBLIC MARKET I,Lowland Vegetables,Tomato - 15-18 PCS/KG,
2026-02-10,130000000,NAVOTAS AGORA MARKET,Lowland Vegetables,Tomato - 15-18 PCS/KG,70.0
2026-02-10,130000000,LA HUERTA MARKET,Lowland Vegetables,Tomato - 15-18 PCS/KG,
2026-02-10,130000000,CARTIMAR MARKET,Lowland Vegetables,Tomato - 15-18 PCS/KG,
2026-02-10,130000000,GRACE MARKETPLACE (PATEROS),Lowland Vegetables,Tomato - 15-18 PCS/KG,90.0
2026-02-10,130000000,MURPHY MARKET,Lowland Vegetables,Tomato - 15-18 PCS/KG,80.0
2026-02-10,130000000,KAMUNING MARKET,Lowland Vegetables,Tomato - 15-18 PCS/KG,80.0
2026-02-10,130000000,AGORA PUBLIC MARKET (SAN JUAN),Lowland Vegetables,Tomato - 15-18 PCS/KG,
2026-02-10,130000000,BICUTAN MARKET,Lowland Vegetables,Tomato - 15-18 PCS/KG,
2026-02-10,130000000,TAGUIG PEOPLE'S MARKET,Lowland Vegetables,Tomato - 15-18 PCS/KG,
2026-02-10,130000000,NEW MARULAS PUBLIC MARKET,Lowland Vegetables,Tomato - 15-18 PCS/KG,
2026-02-10,130000000,BALINTAWAK MARKET (CLOVERLEAF),Lowland Vegetables,Tomato - 15-18 PCS/KG,
2026-02-10,130000000,FARMERS MARKET,Lowland Vegetables,Tomato - 15-18 PCS/KG,
2026-02-10,130000000,COMMONWEALTH MARKET,Meat and Poultry,Beef Brisket - MEAT WITH BONES,
2026-02-10,130000000,GUADALUPE PUBLIC MARKET,Meat and Poultry,Beef Brisket - MEAT WITH BONES,
2026-02-10,130000000,NEW LAS PINAS CITY PUBLIC MARKET,Meat and Poultry,Beef Brisket - MEAT WITH BONES,
2026-02-10,130000000,MARIKINA PUBLIC MARKET,Meat and Poultry,Beef Brisket - MEAT WITH BONES,390.0
2026-02-10,130000000,MUNOZ MARKET,Meat and Poultry,Beef Brisket - MEAT WITH BONES,420.0
2026-02-10,130000000,PASAY CITY MARKET,Meat and Poultry,Beef Brisket - MEAT WITH BONES,390.0
2026-02-10,130000000,MUTYA NG PASIG MEGA MARKET,Meat and Poultry,Beef Brisket - MEAT WITH BONES,
2026-02-10,130000000,QUINTA MARKET,Meat and Poultry,Beef Brisket - MEAT WITH BONES,
2026-02-10,130000000,SAN ANDRES MARKET,Meat and Poultry,Beef Brisket - MEAT WITH BONES,
2026-02-10,130000000,MEGA Q MART,Meat and Poultry,Beef Brisket - MEAT WITH BONES,
2026-02-10,130000000,PAMILIHANG LUNGSOD NG MUNTINLUPA,Meat and Poultry,Beef Brisket - MEAT WITH BONES,
2026-02-10,130000000,MALABON CENTRAL MARKET,Meat and Poultry,Beef Brisket - MEAT WITH BONES,
2026-02-10,130000000,PRITIL MARKET,Meat and Poultry,Beef Brisket - MEAT WITH BONES,
2026-02-10,130000000,MAYPAJO PUBLIC MARKET,Meat and Poultry,Beef Brisket - MEAT WITH BONES,
2026-02-10,130000000,PACO MARKET,Meat and Poultry,Beef Brisket - MEAT WITH BONES,
2026-02-10,130000000,DAGONOY MARKET,Meat and Poultry,Beef Brisket - MEAT WITH BONES,450.0
2026-02-10,130000000,TRABAJO MARKET,Meat and Poultry,Beef Brisket - MEAT WITH BONES,460.0
2026-02-10,130000000,BLUMENTRITT MARKET,Meat and Poultry,Beef Brisket - MEAT WITH BONES,
2026-02-10,130000000,MANDALUYONG PUBLIC MARKET I,Meat and Poultry,Beef Brisket - MEAT WITH BONES,
2026-02-10,130000000,NAVOTAS AGORA MARKET,Meat and Poultry,Beef Brisket - MEAT WITH BONES,
2026-02-10,130000000,LA HUERTA MARKET,Meat and Poultry,Beef Brisket - MEAT WITH BONES,
2026-02-10,130000000,CARTIMAR MARKET,Meat and Poultry,Beef Brisket - MEAT WITH BONES,
2026-02-10,130000000,GRACE MARKETPLACE (PATEROS),Meat and Poultry,Beef Brisket - MEAT WITH BONES,
2026-02-10,130000000,MURPHY MARKET,Meat and Poultry,Beef Brisket - MEAT WITH BONES,420.0
2026-02-10,130000000,KAMUNING MARKET,Meat and Poultry,Beef Brisket - MEAT WITH BONES,
2026-02-10,130000000,AGORA PUBLIC MARKET (SAN JUAN),Meat and Poultry,Beef Brisket - MEAT WITH BONES,
2026-02-10,130000000,BICUTAN MARKET,Meat and Poultry,Beef Brisket - MEAT WITH BONES,
2026-02-10,130000000,TAGUIG PEOPLE'S MARKET,Meat and Poultry,Beef Brisket - MEAT WITH BONES,
2026-02-10,130000000,NEW MARULAS PUBLIC MARKET,Meat and Poultry,Beef Brisket - MEAT WITH BONES,
2026-02-10,130000000,BALINTAWAK MARKET (CLOVERLEAF),Meat and Poultry,Beef Brisket - MEAT WITH BONES,
2026-02-10,130000000,FARMERS MARKET,Meat and Poultry,Beef Brisket - MEAT WITH BONES,
2026-02-10,130000000,COMMONWEALTH MARKET,Meat and Poultry,Beef Rump - LEAN MEAT / TAPADERA,
2026-02-10,130000000,GUADALUPE PUBLIC MARKET,Meat and Poultry,Beef Rump - LEAN MEAT / TAPADERA,520.0
2026-02-10,130000000,NEW LAS PINAS CITY PUBLIC MARKET,Meat and Poultry,Beef Rump - LEAN MEAT / TAPADERA,
2026-02-10,130000000,MARIKINA PUBLIC MARKET,Meat and Poultry,Beef Rump - LEAN MEAT / TAPADERA,450.0
2026-02-10,130000000,MUNOZ MARKET,Meat and Poultry,Beef Rump - LEAN MEAT / TAPADERA,520.0
2026-02-10,130000000,PASAY CITY MARKET,Meat and Poultry,Beef Rump - LEAN MEAT / TAPADERA,430.0
2026-02-10,130000000,MUTYA NG PASIG MEGA MARKET,Meat and Poultry,Beef Rump - LEAN MEAT / TAPADERA,
2026-02-10,130000000,QUINTA MARKET,Meat and Poultry,Beef Rump - LEAN MEAT / TAPADERA,
2026-02-10,130000000,SAN ANDRES MARKET,Meat and Poultry,Beef Rump - LEAN MEAT / TAPADERA,
2026-02-10,130000000,MEGA Q MART,Meat and Poultry,Beef Rump - LEAN MEAT / TAPADERA,
2026-02-10,130000000,PAMILIHANG LUNGSOD NG MUNTINLUPA,Meat and Poultry,Beef Rump - LEAN MEAT / TAPADERA,
2026-02-10,130000000,MALABON CENTRAL MARKET,Meat and Poultry,Beef Rump - LEAN MEAT / TAPADERA,
2026-02-10,130000000,PRITIL MARKET,Meat and Poultry,Beef Rump - LEAN MEAT / TAPADERA,
2026-02-10,130000000,MAYPAJO PUBLIC MARKET,Meat and Poultry,Beef Rump - LEAN MEAT / TAPADERA,
2026-02-10,130000000,PACO MARKET,Meat and Poultry,Beef Rump - LEAN MEAT / TAPADERA,
2026-02-10,130000000,DAGONOY MARKET,Meat and Poultry,Beef Rump - LEAN MEAT / TAPADERA,
2026-02-10,130000000,TRABAJO MARKET,Meat and Poultry,Beef Rump - LEAN MEAT / TAPADERA,520.0
2026-02-10,130000000,BLUMENTRITT MARKET,Meat and Poultry,Beef Rump - LEAN MEAT / TAPADERA,
2026-02-10,130000000,MANDALUYONG PUBLIC MARKET I,Meat and Poultry,Beef Rump - LEAN MEAT / TAPADERA,
2026-02-10,130000000,NAVOTAS AGORA MARKET,Meat and Poultry,Beef Rump - LEAN MEAT / TAPADERA,
2026-02-10,130000000,LA HUERTA MARKET,Meat and Poultry,Beef Rump - LEAN MEAT / TAPADERA,
2026-02-10,130000000,CARTIMAR MARKET,Meat and Poultry,Beef Rump - LEAN MEAT / TAPADERA,
2026-02-10,130000000,GRACE MARKETPLACE (PATEROS),Meat and Poultry,Beef Rump - LEAN MEAT / TAPADERA,
2026-02-10,130000000,MURPHY MARKET,Meat and Poultry,Beef Rump - LEAN MEAT / TAPADERA,500.0
2026-02-10,130000000,KAMUNING MARKET,Meat and Poultry,Beef Rump - LEAN MEAT / TAPADERA,
2026-02-10,130000000,AGORA PUBLIC MARKET (SAN JUAN),Meat and Poultry,Beef Rump - LEAN MEAT / TAPADERA,
2026-02-10,130000000,BICUTAN MARKET,Meat and Poultry,Beef Rump - LEAN MEAT / TAPADERA,
2026-02-10,130000000,TAGUIG PEOPLE'S MARKET,Meat and Poultry,Beef Rump - LEAN MEAT / TAPADERA,
2026-02-10,130000000,NEW MARULAS PUBLIC MARKET,Meat and Poultry,Beef Rump - LEAN MEAT / TAPADERA,
2026-02-10,130000000,BALINTAWAK MARKET (CLOVERLEAF),Meat and Poultry,Beef Rump - LEAN MEAT / TAPADERA,
2026-02-10,130000000,FARMERS MARKET,Meat and Poultry,Beef Rump - LEAN MEAT / TAPADERA,
2026-02-10,130000000,COMMONWEALTH MARKET,Meat and Poultry,"Chicken Egg (White, Medium) - 56-60 grams/pc",
2026-02-10,130000000,GUADALUPE PUBLIC MARKET,Meat and Poultry,"Chicken Egg (White, Medium) - 56-60 grams/pc",8.0
2026-02-10,130000000,NEW LAS PINAS CITY PUBLIC MARKET,Meat and Poultry,"Chicken Egg (White, Medium) - 56-60 grams/pc",8.5
2026-02-10,130000000,MARIKINA PUBLIC MARKET,Meat and Poultry,"Chicken Egg (White, Medium) - 56-60 grams/pc",
2026-02-10,130000000,MUNOZ MARKET,Meat and Poultry,"Chicken Egg (White, Medium) - 56-60 grams/pc",8.0
2026-02-10,130000000,PASAY CITY MARKET,Meat and Poultry,"Chicken Egg (White, Medium) - 56-60 grams/pc",
2026-02-10,130000000,MUTYA NG PASIG MEGA MARKET,Meat and Poultry,"Chicken Egg (White, Medium) - 56-60 grams/pc",
2026-02-10,130000000,QUINTA MARKET,Meat and Poultry,"Chicken Egg (White, Medium) - 56-60 grams/pc",8.5
2026-02-10,130000000,SAN ANDRES MARKET,Meat and Poultry,"Chicken Egg (White, Medium) - 56-60 grams/pc",
2026-02-10,130000000,MEGA Q MART,Meat and Poultry,"Chicken Egg (White, Medium) - 56-60 grams/pc",
2026-02-10,130000000,PAMILIHANG LUNGSOD NG MUNTINLUPA,Meat and Poultry,"Chicken Egg (White, Medium) - 56-60 grams/pc",8.3
2026-02-10,130000000,MALABON CENTRAL MARKET,Meat and Poultry,"Chicken Egg (White, Medium) - 56-60 grams/pc",
2026-02-10,130000000,PRITIL MARKET,Meat and Poultry,"Chicken Egg (White, Medium) - 56-60 grams/pc",8.5
2026-02-10,130000000,MAYPAJO PUBLIC MARKET,Meat and Poultry,"Chicken Egg (White, Medium) - 56-60 grams/pc",8.0
2026-02-10,130000000,PACO MARKET,Meat and Poultry,"Chicken Egg (White, Medium) - 56-60 grams/pc",
2026-02-10,130000000,DAGONOY MARKET,Meat and Poultry,"Chicken Egg (White, Medium) - 56-60 grams/pc",8.0
2026-02-10,130000000,TRABAJO MARKET,Meat and Poultry,"Chicken Egg (White, Medium) - 56-60 grams/pc",8.0
2026-02-10,130000000,BLUMENTRITT MARKET,Meat and Poultry,"Chicken Egg (White, Medium) - 56-60 grams/pc",
2026-02-10,130000000,MANDALUYONG PUBLIC MARKET I,Meat and Poultry,"Chicken Egg (White, Medium) - 56-60 grams/pc",
2026-02-10,130000000,NAVOTAS AGORA MARKET,Meat and Poultry,"Chicken Egg (White, Medium) - 56-60 grams/pc",8.0
2026-02-10,130000000,LA HUERTA MARKET,Meat and Poultry,"Chicken Egg (White, Medium) - 56-60 grams/pc",
2026-02-10,130000000,CARTIMAR MARKET,Meat and Poultry,"Chicken Egg (White, Medium) - 56-60 grams/pc",
2026-02-10,130000000,GRACE MARKETPLACE (PATEROS),Meat and Poultry,"Chicken Egg (White, Medium) - 56-60 grams/pc",
2026-02-10,130000000,MURPHY MARKET,Meat and Poultry,"Chicken Egg (White, Medium) - 56-60 grams/pc",8.0
2026-02-10,130000000,KAMUNING MARKET,Meat and Poultry,"Chicken Egg (White, Medium) - 56-60 grams/pc",8.5
2026-02-10,130000000,AGORA PUBLIC MARKET (SAN JUAN),Meat and Poultry,"Chicken Egg (White, Medium) - 56-60 grams/pc",
2026-02-10,130000000,BICUTAN MARKET,Meat and Poultry,"Chicken Egg (White, Medium) - 56-60 grams/pc",
2026-02-10,130000000,TAGUIG PEOPLE'S MARKET,Meat and Poultry,"Chicken Egg (White, Medium) - 56-60 grams/pc",
2026-02-10,130000000,NEW MARULAS PUBLIC MARKET,Meat and Poultry,"Chicken Egg (White, Medium) - 56-60 grams/pc",
2026-02-10,130000000,BALINTAWAK MARKET (CLOVERLEAF),Meat and Poultry,"Chicken Egg (White, Medium) - 56-60 grams/pc",
2026-02-10,130000000,FARMERS MARKET,Meat and Poultry,"Chicken Egg (White, Medium) - 56-60 grams/pc",
2026-02-10,130000000,COMMONWEALTH MARKET,Meat and Poultry,Pork Ham (Kasim),
2026-02-10,130000000,GUADALUPE PUBLIC MARKET,Meat and Poultry,Pork Ham (Kasim),370.0
2026-02-10,130000000,NEW LAS PINAS CITY PUBLIC MARKET,Meat and Poultry,Pork Ham (Kasim),305.0
2026-02-10,130000000,MARIKINA PUBLIC MARKET,Meat and Poultry,Pork Ham (Kasim),320.0
2026-02-10,130000000,MUNOZ MARKET,Meat and Poultry,Pork Ham (Kasim),340.0
2026-02-10,130000000,PASAY CITY MARKET,Meat and Poultry,Pork Ham (Kasim),330.0
2026-02-10,130000000,MUTYA NG PASIG MEGA MARKET,Meat and Poultry,Pork Ham (Kasim),
2026-02-10,130000000,QUINTA MARKET,Meat and Poultry,Pork Ham (Kasim),
2026-02-10,130000000,SAN ANDRES MARKET,Meat and Poultry,Pork Ham (Kasim),
2026-02-10,130000000,MEGA Q MART,Meat and Poultry,Pork Ham (Kasim),330.0
2026-02-10,130000000,PAMILIHANG LUNGSOD NG MUNTINLUPA,Meat and Poultry,Pork Ham (Kasim),340.0
2026-02-10,130000000,MALABON CENTRAL MARKET,Meat and Poultry,Pork Ham (Kasim),
2026-02-10,130000000,PRITIL MARKET,Meat and Poultry,Pork Ham (Kasim),340.0
2026-02-10,130000000,MAYPAJO PUBLIC MARKET,Meat and Poultry,Pork Ham (Kasim),350.0
2026-02-10,130000000,PACO MARKET,Meat and Poultry,Pork Ham (Kasim),
2026-02-10,130000000,DAGONOY MARKET,Meat and Poultry,Pork Ham (Kasim),320.0
2026-02-10,130000000,TRABAJO MARKET,Meat and Poultry,Pork Ham (Kasim),360.0
2026-02-10,130000000,BLUMENTRITT MARKET,Meat and Poultry,Pork Ham (Kasim),
2026-02-10,130000000,MANDALUYONG PUBLIC MARKET I,Meat and Poultry,Pork Ham (Kasim),
2026-02-10,130000000,NAVOTAS AGORA MARKET,Meat and Poultry,Pork Ham (Kasim),330.0
2026-02-10,130000000,LA HUERTA MARKET,Meat and Poultry,Pork Ham (Kasim),
2026-02-10,130000000,CARTIMAR MARKET,Meat and Poultry,Pork Ham (Kasim),
2026-02-10,130000000,GRACE MARKETPLACE (PATEROS),Meat and Poultry,Pork Ham (Kasim),
2026-02-10,130000000,MURPHY MARKET,Meat and Poultry,Pork Ham (Kasim),320.0
2026-02-10,130000000,KAMUNING MARKET,Meat and Poultry,Pork Ham (Kasim),350.0
2026-02-10,130000000,AGORA PUBLIC MARKET (SAN JUAN),Meat and Poultry,Pork Ham (Kasim),
2026-02-10,130000000,BICUTAN MARKET,Meat and Poultry,Pork Ham (Kasim),
2026-02-10,130000000,TAGUIG PEOPLE'S MARKET,Meat and Poultry,Pork Ham (Kasim),
2026-02-10,130000000,NEW MARULAS PUBLIC MARKET,Meat and Poultry,Pork Ham (Kasim),
2026-02-10,130000000,BALINTAWAK MARKET (CLOVERLEAF),Meat and Poultry,Pork Ham (Kasim),
2026-02-10,130000000,FARMERS MARKET,Meat and Poultry,Pork Ham (Kasim),
2026-02-10,130000000,COMMONWEALTH MARKET,Meat and Poultry,Pork Belly (Liempo),
2026-02-10,130000000,GUADALUPE PUBLIC MARKET,Meat and Poultry,Pork Belly (Liempo),430.0
2026-02-10,130000000,NEW LAS PINAS CITY PUBLIC MARKET,Meat and Poultry,Pork Belly (Liempo),350.0
2026-02-10,130000000,MARIKINA PUBLIC MARKET,Meat and Poultry,Pork Belly (Liempo),370.0
2026-02-10,130000000,MUNOZ MARKET,Meat and Poultry,Pork Belly (Liempo),380.0
2026-02-10,130000000,PASAY CITY MARKET,Meat and Poultry,Pork Belly (Liempo),370.0
2026-02-10,130000000,MUTYA NG PASIG MEGA MARKET,Meat and Poultry,Pork Belly (Liempo),
2026-02-10,130000000,QUINTA MARKET,Meat and Poultry,Pork Belly (Liempo),400.0
2026-02-10,130000000,SAN ANDRES MARKET,Meat and Poultry,Pork Belly (Liempo),
2026-02-10,130000000,MEGA Q MART,Meat and Poultry,Pork Belly (Liempo),400.0
2026-02-10,130000000,PAMILIHANG LUNGSOD NG MUNTINLUPA,Meat and Poultry,Pork Belly (Liempo),370.0
2026-02-10,130000000,MALABON CENTRAL MARKET,Meat and Poultry,Pork Belly (Liempo),
2026-02-10,130000000,PRITIL MARKET,Meat and Poultry,Pork Belly (Liempo),400.0
2026-02-10,130000000,MAYPAJO PUBLIC MARKET,Meat and Poultry,Pork Belly (Liempo),380.0
2026-02-10,130000000,PACO MARKET,Meat and Poultry,Pork Belly (Liempo),
2026-02-10,130000000,DAGONOY MARKET,Meat and Poultry,Pork Belly (Liempo),360.0
2026-02-10,130000000,TRABAJO MARKET,Meat and Poultry,Pork Belly (Liempo),430.0
2026-02-10,130000000,BLUMENTRITT MARKET,Meat and Poultry,Pork Belly (Liempo),
2026-02-10,130000000,MANDALUYONG PUBLIC MARKET I,Meat and Poultry,Pork Belly (Liempo),
2026-02-10,130000000,NAVOTAS AGORA MARKET,Meat and Poultry,Pork Belly (Liempo),360.0
2026-02-10,130000000,LA HUERTA MARKET,Meat and Poultry,Pork Belly (Liempo),
2026-02-10,130000000,CARTIMAR MARKET,Meat and Poultry,Pork Belly (Liempo),
2026-02-10,130000000,GRACE MARKETPLACE (PATEROS),Meat and Poultry,Pork Belly (Liempo),
2026-02-10,130000000,MURPHY MARKET,Meat and Poultry,Pork Belly (Liempo),370.0
2026-02-10,130000000,KAMUNING MARKET,Meat and Poultry,Pork Belly (Liempo),450.0
2026-02-10,130000000,AGORA PUBLIC MARKET (SAN JUAN),Meat and Poultry,Pork Belly (Liempo),
2026-02-10,130000000,BICUTAN MARKET,Meat and Poultry,Pork Belly (Liempo),
2026-02-10,130000000,TAGUIG PEOPLE'S MARKET,Meat and Poultry,Pork Belly (Liempo),
2026-02-10,130000000,NEW MARULAS PUBLIC MARKET,Meat and Poultry,Pork Belly (Liempo),
2026-02-10,130000000,BALINTAWAK MARKET (CLOVERLEAF),Meat and Poultry,Pork Belly (Liempo),
2026-02-10,130000000,FARMERS MARKET,Meat and Poultry,Pork Belly (Liempo),
2026-02-10,130000000,COMMONWEALTH MARKET,Meat and Poultry,Whole Chicken - FULLY DRESSED,
2026-02-10,130000000,GUADALUPE PUBLIC MARKET,Meat and Poultry,Whole Chicken - FULLY DRESSED,220.0
2026-02-10,130000000,NEW LAS PINAS CITY PUBLIC MARKET,Meat and Poultry,Whole Chicken - FULLY DRESSED,190.0
2026-02-10,130000000,MARIKINA PUBLIC MARKET,Meat and Poultry,Whole Chicken - FULLY DRESSED,220.0
2026-02-10,130000000,MUNOZ MARKET,Meat and Poultry,Whole Chicken - FULLY DRESSED,240.0
2026-02-10,130000000,PASAY CITY MARKET,Meat and Poultry,Whole Chicken - FULLY DRESSED,
2026-02-10,130000000,MUTYA NG PASIG MEGA MARKET,Meat and Poultry,Whole Chicken - FULLY DRESSED,
2026-02-10,130000000,QUINTA MARKET,Meat and Poultry,Whole Chicken - FULLY DRESSED,210.0
2026-02-10,130000000,SAN ANDRES MARKET,Meat and Poultry,Whole Chicken - FULLY DRESSED,
2026-02-10,130000000,MEGA Q MART,Meat and Poultry,Whole Chicken - FULLY DRESSED,190.0
2026-02-10,130000000,PAMILIHANG LUNGSOD NG MUNTINLUPA,Meat and Poultry,Whole Chicken - FULLY DRESSED,190.0
2026-02-10,130000000,MALABON CENTRAL MARKET,Meat and Poultry,Whole Chicken - FULLY DRESSED,
2026-02-10,130000000,PRITIL MARKET,Meat and Poultry,Whole Chicken - FULLY DRESSED,200.0
2026-02-10,130000000,MAYPAJO PUBLIC MARKET,Meat and Poultry,Whole Chicken - FULLY DRESSED,200.0
2026-02-10,130000000,PACO MARKET,Meat and Poultry,Whole Chicken - FULLY DRESSED,
2026-02-10,130000000,DAGONOY MARKET,Meat and Poultry,Whole Chicken - FULLY DRESSED,200.0
2026-02-10,130000000,TRABAJO MARKET,Meat and Poultry,Whole Chicken - FULLY DRESSED,230.0
2026-02-10,130000000,BLUMENTRITT MARKET,Meat and Poultry,Whole Chicken - FULLY DRESSED,
2026-02-10,130000000,MANDALUYONG PUBLIC MARKET I,Meat and Poultry,Whole Chicken - FULLY DRESSED,
2026-02-10,130000000,NAVOTAS AGORA MARKET,Meat and Poultry,Whole Chicken - FULLY DRESSED,190.0
2026-02-10,130000000,LA HUERTA MARKET,Meat and Poultry,Whole Chicken - FULLY DRESSED,
2026-02-10,130000000,CARTIMAR MARKET,Meat and Poultry,Whole Chicken - FULLY DRESSED,
2026-02-10,130000000,GRACE MARKETPLACE (PATEROS),Meat and Poultry,Whole Chicken - FULLY DRESSED,190.0
2026-02-10,130000000,MURPHY MARKET,Meat and Poultry,Whole Chicken - FULLY DRESSED,220.0
2026-02-10,130000000,KAMUNING MARKET,Meat and Poultry,Whole Chicken - FULLY DRESSED,230.0
2026-02-10,130000000,AGORA PUBLIC MARKET (SAN JUAN),Meat and Poultry,Whole Chicken - FULLY DRESSED,
2026-02-10,130000000,BICUTAN MARKET,Meat and Poultry,Whole Chicken - FULLY DRESSED,
2026-02-10,130000000,TAGUIG PEOPLE'S MARKET,Meat and Poultry,Whole Chicken - FULLY DRESSED,
2026-02-10,130000000,NEW MARULAS PUBLIC MARKET,Meat and Poultry,Whole Chicken - FULLY DRESSED,
2026-02-10,130000000,BALINTAWAK MARKET (CLOVERLEAF),Meat and Poultry,Whole Chicken - FULLY DRESSED,
2026-02-10,130000000,FARMERS MARKET,Meat and Poultry,Whole Chicken - FULLY DRESSED,
2026-02-10,130000000,COMMONWEALTH MARKET,Meat and Poultry,Frozen Kasim - KASIM,
2026-02-10,130000000,GUADALUPE PUBLIC MARKET,Meat and Poultry,Frozen Kasim - KASIM,270.0
2026-02-10,130000000,NEW LAS PINAS CITY PUBLIC MARKET,Meat and Poultry,Frozen Kasim - KASIM,
2026-02-10,130000000,MARIKINA PUBLIC MARKET,Meat and Poultry,Frozen Kasim - KASIM,240.0
2026-02-10,130000000,MUNOZ MARKET,Meat and Poultry,Frozen Kasim - KASIM,
2026-02-10,130000000,PASAY CITY MARKET,Meat and Poultry,Frozen Kasim - KASIM,250.0
2026-02-10,130000000,MUTYA NG PASIG MEGA MARKET,Meat and Poultry,Frozen Kasim - KASIM,
2026-02-10,130000000,QUINTA MARKET,Meat and Poultry,Frozen Kasim - KASIM,
2026-02-10,130000000,SAN ANDRES MARKET,Meat and Poultry,Frozen Kasim - KASIM,
2026-02-10,130000000,MEGA Q MART,Meat and Poultry,Frozen Kasim - KASIM,260.0
2026-02-10,130000000,PAMILIHANG LUNGSOD NG MUNTINLUPA,Meat and Poultry,Frozen Kasim - KASIM,
2026-02-10,130000000,MALABON CENTRAL MARKET,Meat and Poultry,Frozen Kasim - KASIM,
2026-02-10,130000000,PRITIL MARKET,Meat and Poultry,Frozen Kasim - KASIM,
2026-02-10,130000000,MAYPAJO PUBLIC MARKET,Meat and Poultry,Frozen Kasim - KASIM,
2026-02-10,130000000,PACO MARKET,Meat and Poultry,Frozen Kasim - KASIM,
2026-02-10,130000000,DAGONOY MARKET,Meat and Poultry,Frozen Kasim - KASIM,
2026-02-10,130000000,TRABAJO MARKET,Meat and Poultry,Frozen Kasim - KASIM,
2026-02-10,130000000,BLUMENTRITT MARKET,Meat and Poultry,Frozen Kasim - KASIM,
2026-02-10,130000000,MANDALUYONG PUBLIC MARKET I,Meat and Poultry,Frozen Kasim - KASIM,
2026-02-10,130000000,NAVOTAS AGORA MARKET,Meat and Poultry,Frozen Kasim - KASIM,
2026-02-10,130000000,LA HUERTA MARKET,Meat and Poultry,Frozen Kasim - KASIM,
2026-02-10,130000000,CARTIMAR MARKET,Meat and Poultry,Frozen Kasim - KASIM,
2026-02-10,130000000,GRACE MARKETPLACE (PATEROS),Meat and Poultry,Frozen Kasim - KASIM,
2026-02-10,130000000,MURPHY MARKET,Meat and Poultry,Frozen Kasim - KASIM,
2026-02-10,130000000,KAMUNING MARKET,Meat and Poultry,Frozen Kasim - KASIM,
2026-02-10,130000000,AGORA PUBLIC MARKET (SAN JUAN),Meat and Poultry,Frozen Kasim - KASIM,
2026-02-10,130000000,BICUTAN MARKET,Meat and Poultry,Frozen Kasim - KASIM,
2026-02-10,130000000,TAGUIG PEOPLE'S MARKET,Meat and Poultry,Frozen Kasim - KASIM,
2026-02-10,130000000,NEW MARULAS PUBLIC MARKET,Meat and Poultry,Frozen Kasim - KASIM,
2026-02-10,130000000,BALINTAWAK MARKET (CLOVERLEAF),Meat and Poultry,Frozen Kasim - KASIM,
2026-02-10,130000000,FARMERS MARKET,Meat and Poultry,Frozen Kasim - KASIM,
2026-02-10,130000000,COMMONWEALTH MARKET,Meat and Poultry,Frozen Liempo - LIEMPO,
2026-02-10,130000000,GUADALUPE PUBLIC MARKET,Meat and Poultry,Frozen Liempo - LIEMPO,
2026-02-10,130000000,NEW LAS PINAS CITY PUBLIC MARKET,Meat and Poultry,Frozen Liempo - LIEMPO,
2026-02-10,130000000,MARIKINA PUBLIC MARKET,Meat and Poultry,Frozen Liempo - LIEMPO,290.0
2026-02-10,130000000,MUNOZ MARKET,Meat and Poultry,Frozen Liempo - LIEMPO,
2026-02-10,130000000,PASAY CITY MARKET,Meat and Poultry,Frozen Liempo - LIEMPO,
2026-02-10,130000000,MUTYA NG PASIG MEGA MARKET,Meat and Poultry,Frozen Liempo - LIEMPO,
2026-02-10,130000000,QUINTA MARKET,Meat and Poultry,Frozen Liempo - LIEMPO,
2026-02-10,130000000,SAN ANDRES MARKET,Meat and Poultry,Frozen Liempo - LIEMPO,
2026-02-10,130000000,MEGA Q MART,Meat and Poultry,Frozen Liempo - LIEMPO,340.0
2026-02-10,130000000,PAMILIHANG LUNGSOD NG MUNTINLUPA,Meat and Poultry,Frozen Liempo - LIEMPO,
2026-02-10,130000000,MALABON CENTRAL MARKET,Meat and Poultry,Frozen Liempo - LIEMPO,
2026-02-10,130000000,PRITIL MARKET,Meat and Poultry,Frozen Liempo - LIEMPO,
2026-02-10,130000000,MAYPAJO PUBLIC MARKET,Meat and Poultry,Frozen Liempo - LIEMPO,
2026-02-10,130000000,PACO MARKET,Meat and Poultry,Frozen Liempo - LIEMPO,
2026-02-10,130000000,DAGONOY MARKET,Meat and Poultry,Frozen Liempo - LIEMPO,
2026-02-10,130000000,TRABAJO MARKET,Meat and Poultry,Frozen Liempo - LIEMPO,
2026-02-10,130000000,BLUMENTRITT MARKET,Meat and Poultry,Frozen Liempo - LIEMPO,
2026-02-10,130000000,MANDALUYONG PUBLIC MARKET I,Meat and Poultry,Frozen Liempo - LIEMPO,
2026-02-10,130000000,NAVOTAS AGORA MARKET,Meat and Poultry,Frozen Liempo - LIEMPO,
2026-02-10,130000000,LA HUERTA MARKET,Meat and Poultry,Frozen Liempo - LIEMPO,
2026-02-10,130000000,CARTIMAR MARKET,Meat and Poultry,Frozen Liempo - LIEMPO,
2026-02-10,130000000,GRACE MARKETPLACE (PATEROS),Meat and Poultry,Frozen Liempo - LIEMPO,
2026-02-10,130000000,MURPHY MARKET,Meat and Poultry,Frozen Liempo - LIEMPO,
2026-02-10,130000000,KAMUNING MARKET,Meat and Poultry,Frozen Liempo - LIEMPO,
2026-02-10,130000000,AGORA PUBLIC MARKET (SAN JUAN),Meat and Poultry,Frozen Liempo - LIEMPO,
2026-02-10,130000000,BICUTAN MARKET,Meat and Poultry,Frozen Liempo - LIEMPO,
2026-02-10,130000000,TAGUIG PEOPLE'S MARKET,Meat and Poultry,Frozen Liempo - LIEMPO,
2026-02-10,130000000,NEW MARULAS PUBLIC MARKET,Meat and Poultry,Frozen Liempo - LIEMPO,
2026-02-10,130000000,BALINTAWAK MARKET (CLOVERLEAF),Meat and Poultry,Frozen Liempo - LIEMPO,
2026-02-10,130000000,FARMERS MARKET,Meat and Poultry,Frozen Liempo - LIEMPO,
2026-02-10,130000000,COMMONWEALTH MARKET,Meat and Poultry,"Chicken Egg (White, Pewee) - 41-45 grams/pc",
2026-02-10,130000000,GUADALUPE PUBLIC MARKET,Meat and Poultry,"Chicken Egg (White, Pewee) - 41-45 grams/pc",
2026-02-10,130000000,NEW LAS PINAS CITY PUBLIC MARKET,Meat and Poultry,"Chicken Egg (White, Pewee) - 41-45 grams/pc",
2026-02-10,130000000,MARIKINA PUBLIC MARKET,Meat and Poultry,"Chicken Egg (White, Pewee) - 41-45 grams/pc",
2026-02-10,130000000,MUNOZ MARKET,Meat and Poultry,"Chicken Egg (White, Pewee) - 41-45 grams/pc",
2026-02-10,130000000,PASAY CITY MARKET,Meat and Poultry,"Chicken Egg (White, Pewee) - 41-45 grams/pc",
2026-02-10,130000000,MUTYA NG PASIG MEGA MARKET,Meat and Poultry,"Chicken Egg (White, Pewee) - 41-45 grams/pc",
2026-02-10,130000000,QUINTA MARKET,Meat and Poultry,"Chicken Egg (White, Pewee) - 41-45 grams/pc",
2026-02-10,130000000,SAN ANDRES MARKET,Meat and Poultry,"Chicken Egg (White, Pewee) - 41-45 grams/pc",
2026-02-10,130000000,MEGA Q MART,Meat and Poultry,"Chicken Egg (White, Pewee) - 41-45 grams/pc",
2026-02-10,130000000,PAMILIHANG LUNGSOD NG MUNTINLUPA,Meat and Poultry,"Chicken Egg (White, Pewee) - 41-45 grams/pc",
2026-02-10,130000000,MALABON CENTRAL MARKET,Meat and Poultry,"Chicken Egg (White, Pewee) - 41-45 grams/pc",
2026-02-10,130000000,PRITIL MARKET,Meat and Poultry,"Chicken Egg (White, Pewee) - 41-45 grams/pc",
2026-02-10,130000000,MAYPAJO PUBLIC MARKET,Meat and Poultry,"Chicken Egg (White, Pewee) - 41-45 grams/pc",
2026-02-10,130000000,PACO MARKET,Meat and Poultry,"Chicken Egg (White, Pewee) - 41-45 grams/pc",
2026-02-10,130000000,DAGONOY MARKET,Meat and Poultry,"Chicken Egg (White, Pewee) - 41-45 grams/pc",6.0
2026-02-10,130000000,TRABAJO MARKET,Meat and Poultry,"Chicken Egg (White, Pewee) - 41-45 grams/pc",
2026-02-10,130000000,BLUMENTRITT MARKET,Meat and Poultry,"Chicken Egg (White, Pewee) - 41-45 grams/pc",
2026-02-10,130000000,MANDALUYONG PUBLIC MARKET I,Meat and Poultry,"Chicken Egg (White, Pewee) - 41-45 grams/pc",
2026-02-10,130000000,NAVOTAS AGORA MARKET,Meat and Poultry,"Chicken Egg (White, Pewee) - 41-45 grams/pc",
2026-02-10,130000000,LA HUERTA MARKET,Meat and Poultry,"Chicken Egg (White, Pewee) - 41-45 grams/pc",
2026-02-10,130000000,CARTIMAR MARKET,Meat and Poultry,"Chicken Egg (White, Pewee) - 41-45 grams/pc",
2026-02-10,130000000,GRACE MARKETPLACE (PATEROS),Meat and Poultry,"Chicken Egg (White, Pewee) - 41-45 grams/pc",
2026-02-10,130000000,MURPHY MARKET,Meat and Poultry,"Chicken Egg (White, Pewee) - 41-45 grams/pc",
2026-02-10,130000000,KAMUNING MARKET,Meat and Poultry,"Chicken Egg (White, Pewee) - 41-45 grams/pc",
2026-02-10,130000000,AGORA PUBLIC MARKET (SAN JUAN),Meat and Poultry,"Chicken Egg (White, Pewee) - 41-45 grams/pc",
2026-02-10,130000000,BICUTAN MARKET,Meat and Poultry,"Chicken Egg (White, Pewee) - 41-45 grams/pc",
2026-02-10,130000000,TAGUIG PEOPLE'S MARKET,Meat and Poultry,"Chicken Egg (White, Pewee) - 41-45 grams/pc",
2026-02-10,130000000,NEW MARULAS PUBLIC MARKET,Meat and Poultry,"Chicken Egg (White, Pewee) - 41-45 grams/pc",
2026-02-10,130000000,BALINTAWAK MARKET (CLOVERLEAF),Meat and Poultry,"Chicken Egg (White, Pewee) - 41-45 grams/pc",
2026-02-10,130000000,FARMERS MARKET,Meat and Poultry,"Chicken Egg (White, Pewee) - 41-45 grams/pc",
2026-02-10,130000000,COMMONWEALTH MARKET,Meat and Poultry,"Chicken Egg (White, Extra Small) - 46-50 grams/pc",
2026-02-10,130000000,GUADALUPE PUBLIC MARKET,Meat and Poultry,"Chicken Egg (White, Extra Small) - 46-50 grams/pc",7.5
2026-02-10,130000000,NEW LAS PINAS CITY PUBLIC MARKET,Meat and Poultry,"Chicken Egg (White, Extra Small) - 46-50 grams/pc",
2026-02-10,130000000,MARIKINA PUBLIC MARKET,Meat and Poultry,"Chicken Egg (White, Extra Small) - 46-50 grams/pc",
2026-02-10,130000000,MUNOZ MARKET,Meat and Poultry,"Chicken Egg (White, Extra Small) - 46-50 grams/pc",
2026-02-10,130000000,PASAY CITY MARKET,Meat and Poultry,"Chicken Egg (White, Extra Small) - 46-50 grams/pc",
2026-02-10,130000000,MUTYA NG PASIG MEGA MARKET,Meat and Poultry,"Chicken Egg (White, Extra Small) - 46-50 grams/pc",
2026-02-10,130000000,QUINTA MARKET,Meat and Poultry,"Chicken Egg (White, Extra Small) - 46-50 grams/pc",7.5
2026-02-10,130000000,SAN ANDRES MARKET,Meat and Poultry,"Chicken Egg (White, Extra Small) - 46-50 grams/pc",
2026-02-10,130000000,MEGA Q MART,Meat and Poultry,"Chicken Egg (White, Extra Small) - 46-50 grams/pc",
2026-02-10,130000000,PAMILIHANG LUNGSOD NG MUNTINLUPA,Meat and Poultry,"Chicken Egg (White, Extra Small) - 46-50 grams/pc",7.5
2026-02-10,130000000,MALABON CENTRAL MARKET,Meat and Poultry,"Chicken Egg (White, Extra Small) - 46-50 grams/pc",
2026-02-10,130000000,PRITIL MARKET,Meat and Poultry,"Chicken Egg (White, Extra Small) - 46-50 grams/pc",7.3
2026-02-10,130000000,MAYPAJO PUBLIC MARKET,Meat and Poultry,"Chicken Egg (White, Extra Small) - 46-50 grams/pc",
2026-02-10,130000000,PACO MARKET,Meat and Poultry,"Chicken Egg (White, Extra Small) - 46-50 grams/pc",
2026-02-10,130000000,DAGONOY MARKET,Meat and Poultry,"Chicken Egg (White, Extra Small) - 46-50 grams/pc",
2026-02-10,130000000,TRABAJO MARKET,Meat and Poultry,"Chicken Egg (White, Extra Small) - 46-50 grams/pc",
2026-02-10,130000000,BLUMENTRITT MARKET,Meat and Poultry,"Chicken Egg (White, Extra Small) - 46-50 grams/pc",
2026-02-10,130000000,MANDALUYONG PUBLIC MARKET I,Meat and Poultry,"Chicken Egg (White, Extra Small) - 46-50 grams/pc",
2026-02-10,130000000,NAVOTAS AGORA MARKET,Meat and Poultry,"Chicken Egg (White, Extra Small) - 46-50 grams/pc",7.0
2026-02-10,130000000,LA HUERTA MARKET,Meat and Poultry,"Chicken Egg (White, Extra Small) - 46-50 grams/pc",
2026-02-10,130000000,CARTIMAR MARKET,Meat and Poultry,"Chicken Egg (White, Extra Small) - 46-50 grams/pc",
2026-02-10,130000000,GRACE MARKETPLACE (PATEROS),Meat and Poultry,"Chicken Egg (White, Extra Small) - 46-50 grams/pc",
2026-02-10,130000000,MURPHY MARKET,Meat and Poultry,"Chicken Egg (White, Extra Small) - 46-50 grams/pc",
2026-02-10,130000000,KAMUNING MARKET,Meat and Poultry,"Chicken Egg (White, Extra Small) - 46-50 grams/pc",
2026-02-10,130000000,AGORA PUBLIC MARKET (SAN JUAN),Meat and Poultry,"Chicken Egg (White, Extra Small) - 46-50 grams/pc",
2026-02-10,130000000,BICUTAN MARKET,Meat and Poultry,"Chicken Egg (White, Extra Small) - 46-50 grams/pc",
2026-02-10,130000000,TAGUIG PEOPLE'S MARKET,Meat and Poultry,"Chicken Egg (White, Extra Small) - 46-50 grams/pc",
2026-02-10,130000000,NEW MARULAS PUBLIC MARKET,Meat and Poultry,"Chicken Egg (White, Extra Small) - 46-50 grams/pc",
2026-02-10,130000000,BALINTAWAK MARKET (CLOVERLEAF),Meat and Poultry,"Chicken Egg (White, Extra Small) - 46-50 grams/pc",
2026-02-10,130000000,FARMERS MARKET,Meat and Poultry,"Chicken Egg (White, Extra Small) - 46-50 grams/pc",
2026-02-10,130000000,COMMONWEALTH MARKET,Meat and Poultry,"Chicken Egg (White, Small) - 51-55 grams/pc",
2026-02-10,130000000,GUADALUPE PUBLIC MARKET,Meat and Poultry,"Chicken Egg (White, Small) - 51-55 grams/pc",7.75
2026-02-10,130000000,NEW LAS PINAS CITY PUBLIC MARKET,Meat and Poultry,"Chicken Egg (White, Small) - 51-55 grams/pc",8.0
2026-02-10,130000000,MARIKINA PUBLIC MARKET,Meat and Poultry,"Chicken Egg (White, Small) - 51-55 grams/pc",
2026-02-10,130000000,MUNOZ MARKET,Meat and Poultry,"Chicken Egg (White, Small) - 51-55 grams/pc",7.0
2026-02-10,130000000,PASAY CITY MARKET,Meat and Poultry,"Chicken Egg (White, Small) - 51-55 grams/pc",8.0
2026-02-10,130000000,MUTYA NG PASIG MEGA MARKET,Meat and Poultry,"Chicken Egg (White, Small) - 51-55 grams/pc",
2026-02-10,130000000,QUINTA MARKET,Meat and Poultry,"Chicken Egg (White, Small) - 51-55 grams/pc",8.0
2026-02-10,130000000,SAN ANDRES MARKET,Meat and Poultry,"Chicken Egg (White, Small) - 51-55 grams/pc",
2026-02-10,130000000,MEGA Q MART,Meat and Poultry,"Chicken Egg (White, Small) - 51-55 grams/pc",8.0
2026-02-10,130000000,PAMILIHANG LUNGSOD NG MUNTINLUPA,Meat and Poultry,"Chicken Egg (White, Small) - 51-55 grams/pc",8.0
2026-02-10,130000000,MALABON CENTRAL MARKET,Meat and Poultry,"Chicken Egg (White, Small) - 51-55 grams/pc",
2026-02-10,130000000,PRITIL MARKET,Meat and Poultry,"Chicken Egg (White, Small) - 51-55 grams/pc",8.0
2026-02-10,130000000,MAYPAJO PUBLIC MARKET,Meat and Poultry,"Chicken Egg (White, Small) - 51-55 grams/pc",
2026-02-10,130000000,PACO MARKET,Meat and Poultry,"Chicken Egg (White, Small) - 51-55 grams/pc",
2026-02-10,130000000,DAGONOY MARKET,Meat and Poultry,"Chicken Egg (White, Small) - 51-55 grams/pc",8.0
2026-02-10,130000000,TRABAJO MARKET,Meat and Poultry,"Chicken Egg (White, Small) - 51-55 grams/pc",7.0
2026-02-10,130000000,BLUMENTRITT MARKET,Meat and Poultry,"Chicken Egg (White, Small) - 51-55 grams/pc",
2026-02-10,130000000,MANDALUYONG PUBLIC MARKET I,Meat and Poultry,"Chicken Egg (White, Small) - 51-55 grams/pc",
2026-02-10,130000000,NAVOTAS AGORA MARKET,Meat and Poultry,"Chicken Egg (White, Small) - 51-55 grams/pc",7.5
2026-02-10,130000000,LA HUERTA MARKET,Meat and Poultry,"Chicken Egg (White, Small) - 51-55 grams/pc",
2026-02-10,130000000,CARTIMAR MARKET,Meat and Poultry,"Chicken Egg (White, Small) - 51-55 grams/pc",
2026-02-10,130000000,GRACE MARKETPLACE (PATEROS),Meat and Poultry,"Chicken Egg (White, Small) - 51-55 grams/pc",7.0
2026-02-10,130000000,MURPHY MARKET,Meat and Poultry,"Chicken Egg (White, Small) - 51-55 grams/pc",7.0
2026-02-10,130000000,KAMUNING MARKET,Meat and Poultry,"Chicken Egg (White, Small) - 51-55 grams/pc",8.0
2026-02-10,130000000,AGORA PUBLIC MARKET (SAN JUAN),Meat and Poultry,"Chicken Egg (White, Small) - 51-55 grams/pc",
2026-02-10,130000000,BICUTAN MARKET,Meat and Poultry,"Chicken Egg (White, Small) - 51-55 grams/pc",
2026-02-10,130000000,TAGUIG PEOPLE'S MARKET,Meat and Poultry,"Chicken Egg (White, Small) - 51-55 grams/pc",
2026-02-10,130000000,NEW MARULAS PUBLIC MARKET,Meat and Poultry,"Chicken Egg (White, Small) - 51-55 grams/pc",
2026-02-10,130000000,BALINTAWAK MARKET (CLOVERLEAF),Meat and Poultry,"Chicken Egg (White, Small) - 51-55 grams/pc",
2026-02-10,130000000,FARMERS MARKET,Meat and Poultry,"Chicken Egg (White, Small) - 51-55 grams/pc",
2026-02-10,130000000,COMMONWEALTH MARKET,Meat and Poultry,"Chicken Egg (White, Large) - 61-65 grams/pc",
2026-02-10,130000000,GUADALUPE PUBLIC MARKET,Meat and Poultry,"Chicken Egg (White, Large) - 61-65 grams/pc",8.5
2026-02-10,130000000,NEW LAS PINAS CITY PUBLIC MARKET,Meat and Poultry,"Chicken Egg (White, Large) - 61-65 grams/pc",9.0
2026-02-10,130000000,MARIKINA PUBLIC MARKET,Meat and Poultry,"Chicken Egg (White, Large) - 61-65 grams/pc",
2026-02-10,130000000,MUNOZ MARKET,Meat and Poultry,"Chicken Egg (White, Large) - 61-65 grams/pc",
2026-02-10,130000000,PASAY CITY MARKET,Meat and Poultry,"Chicken Egg (White, Large) - 61-65 grams/pc",9.0
2026-02-10,130000000,MUTYA NG PASIG MEGA MARKET,Meat and Poultry,"Chicken Egg (White, Large) - 61-65 grams/pc",
2026-02-10,130000000,QUINTA MARKET,Meat and Poultry,"Chicken Egg (White, Large) - 61-65 grams/pc",8.75
2026-02-10,130000000,SAN ANDRES MARKET,Meat and Poultry,"Chicken Egg (White, Large) - 61-65 grams/pc",
2026-02-10,130000000,MEGA Q MART,Meat and Poultry,"Chicken Egg (White, Large) - 61-65 grams/pc",9.5
2026-02-10,130000000,PAMILIHANG LUNGSOD NG MUNTINLUPA,Meat and Poultry,"Chicken Egg (White, Large) - 61-65 grams/pc",8.8
2026-02-10,130000000,MALABON CENTRAL MARKET,Meat and Poultry,"Chicken Egg (White, Large) - 61-65 grams/pc",
2026-02-10,130000000,PRITIL MARKET,Meat and Poultry,"Chicken Egg (White, Large) - 61-65 grams/pc",9.0
2026-02-10,130000000,MAYPAJO PUBLIC MARKET,Meat and Poultry,"Chicken Egg (White, Large) - 61-65 grams/pc",9.0
2026-02-10,130000000,PACO MARKET,Meat and Poultry,"Chicken Egg (White, Large) - 61-65 grams/pc",
2026-02-10,130000000,DAGONOY MARKET,Meat and Poultry,"Chicken Egg (White, Large) - 61-65 grams/pc",
2026-02-10,130000000,TRABAJO MARKET,Meat and Poultry,"Chicken Egg (White, Large) - 61-65 grams/pc",8.5
2026-02-10,130000000,BLUMENTRITT MARKET,Meat and Poultry,"Chicken Egg (White, Large) - 61-65 grams/pc",
2026-02-10,130000000,MANDALUYONG PUBLIC MARKET I,Meat and Poultry,"Chicken Egg (White, Large) - 61-65 grams/pc",
2026-02-10,130000000,NAVOTAS AGORA MARKET,Meat and Poultry,"Chicken Egg (White, Large) - 61-65 grams/pc",8.0
2026-02-10,130000000,LA HUERTA MARKET,Meat and Poultry,"Chicken Egg (White, Large) - 61-65 grams/pc",
2026-02-10,130000000,CARTIMAR MARKET,Meat and Poultry,"Chicken Egg (White, Large) - 61-65 grams/pc",
2026-02-10,130000000,GRACE MARKETPLACE (PATEROS),Meat and Poultry,"Chicken Egg (White, Large) - 61-65 grams/pc",8.0
2026-02-10,130000000,MURPHY MARKET,Meat and Poultry,"Chicken Egg (White, Large) - 61-65 grams/pc",8.5
2026-02-10,130000000,KAMUNING MARKET,Meat and Poultry,"Chicken Egg (White, Large) - 61-65 grams/pc",9.0
2026-02-10,130000000,AGORA PUBLIC MARKET (SAN JUAN),Meat and Poultry,"Chicken Egg (White, Large) - 61-65 grams/pc",
2026-02-10,130000000,BICUTAN MARKET,Meat and Poultry,"Chicken Egg (White, Large) - 61-65 grams/pc",
2026-02-10,130000000,TAGUIG PEOPLE'S MARKET,Meat and Poultry,"Chicken Egg (White, Large) - 61-65 grams/pc",
2026-02-10,130000000,NEW MARULAS PUBLIC MARKET,Meat and Poultry,"Chicken Egg (White, Large) - 61-65 grams/pc",
2026-02-10,130000000,BALINTAWAK MARKET (CLOVERLEAF),Meat and Poultry,"Chicken Egg (White, Large) - 61-65 grams/pc",
2026-02-10,130000000,FARMERS MARKET,Meat and Poultry,"Chicken Egg (White, Large) - 61-65 grams/pc",
2026-02-10,130000000,COMMONWEALTH MARKET,Meat and Poultry,"Chicken Egg (White, Extra Large) - 66-70 grams/pc",
2026-02-10,130000000,GUADALUPE PUBLIC MARKET,Meat and Poultry,"Chicken Egg (White, Extra Large) - 66-70 grams/pc",9.0
2026-02-10,130000000,NEW LAS PINAS CITY PUBLIC MARKET,Meat and Poultry,"Chicken Egg (White, Extra Large) - 66-70 grams/pc",9.5
2026-02-10,130000000,MARIKINA PUBLIC MARKET,Meat and Poultry,"Chicken Egg (White, Extra Large) - 66-70 grams/pc",
2026-02-10,130000000,MUNOZ MARKET,Meat and Poultry,"Chicken Egg (White, Extra Large) - 66-70 grams/pc",
2026-02-10,130000000,PASAY CITY MARKET,Meat and Poultry,"Chicken Egg (White, Extra Large) - 66-70 grams/pc",9.5
2026-02-10,130000000,MUTYA NG PASIG MEGA MARKET,Meat and Poultry,"Chicken Egg (White, Extra Large) - 66-70 grams/pc",
2026-02-10,130000000,QUINTA MARKET,Meat and Poultry,"Chicken Egg (White, Extra Large) - 66-70 grams/pc",9.0
2026-02-10,130000000,SAN ANDRES MARKET,Meat and Poultry,"Chicken Egg (White, Extra Large) - 66-70 grams/pc",
2026-02-10,130000000,MEGA Q MART,Meat and Poultry,"Chicken Egg (White, Extra Large) - 66-70 grams/pc",10.0
2026-02-10,130000000,PAMILIHANG LUNGSOD NG MUNTINLUPA,Meat and Poultry,"Chicken Egg (White, Extra Large) - 66-70 grams/pc",9.2
2026-02-10,130000000,MALABON CENTRAL MARKET,Meat and Poultry,"Chicken Egg (White, Extra Large) - 66-70 grams/pc",
2026-02-10,130000000,PRITIL MARKET,Meat and Poultry,"Chicken Egg (White, Extra Large) - 66-70 grams/pc",10.0
2026-02-10,130000000,MAYPAJO PUBLIC MARKET,Meat and Poultry,"Chicken Egg (White, Extra Large) - 66-70 grams/pc",
2026-02-10,130000000,PACO MARKET,Meat and Poultry,"Chicken Egg (White, Extra Large) - 66-70 grams/pc",
2026-02-10,130000000,DAGONOY MARKET,Meat and Poultry,"Chicken Egg (White, Extra Large) - 66-70 grams/pc",
2026-02-10,130000000,TRABAJO MARKET,Meat and Poultry,"Chicken Egg (White, Extra Large) - 66-70 grams/pc",
2026-02-10,130000000,BLUMENTRITT MARKET,Meat and Poultry,"Chicken Egg (White, Extra Large) - 66-70 grams/pc",
2026-02-10,130000000,MANDALUYONG PUBLIC MARKET I,Meat and Poultry,"Chicken Egg (White, Extra Large) - 66-70 grams/pc",
2026-02-10,130000000,NAVOTAS AGORA MARKET,Meat and Poultry,"Chicken Egg (White, Extra Large) - 66-70 grams/pc",8.5
2026-02-10,130000000,LA HUERTA MARKET,Meat and Poultry,"Chicken Egg (White, Extra Large) - 66-70 grams/pc",
2026-02-10,130000000,CARTIMAR MARKET,Meat and Poultry,"Chicken Egg (White, Extra Large) - 66-70 grams/pc",
2026-02-10,130000000,GRACE MARKETPLACE (PATEROS),Meat and Poultry,"Chicken Egg (White, Extra Large) - 66-70 grams/pc",
2026-02-10,130000000,MURPHY MARKET,Meat and Poultry,"Chicken Egg (White, Extra Large) - 66-70 grams/pc",9.0
2026-02-10,130000000,KAMUNING MARKET,Meat and Poultry,"Chicken Egg (White, Extra Large) - 66-70 grams/pc",10.0
2026-02-10,130000000,AGORA PUBLIC MARKET (SAN JUAN),Meat and Poultry,"Chicken Egg (White, Extra Large) - 66-70 grams/pc",
2026-02-10,130000000,BICUTAN MARKET,Meat and Poultry,"Chicken Egg (White, Extra Large) - 66-70 grams/pc",
2026-02-10,130000000,TAGUIG PEOPLE'S MARKET,Meat and Poultry,"Chicken Egg (White, Extra Large) - 66-70 grams/pc",
2026-02-10,130000000,NEW MARULAS PUBLIC MARKET,Meat and Poultry,"Chicken Egg (White, Extra Large) - 66-70 grams/pc",
2026-02-10,130000000,BALINTAWAK MARKET (CLOVERLEAF),Meat and Poultry,"Chicken Egg (White, Extra Large) - 66-70 grams/pc",
2026-02-10,130000000,FARMERS MARKET,Meat and Poultry,"Chicken Egg (White, Extra Large) - 66-70 grams/pc",
2026-02-10,130000000,COMMONWEALTH MARKET,Meat and Poultry,"Chicken Egg (White, Jumbo) - 71> grams/pc",
2026-02-10,130000000,GUADALUPE PUBLIC MARKET,Meat and Poultry,"Chicken Egg (White, Jumbo) - 71> grams/pc",10.0
2026-02-10,130000000,NEW LAS PINAS CITY PUBLIC MARKET,Meat and Poultry,"Chicken Egg (White, Jumbo) - 71> grams/pc",10.0
2026-02-10,130000000,MARIKINA PUBLIC MARKET,Meat and Poultry,"Chicken Egg (White, Jumbo) - 71> grams/pc",
2026-02-10,130000000,MUNOZ MARKET,Meat and Poultry,"Chicken Egg (White, Jumbo) - 71> grams/pc",
2026-02-10,130000000,PASAY CITY MARKET,Meat and Poultry,"Chicken Egg (White, Jumbo) - 71> grams/pc",10.0
2026-02-10,130000000,MUTYA NG PASIG MEGA MARKET,Meat and Poultry,"Chicken Egg (White, Jumbo) - 71> grams/pc",
2026-02-10,130000000,QUINTA MARKET,Meat and Poultry,"Chicken Egg (White, Jumbo) - 71> grams/pc",10.0
2026-02-10,130000000,SAN ANDRES MARKET,Meat and Poultry,"Chicken Egg (White, Jumbo) - 71> grams/pc",
2026-02-10,130000000,MEGA Q MART,Meat and Poultry,"Chicken Egg (White, Jumbo) - 71> grams/pc",
2026-02-10,130000000,PAMILIHANG LUNGSOD NG MUNTINLUPA,Meat and Poultry,"Chicken Egg (White, Jumbo) - 71> grams/pc",10.0
2026-02-10,130000000,MALABON CENTRAL MARKET,Meat and Poultry,"Chicken Egg (White, Jumbo) - 71> grams/pc",
2026-02-10,130000000,PRITIL MARKET,Meat and Poultry,"Chicken Egg (White, Jumbo) - 71> grams/pc",10.0
2026-02-10,130000000,MAYPAJO PUBLIC MARKET,Meat and Poultry,"Chicken Egg (White, Jumbo) - 71> grams/pc",
2026-02-10,130000000,PACO MARKET,Meat and Poultry,"Chicken Egg (White, Jumbo) - 71> grams/pc",
2026-02-10,130000000,DAGONOY MARKET,Meat and Poultry,"Chicken Egg (White, Jumbo) - 71> grams/pc",
2026-02-10,130000000,TRABAJO MARKET,Meat and Poultry,"Chicken Egg (White, Jumbo) - 71> grams/pc",
2026-02-10,130000000,BLUMENTRITT MARKET,Meat and Poultry,"Chicken Egg (White, Jumbo) - 71> grams/pc",
2026-02-10,130000000,MANDALUYONG PUBLIC MARKET I,Meat and Poultry,"Chicken Egg (White, Jumbo) - 71> grams/pc",
2026-02-10,130000000,NAVOTAS AGORA MARKET,Meat and Poultry,"Chicken Egg (White, Jumbo) - 71> grams/pc",9.0
2026-02-10,130000000,LA HUERTA MARKET,Meat and Poultry,"Chicken Egg (White, Jumbo) - 71> grams/pc",
2026-02-10,130000000,CARTIMAR MARKET,Meat and Poultry,"Chicken Egg (White, Jumbo) - 71> grams/pc",
2026-02-10,130000000,GRACE MARKETPLACE (PATEROS),Meat and Poultry,"Chicken Egg (White, Jumbo) - 71> grams/pc",
2026-02-10,130000000,MURPHY MARKET,Meat and Poultry,"Chicken Egg (White, Jumbo) - 71> grams/pc",10.0
2026-02-10,130000000,KAMUNING MARKET,Meat and Poultry,"Chicken Egg (White, Jumbo) - 71> grams/pc",
2026-02-10,130000000,AGORA PUBLIC MARKET (SAN JUAN),Meat and Poultry,"Chicken Egg (White, Jumbo) - 71> grams/pc",
2026-02-10,130000000,BICUTAN MARKET,Meat and Poultry,"Chicken Egg (White, Jumbo) - 71> grams/pc",
2026-02-10,130000000,TAGUIG PEOPLE'S MARKET,Meat and Poultry,"Chicken Egg (White, Jumbo) - 71> grams/pc",
2026-02-10,130000000,NEW MARULAS PUBLIC MARKET,Meat and Poultry,"Chicken Egg (White, Jumbo) - 71> grams/pc",
2026-02-10,130000000,BALINTAWAK MARKET (CLOVERLEAF),Meat and Poultry,"Chicken Egg (White, Jumbo) - 71> grams/pc",
2026-02-10,130000000,FARMERS MARKET,Meat and Poultry,"Chicken Egg (White, Jumbo) - 71> grams/pc",
2026-02-10,130000000,COMMONWEALTH MARKET,Meat and Poultry,"Chicken Egg (Brown, Medium) - Medium",
2026-02-10,130000000,GUADALUPE PUBLIC MARKET,Meat and Poultry,"Chicken Egg (Brown, Medium) - Medium",12.0
2026-02-10,130000000,NEW LAS PINAS CITY PUBLIC MARKET,Meat and Poultry,"Chicken Egg (Brown, Medium) - Medium",
2026-02-10,130000000,MARIKINA PUBLIC MARKET,Meat and Poultry,"Chicken Egg (Brown, Medium) - Medium",
2026-02-10,130000000,MUNOZ MARKET,Meat and Poultry,"Chicken Egg (Brown, Medium) - Medium",10.0
2026-02-10,130000000,PASAY CITY MARKET,Meat and Poultry,"Chicken Egg (Brown, Medium) - Medium",
2026-02-10,130000000,MUTYA NG PASIG MEGA MARKET,Meat and Poultry,"Chicken Egg (Brown, Medium) - Medium",
2026-02-10,130000000,QUINTA MARKET,Meat and Poultry,"Chicken Egg (Brown, Medium) - Medium",
2026-02-10,130000000,SAN ANDRES MARKET,Meat and Poultry,"Chicken Egg (Brown, Medium) - Medium",
2026-02-10,130000000,MEGA Q MART,Meat and Poultry,"Chicken Egg (Brown, Medium) - Medium",
2026-02-10,130000000,PAMILIHANG LUNGSOD NG MUNTINLUPA,Meat and Poultry,"Chicken Egg (Brown, Medium) - Medium",
2026-02-10,130000000,MALABON CENTRAL MARKET,Meat and Poultry,"Chicken Egg (Brown, Medium) - Medium",
2026-02-10,130000000,PRITIL MARKET,Meat and Poultry,"Chicken Egg (Brown, Medium) - Medium",
2026-02-10,130000000,MAYPAJO PUBLIC MARKET,Meat and Poultry,"Chicken Egg (Brown, Medium) - Medium",
2026-02-10,130000000,PACO MARKET,Meat and Poultry,"Chicken Egg (Brown, Medium) - Medium",
2026-02-10,130000000,DAGONOY MARKET,Meat and Poultry,"Chicken Egg (Brown, Medium) - Medium",
2026-02-10,130000000,TRABAJO MARKET,Meat and Poultry,"Chicken Egg (Brown, Medium) - Medium",
2026-02-10,130000000,BLUMENTRITT MARKET,Meat and Poultry,"Chicken Egg (Brown, Medium) - Medium",
2026-02-10,130000000,MANDALUYONG PUBLIC MARKET I,Meat and Poultry,"Chicken Egg (Brown, Medium) - Medium",
2026-02-10,130000000,NAVOTAS AGORA MARKET,Meat and Poultry,"Chicken Egg (Brown, Medium) - Medium",
2026-02-10,130000000,LA HUERTA MARKET,Meat and Poultry,"Chicken Egg (Brown, Medium) - Medium",
2026-02-10,130000000,CARTIMAR MARKET,Meat and Poultry,"Chicken Egg (Brown, Medium) - Medium",
2026-02-10,130000000,GRACE MARKETPLACE (PATEROS),Meat and Poultry,"Chicken Egg (Brown, Medium) - Medium",
2026-02-10,130000000,MURPHY MARKET,Meat and Poultry,"Chicken Egg (Brown, Medium) - Medium",
2026-02-10,130000000,KAMUNING MARKET,Meat and Poultry,"Chicken Egg (Brown, Medium) - Medium",
2026-02-10,130000000,AGORA PUBLIC MARKET (SAN JUAN),Meat and Poultry,"Chicken Egg (Brown, Medium) - Medium",
2026-02-10,130000000,BICUTAN MARKET,Meat and Poultry,"Chicken Egg (Brown, Medium) - Medium",
2026-02-10,130000000,TAGUIG PEOPLE'S MARKET,Meat and Poultry,"Chicken Egg (Brown, Medium) - Medium",
2026-02-10,130000000,NEW MARULAS PUBLIC MARKET,Meat and Poultry,"Chicken Egg (Brown, Medium) - Medium",
2026-02-10,130000000,BALINTAWAK MARKET (CLOVERLEAF),Meat and Poultry,"Chicken Egg (Brown, Medium) - Medium",
2026-02-10,130000000,FARMERS MARKET,Meat and Poultry,"Chicken Egg (Brown, Medium) - Medium",
2026-02-10,130000000,COMMONWEALTH MARKET,Meat and Poultry,"Chicken Egg (Brown, Large) - Large",
2026-02-10,130000000,GUADALUPE PUBLIC MARKET,Meat and Poultry,"Chicken Egg (Brown, Large) - Large",
2026-02-10,130000000,NEW LAS PINAS CITY PUBLIC MARKET,Meat and Poultry,"Chicken Egg (Brown, Large) - Large",
2026-02-10,130000000,MARIKINA PUBLIC MARKET,Meat and Poultry,"Chicken Egg (Brown, Large) - Large",
2026-02-10,130000000,MUNOZ MARKET,Meat and Poultry,"Chicken Egg (Brown, Large) - Large",
2026-02-10,130000000,PASAY CITY MARKET,Meat and Poultry,"Chicken Egg (Brown, Large) - Large",
2026-02-10,130000000,MUTYA NG PASIG MEGA MARKET,Meat and Poultry,"Chicken Egg (Brown, Large) - Large",
2026-02-10,130000000,QUINTA MARKET,Meat and Poultry,"Chicken Egg (Brown, Large) - Large",
2026-02-10,130000000,SAN ANDRES MARKET,Meat and Poultry,"Chicken Egg (Brown, Large) - Large",
2026-02-10,130000000,MEGA Q MART,Meat and Poultry,"Chicken Egg (Brown, Large) - Large",
2026-02-10,130000000,PAMILIHANG LUNGSOD NG MUNTINLUPA,Meat and Poultry,"Chicken Egg (Brown, Large) - Large",
2026-02-10,130000000,MALABON CENTRAL MARKET,Meat and Poultry,"Chicken Egg (Brown, Large) - Large",
2026-02-10,130000000,PRITIL MARKET,Meat and Poultry,"Chicken Egg (Brown, Large) - Large",
2026-02-10,130000000,MAYPAJO PUBLIC MARKET,Meat and Poultry,"Chicken Egg (Brown, Large) - Large",
2026-02-10,130000000,PACO MARKET,Meat and Poultry,"Chicken Egg (Brown, Large) - Large",
2026-02-10,130000000,DAGONOY MARKET,Meat and Poultry,"Chicken Egg (Brown, Large) - Large",
2026-02-10,130000000,TRABAJO MARKET,Meat and Poultry,"Chicken Egg (Brown, Large) - Large",
2026-02-10,130000000,BLUMENTRITT MARKET,Meat and Poultry,"Chicken Egg (Brown, Large) - Large",
2026-02-10,130000000,MANDALUYONG PUBLIC MARKET I,Meat and Poultry,"Chicken Egg (Brown, Large) - Large",
2026-02-10,130000000,NAVOTAS AGORA MARKET,Meat and Poultry,"Chicken Egg (Brown, Large) - Large",
2026-02-10,130000000,LA HUERTA MARKET,Meat and Poultry,"Chicken Egg (Brown, Large) - Large",
2026-02-10,130000000,CARTIMAR MARKET,Meat and Poultry,"Chicken Egg (Brown, Large) - Large",
2026-02-10,130000000,GRACE MARKETPLACE (PATEROS),Meat and Poultry,"Chicken Egg (Brown, Large) - Large",
2026-02-10,130000000,MURPHY MARKET,Meat and Poultry,"Chicken Egg (Brown, Large) - Large",
2026-02-10,130000000,KAMUNING MARKET,Meat and Poultry,"Chicken Egg (Brown, Large) - Large",
2026-02-10,130000000,AGORA PUBLIC MARKET (SAN JUAN),Meat and Poultry,"Chicken Egg (Brown, Large) - Large",
2026-02-10,130000000,BICUTAN MARKET,Meat and Poultry,"Chicken Egg (Brown, Large) - Large",
2026-02-10,130000000,TAGUIG PEOPLE'S MARKET,Meat and Poultry,"Chicken Egg (Brown, Large) - Large",
2026-02-10,130000000,NEW MARULAS PUBLIC MARKET,Meat and Poultry,"Chicken Egg (Brown, Large) - Large",
2026-02-10,130000000,BALINTAWAK MARKET (CLOVERLEAF),Meat and Poultry,"Chicken Egg (Brown, Large) - Large",
2026-02-10,130000000,FARMERS MARKET,Meat and Poultry,"Chicken Egg (Brown, Large) - Large",
2026-02-10,130000000,COMMONWEALTH MARKET,Meat and Poultry,"Chicken Egg (Brown, Extra Large) - Extra Large",
2026-02-10,130000000,GUADALUPE PUBLIC MARKET,Meat and Poultry,"Chicken Egg (Brown, Extra Large) - Extra Large",
2026-02-10,130000000,NEW LAS PINAS CITY PUBLIC MARKET,Meat and Poultry,"Chicken Egg (Brown, Extra Large) - Extra Large",
2026-02-10,130000000,MARIKINA PUBLIC MARKET,Meat and Poultry,"Chicken Egg (Brown, Extra Large) - Extra Large",
2026-02-10,130000000,MUNOZ MARKET,Meat and Poultry,"Chicken Egg (Brown, Extra Large) - Extra Large",
2026-02-10,130000000,PASAY CITY MARKET,Meat and Poultry,"Chicken Egg (Brown, Extra Large) - Extra Large",
2026-02-10,130000000,MUTYA NG PASIG MEGA MARKET,Meat and Poultry,"Chicken Egg (Brown, Extra Large) - Extra Large",
2026-02-10,130000000,QUINTA MARKET,Meat and Poultry,"Chicken Egg (Brown, Extra Large) - Extra Large",
2026-02-10,130000000,SAN ANDRES MARKET,Meat and Poultry,"Chicken Egg (Brown, Extra Large) - Extra Large",
2026-02-10,130000000,MEGA Q MART,Meat and Poultry,"Chicken Egg (Brown, Extra Large) - Extra Large",
2026-02-10,130000000,PAMILIHANG LUNGSOD NG MUNTINLUPA,Meat and Poultry,"Chicken Egg (Brown, Extra Large) - Extra Large",
2026-02-10,130000000,MALABON CENTRAL MARKET,Meat and Poultry,"Chicken Egg (Brown, Extra Large) - Extra Large",
2026-02-10,130000000,PRITIL MARKET,Meat and Poultry,"Chicken Egg (Brown, Extra Large) - Extra Large",
2026-02-10,130000000,MAYPAJO PUBLIC MARKET,Meat and Poultry,"Chicken Egg (Brown, Extra Large) - Extra Large",
2026-02-10,130000000,PACO MARKET,Meat and Poultry,"Chicken Egg (Brown, Extra Large) - Extra Large",
2026-02-10,130000000,DAGONOY MARKET,Meat and Poultry,"Chicken Egg (Brown, Extra Large) - Extra Large",
2026-02-10,130000000,TRABAJO MARKET,Meat and Poultry,"Chicken Egg (Brown, Extra Large) - Extra Large",
2026-02-10,130000000,BLUMENTRITT MARKET,Meat and Poultry,"Chicken Egg (Brown, Extra Large) - Extra Large",
2026-02-10,130000000,MANDALUYONG PUBLIC MARKET I,Meat and Poultry,"Chicken Egg (Brown, Extra Large) - Extra Large",
2026-02-10,130000000,NAVOTAS AGORA MARKET,Meat and Poultry,"Chicken Egg (Brown, Extra Large) - Extra Large",
2026-02-10,130000000,LA HUERTA MARKET,Meat and Poultry,"Chicken Egg (Brown, Extra Large) - Extra Large",
2026-02-10,130000000,CARTIMAR MARKET,Meat and Poultry,"Chicken Egg (Brown, Extra Large) - Extra Large",
2026-02-10,130000000,GRACE MARKETPLACE (PATEROS),Meat and Poultry,"Chicken Egg (Brown, Extra Large) - Extra Large",
2026-02-10,130000000,MURPHY MARKET,Meat and Poultry,"Chicken Egg (Brown, Extra Large) - Extra Large",
2026-02-10,130000000,KAMUNING MARKET,Meat and Poultry,"Chicken Egg (Brown, Extra Large) - Extra Large",
2026-02-10,130000000,AGORA PUBLIC MARKET (SAN JUAN),Meat and Poultry,"Chicken Egg (Brown, Extra Large) - Extra Large",
2026-02-10,130000000,BICUTAN MARKET,Meat and Poultry,"Chicken Egg (Brown, Extra Large) - Extra Large",
2026-02-10,130000000,TAGUIG PEOPLE'S MARKET,Meat and Poultry,"Chicken Egg (Brown, Extra Large) - Extra Large",
2026-02-10,130000000,NEW MARULAS PUBLIC MARKET,Meat and Poultry,"Chicken Egg (Brown, Extra Large) - Extra Large",
2026-02-10,130000000,BALINTAWAK MARKET (CLOVERLEAF),Meat and Poultry,"Chicken Egg (Brown, Extra Large) - Extra Large",
2026-02-10,130000000,FARMERS MARKET,Meat and Poultry,"Chicken Egg (Brown, Extra Large) - Extra Large",
2026-02-10,130000000,COMMONWEALTH MARKET,Spices,Garlic(Imported) - KG,
2026-02-10,130000000,GUADALUPE PUBLIC MARKET,Spices,Garlic(Imported) - KG,140.0
2026-02-10,130000000,NEW LAS PINAS CITY PUBLIC MARKET,Spices,Garlic(Imported) - KG,145.0
2026-02-10,130000000,MARIKINA PUBLIC MARKET,Spices,Garlic(Imported) - KG,180.0
2026-02-10,130000000,MUNOZ MARKET,Spices,Garlic(Imported) - KG,150.0
2026-02-10,130000000,PASAY CITY MARKET,Spices,Garlic(Imported) - KG,130.0
2026-02-10,130000000,MUTYA NG PASIG MEGA MARKET,Spices,Garlic(Imported) - KG,
2026-02-10,130000000,QUINTA MARKET,Spices,Garlic(Imported) - KG,160.0
2026-02-10,130000000,SAN ANDRES MARKET,Spices,Garlic(Imported) - KG,
2026-02-10,130000000,MEGA Q MART,Spices,Garlic(Imported) - KG,140.0
2026-02-10,130000000,PAMILIHANG LUNGSOD NG MUNTINLUPA,Spices,Garlic(Imported) - KG,150.0
2026-02-10,130000000,MALABON CENTRAL MARKET,Spices,Garlic(Imported) - KG,
2026-02-10,130000000,PRITIL MARKET,Spices,Garlic(Imported) - KG,160.0
2026-02-10,130000000,MAYPAJO PUBLIC MARKET,Spices,Garlic(Imported) - KG,160.0
2026-02-10,130000000,PACO MARKET,Spices,Garlic(Imported) - KG,
2026-02-10,130000000,DAGONOY MARKET,Spices,Garlic(Imported) - KG,150.0
2026-02-10,130000000,TRABAJO MARKET,Spices,Garlic(Imported) - KG,140.0
2026-02-10,130000000,BLUMENTRITT MARKET,Spices,Garlic(Imported) - KG,
2026-02-10,130000000,MANDALUYONG PUBLIC MARKET I,Spices,Garlic(Imported) - KG,
2026-02-10,130000000,NAVOTAS AGORA MARKET,Spices,Garlic(Imported) - KG,160.0
2026-02-10,130000000,LA HUERTA MARKET,Spices,Garlic(Imported) - KG,
2026-02-10,130000000,CARTIMAR MARKET,Spices,Garlic(Imported) - KG,
2026-02-10,130000000,GRACE MARKETPLACE (PATEROS),Spices,Garlic(Imported) - KG,170.0
2026-02-10,130000000,MURPHY MARKET,Spices,Garlic(Imported) - KG,170.0
2026-02-10,130000000,KAMUNING MARKET,Spices,Garlic(Imported) - KG,160.0
2026-02-10,130000000,AGORA PUBLIC MARKET (SAN JUAN),Spices,Garlic(Imported) - KG,
2026-02-10,130000000,BICUTAN MARKET,Spices,Garlic(Imported) - KG,
2026-02-10,130000000,TAGUIG PEOPLE'S MARKET,Spices,Garlic(Imported) - KG,
2026-02-10,130000000,NEW MARULAS PUBLIC MARKET,Spices,Garlic(Imported) - KG,
2026-02-10,130000000,BALINTAWAK MARKET (CLOVERLEAF),Spices,Garlic(Imported) - KG,
2026-02-10,130000000,FARMERS MARKET,Spices,Garlic(Imported) - KG,
2026-02-10,130000000,COMMONWEALTH MARKET,Spices,Garlic(Native) - KG,
2026-02-10,130000000,GUADALUPE PUBLIC MARKET,Spices,Garlic(Native) - KG,
2026-02-10,130000000,NEW LAS PINAS CITY PUBLIC MARKET,Spices,Garlic(Native) - KG,
2026-02-10,130000000,MARIKINA PUBLIC MARKET,Spices,Garlic(Native) - KG,
2026-02-10,130000000,MUNOZ MARKET,Spices,Garlic(Native) - KG,
2026-02-10,130000000,PASAY CITY MARKET,Spices,Garlic(Native) - KG,
2026-02-10,130000000,MUTYA NG PASIG MEGA MARKET,Spices,Garlic(Native) - KG,
2026-02-10,130000000,QUINTA MARKET,Spices,Garlic(Native) - KG,
2026-02-10,130000000,SAN ANDRES MARKET,Spices,Garlic(Native) - KG,
2026-02-10,130000000,MEGA Q MART,Spices,Garlic(Native) - KG,
2026-02-10,130000000,PAMILIHANG LUNGSOD NG MUNTINLUPA,Spices,Garlic(Native) - KG,
2026-02-10,130000000,MALABON CENTRAL MARKET,Spices,Garlic(Native) - KG,
2026-02-10,130000000,PRITIL MARKET,Spices,Garlic(Native) - KG,
2026-02-10,130000000,MAYPAJO PUBLIC MARKET,Spices,Garlic(Native) - KG,
2026-02-10,130000000,PACO MARKET,Spices,Garlic(Native) - KG,
2026-02-10,130000000,DAGONOY MARKET,Spices,Garlic(Native) - KG,
2026-02-10,130000000,TRABAJO MARKET,Spices,Garlic(Native) - KG,
2026-02-10,130000000,BLUMENTRITT MARKET,Spices,Garlic(Native) - KG,
2026-02-10,130000000,MANDALUYONG PUBLIC MARKET I,Spices,Garlic(Native) - KG,
2026-02-10,130000000,NAVOTAS AGORA MARKET,Spices,Garlic(Native) - KG,
2026-02-10,130000000,LA HUERTA MARKET,Spices,Garlic(Native) - KG,
2026-02-10,130000000,CARTIMAR MARKET,Spices,Garlic(Native) - KG,
2026-02-10,130000000,GRACE MARKETPLACE (PATEROS),Spices,Garlic(Native) - KG,
2026-02-10,130000000,MURPHY MARKET,Spices,Garlic(Native) - KG,
2026-02-10,130000000,KAMUNING MARKET,Spices,Garlic(Native) - KG,
2026-02-10,130000000,AGORA PUBLIC MARKET (SAN JUAN),Spices,Garlic(Native) - KG,
2026-02-10,130000000,BICUTAN MARKET,Spices,Garlic(Native) - KG,
2026-02-10,130000000,TAGUIG PEOPLE'S MARKET,Spices,Garlic(Native) - KG,
2026-02-10,130000000,NEW MARULAS PUBLIC MARKET,Spices,Garlic(Native) - KG,
2026-02-10,130000000,BALINTAWAK MARKET (CLOVERLEAF),Spices,Garlic(Native) - KG,
2026-02-10,130000000,FARMERS MARKET,Spices,Garlic(Native) - KG,
2026-02-10,130000000,COMMONWEALTH MARKET,Spices,"Ginger - FAIRLY WELL-MATURED, MEDIUM (150-300 GM)",
2026-02-10,130000000,GUADALUPE PUBLIC MARKET,Spices,"Ginger - FAIRLY WELL-MATURED, MEDIUM (150-300 GM)",150.0
2026-02-10,130000000,NEW LAS PINAS CITY PUBLIC MARKET,Spices,"Ginger - FAIRLY WELL-MATURED, MEDIUM (150-300 GM)",170.0
2026-02-10,130000000,MARIKINA PUBLIC MARKET,Spices,"Ginger - FAIRLY WELL-MATURED, MEDIUM (150-300 GM)",170.0
2026-02-10,130000000,MUNOZ MARKET,Spices,"Ginger - FAIRLY WELL-MATURED, MEDIUM (150-300 GM)",120.0
2026-02-10,130000000,PASAY CITY MARKET,Spices,"Ginger - FAIRLY WELL-MATURED, MEDIUM (150-300 GM)",140.0
2026-02-10,130000000,MUTYA NG PASIG MEGA MARKET,Spices,"Ginger - FAIRLY WELL-MATURED, MEDIUM (150-300 GM)",
2026-02-10,130000000,QUINTA MARKET,Spices,"Ginger - FAIRLY WELL-MATURED, MEDIUM (150-300 GM)",160.0
2026-02-10,130000000,SAN ANDRES MARKET,Spices,"Ginger - FAIRLY WELL-MATURED, MEDIUM (150-300 GM)",
2026-02-10,130000000,MEGA Q MART,Spices,"Ginger - FAIRLY WELL-MATURED, MEDIUM (150-300 GM)",160.0
2026-02-10,130000000,PAMILIHANG LUNGSOD NG MUNTINLUPA,Spices,"Ginger - FAIRLY WELL-MATURED, MEDIUM (150-300 GM)",150.0
2026-02-10,130000000,MALABON CENTRAL MARKET,Spices,"Ginger - FAIRLY WELL-MATURED, MEDIUM (150-300 GM)",
2026-02-10,130000000,PRITIL MARKET,Spices,"Ginger - FAIRLY WELL-MATURED, MEDIUM (150-300 GM)",
2026-02-10,130000000,MAYPAJO PUBLIC MARKET,Spices,"Ginger - FAIRLY WELL-MATURED, MEDIUM (150-300 GM)",
2026-02-10,130000000,PACO MARKET,Spices,"Ginger - FAIRLY WELL-MATURED, MEDIUM (150-300 GM)",
2026-02-10,130000000,DAGONOY MARKET,Spices,"Ginger - FAIRLY WELL-MATURED, MEDIUM (150-300 GM)",200.0
2026-02-10,130000000,TRABAJO MARKET,Spices,"Ginger - FAIRLY WELL-MATURED, MEDIUM (150-300 GM)",120.0
2026-02-10,130000000,BLUMENTRITT MARKET,Spices,"Ginger - FAIRLY WELL-MATURED, MEDIUM (150-300 GM)",
2026-02-10,130000000,MANDALUYONG PUBLIC MARKET I,Spices,"Ginger - FAIRLY WELL-MATURED, MEDIUM (150-300 GM)",
2026-02-10,130000000,NAVOTAS AGORA MARKET,Spices,"Ginger - FAIRLY WELL-MATURED, MEDIUM (150-300 GM)",160.0
2026-02-10,130000000,LA HUERTA MARKET,Spices,"Ginger - FAIRLY WELL-MATURED, MEDIUM (150-300 GM)",
2026-02-10,130000000,CARTIMAR MARKET,Spices,"Ginger - FAIRLY WELL-MATURED, MEDIUM (150-300 GM)",
2026-02-10,130000000,GRACE MARKETPLACE (PATEROS),Spices,"Ginger - FAIRLY WELL-MATURED, MEDIUM (150-300 GM)",180.0
2026-02-10,130000000,MURPHY MARKET,Spices,"Ginger - FAIRLY WELL-MATURED, MEDIUM (150-300 GM)",150.0
2026-02-10,130000000,KAMUNING MARKET,Spices,"Ginger - FAIRLY WELL-MATURED, MEDIUM (150-300 GM)",160.0
2026-02-10,130000000,AGORA PUBLIC MARKET (SAN JUAN),Spices,"Ginger - FAIRLY WELL-MATURED, MEDIUM (150-300 GM)",
2026-02-10,130000000,BICUTAN MARKET,Spices,"Ginger - FAIRLY WELL-MATURED, MEDIUM (150-300 GM)",
2026-02-10,130000000,TAGUIG PEOPLE'S MARKET,Spices,"Ginger - FAIRLY WELL-MATURED, MEDIUM (150-300 GM)",
2026-02-10,130000000,NEW MARULAS PUBLIC MARKET,Spices,"Ginger - FAIRLY WELL-MATURED, MEDIUM (150-300 GM)",
2026-02-10,130000000,BALINTAWAK MARKET (CLOVERLEAF),Spices,"Ginger - FAIRLY WELL-MATURED, MEDIUM (150-300 GM)",
2026-02-10,130000000,FARMERS MARKET,Spices,"Ginger - FAIRLY WELL-MATURED, MEDIUM (150-300 GM)",
2026-02-10,130000000,COMMONWEALTH MARKET,Spices,Red Onion - 13-15 PCS/KG,
2026-02-10,130000000,GUADALUPE PUBLIC MARKET,Spices,Red Onion - 13-15 PCS/KG,
2026-02-10,130000000,NEW LAS PINAS CITY PUBLIC MARKET,Spices,Red Onion - 13-15 PCS/KG,150.0
2026-02-10,130000000,MARIKINA PUBLIC MARKET,Spices,Red Onion - 13-15 PCS/KG,140.0
2026-02-10,130000000,MUNOZ MARKET,Spices,Red Onion - 13-15 PCS/KG,120.0
2026-02-10,130000000,PASAY CITY MARKET,Spices,Red Onion - 13-15 PCS/KG,
2026-02-10,130000000,MUTYA NG PASIG MEGA MARKET,Spices,Red Onion - 13-15 PCS/KG,
2026-02-10,130000000,QUINTA MARKET,Spices,Red Onion - 13-15 PCS/KG,
2026-02-10,130000000,SAN ANDRES MARKET,Spices,Red Onion - 13-15 PCS/KG,
2026-02-10,130000000,MEGA Q MART,Spices,Red Onion - 13-15 PCS/KG,
2026-02-10,130000000,PAMILIHANG LUNGSOD NG MUNTINLUPA,Spices,Red Onion - 13-15 PCS/KG,140.0
2026-02-10,130000000,MALABON CENTRAL MARKET,Spices,Red Onion - 13-15 PCS/KG,
2026-02-10,130000000,PRITIL MARKET,Spices,Red Onion - 13-15 PCS/KG,150.0
2026-02-10,130000000,MAYPAJO PUBLIC MARKET,Spices,Red Onion - 13-15 PCS/KG,
2026-02-10,130000000,PACO MARKET,Spices,Red Onion - 13-15 PCS/KG,
2026-02-10,130000000,DAGONOY MARKET,Spices,Red Onion - 13-15 PCS/KG,130.0
2026-02-10,130000000,TRABAJO MARKET,Spices,Red Onion - 13-15 PCS/KG,
2026-02-10,130000000,BLUMENTRITT MARKET,Spices,Red Onion - 13-15 PCS/KG,
2026-02-10,130000000,MANDALUYONG PUBLIC MARKET I,Spices,Red Onion - 13-15 PCS/KG,
2026-02-10,130000000,NAVOTAS AGORA MARKET,Spices,Red Onion - 13-15 PCS/KG,140.0
2026-02-10,130000000,LA HUERTA MARKET,Spices,Red Onion - 13-15 PCS/KG,
2026-02-10,130000000,CARTIMAR MARKET,Spices,Red Onion - 13-15 PCS/KG,
2026-02-10,130000000,GRACE MARKETPLACE (PATEROS),Spices,Red Onion - 13-15 PCS/KG,
2026-02-10,130000000,MURPHY MARKET,Spices,Red Onion - 13-15 PCS/KG,
2026-02-10,130000000,KAMUNING MARKET,Spices,Red Onion - 13-15 PCS/KG,
2026-02-10,130000000,AGORA PUBLIC MARKET (SAN JUAN),Spices,Red Onion - 13-15 PCS/KG,
2026-02-10,130000000,BICUTAN MARKET,Spices,Red Onion - 13-15 PCS/KG,
2026-02-10,130000000,TAGUIG PEOPLE'S MARKET,Spices,Red Onion - 13-15 PCS/KG,
2026-02-10,130000000,NEW MARULAS PUBLIC MARKET,Spices,Red Onion - 13-15 PCS/KG,
2026-02-10,130000000,BALINTAWAK MARKET (CLOVERLEAF),Spices,Red Onion - 13-15 PCS/KG,
2026-02-10,130000000,FARMERS MARKET,Spices,Red Onion - 13-15 PCS/KG,
2026-02-10,130000000,COMMONWEALTH MARKET,Spices,Red Onion (Imported) - KG,
2026-02-10,130000000,GUADALUPE PUBLIC MARKET,Spices,Red Onion (Imported) - KG,120.0
2026-02-10,130000000,NEW LAS PINAS CITY PUBLIC MARKET,Spices,Red Onion (Imported) - KG,140.0
2026-02-10,130000000,MARIKINA PUBLIC MARKET,Spices,Red Onion (Imported) - KG,
2026-02-10,130000000,MUNOZ MARKET,Spices,Red Onion (Imported) - KG,100.0
2026-02-10,130000000,PASAY CITY MARKET,Spices,Red Onion (Imported) - KG,100.0
2026-02-10,130000000,MUTYA NG PASIG MEGA MARKET,Spices,Red Onion (Imported) - KG,
2026-02-10,130000000,QUINTA MARKET,Spices,Red Onion (Imported) - KG,140.0
2026-02-10,130000000,SAN ANDRES MARKET,Spices,Red Onion (Imported) - KG,
2026-02-10,130000000,MEGA Q MART,Spices,Red Onion (Imported) - KG,
2026-02-10,130000000,PAMILIHANG LUNGSOD NG MUNTINLUPA,Spices,Red Onion (Imported) - KG,120.0
2026-02-10,130000000,MALABON CENTRAL MARKET,Spices,Red Onion (Imported) - KG,
2026-02-10,130000000,PRITIL MARKET,Spices,Red Onion (Imported) - KG,
2026-02-10,130000000,MAYPAJO PUBLIC MARKET,Spices,Red Onion (Imported) - KG,
2026-02-10,130000000,PACO MARKET,Spices,Red Onion (Imported) - KG,
2026-02-10,130000000,DAGONOY MARKET,Spices,Red Onion (Imported) - KG,
2026-02-10,130000000,TRABAJO MARKET,Spices,Red Onion (Imported) - KG,
2026-02-10,130000000,BLUMENTRITT MARKET,Spices,Red Onion (Imported) - KG,
2026-02-10,130000000,MANDALUYONG PUBLIC MARKET I,Spices,Red Onion (Imported) - KG,
2026-02-10,130000000,NAVOTAS AGORA MARKET,Spices,Red Onion (Imported) - KG,
2026-02-10,130000000,LA HUERTA MARKET,Spices,Red Onion (Imported) - KG,
2026-02-10,130000000,CARTIMAR MARKET,Spices,Red Onion (Imported) - KG,
2026-02-10,130000000,GRACE MARKETPLACE (PATEROS),Spices,Red Onion (Imported) - KG,200.0
2026-02-10,130000000,MURPHY MARKET,Spices,Red Onion (Imported) - KG,150.0
2026-02-10,130000000,KAMUNING MARKET,Spices,Red Onion (Imported) - KG,120.0
2026-02-10,130000000,AGORA PUBLIC MARKET (SAN JUAN),Spices,Red Onion (Imported) - KG,
2026-02-10,130000000,BICUTAN MARKET,Spices,Red Onion (Imported) - KG,
2026-02-10,130000000,TAGUIG PEOPLE'S MARKET,Spices,Red Onion (Imported) - KG,
2026-02-10,130000000,NEW MARULAS PUBLIC MARKET,Spices,Red Onion (Imported) - KG,
2026-02-10,130000000,BALINTAWAK MARKET (CLOVERLEAF),Spices,Red Onion (Imported) - KG,
2026-02-10,130000000,FARMERS MARKET,Spices,Red Onion (Imported) - KG,
2026-02-10,130000000,COMMONWEALTH MARKET,Spices,White Onion - KG,
2026-02-10,130000000,GUADALUPE PUBLIC MARKET,Spices,White Onion - KG,
2026-02-10,130000000,NEW LAS PINAS CITY PUBLIC MARKET,Spices,White Onion - KG,
2026-02-10,130000000,MARIKINA PUBLIC MARKET,Spices,White Onion - KG,
2026-02-10,130000000,MUNOZ MARKET,Spices,White Onion - KG,100.0
2026-02-10,130000000,PASAY CITY MARKET,Spices,White Onion - KG,
2026-02-10,130000000,MUTYA NG PASIG MEGA MARKET,Spices,White Onion - KG,
2026-02-10,130000000,QUINTA MARKET,Spices,White Onion - KG,
2026-02-10,130000000,SAN ANDRES MARKET,Spices,White Onion - KG,
2026-02-10,130000000,MEGA Q MART,Spices,White Onion - KG,
2026-02-10,130000000,PAMILIHANG LUNGSOD NG MUNTINLUPA,Spices,White Onion - KG,
2026-02-10,130000000,MALABON CENTRAL MARKET,Spices,White Onion - KG,
2026-02-10,130000000,PRITIL MARKET,Spices,White Onion - KG,140.0
2026-02-10,130000000,MAYPAJO PUBLIC MARKET,Spices,White Onion - KG,
2026-02-10,130000000,PACO MARKET,Spices,White Onion - KG,
2026-02-10,130000000,DAGONOY MARKET,Spices,White Onion - KG,
2026-02-10,130000000,TRABAJO MARKET,Spices,White Onion - KG,
2026-02-10,130000000,BLUMENTRITT MARKET,Spices,White Onion - KG,
2026-02-10,130000000,MANDALUYONG PUBLIC MARKET I,Spices,White Onion - KG,
2026-02-10,130000000,NAVOTAS AGORA MARKET,Spices,White Onion - KG,120.0
2026-02-10,130000000,LA HUERTA MARKET,Spices,White Onion - KG,
2026-02-10,130000000,CARTIMAR MARKET,Spices,White Onion - KG,
2026-02-10,130000000,GRACE MARKETPLACE (PATEROS),Spices,White Onion - KG,
2026-02-10,130000000,MURPHY MARKET,Spices,White Onion - KG,
2026-02-10,130000000,KAMUNING MARKET,Spices,White Onion - KG,
2026-02-10,130000000,AGORA PUBLIC MARKET (SAN JUAN),Spices,White Onion - KG,
2026-02-10,130000000,BICUTAN MARKET,Spices,White Onion - KG,
2026-02-10,130000000,TAGUIG PEOPLE'S MARKET,Spices,White Onion - KG,
2026-02-10,130000000,NEW MARULAS PUBLIC MARKET,Spices,White Onion - KG,
2026-02-10,130000000,BALINTAWAK MARKET (CLOVERLEAF),Spices,White Onion - KG,
2026-02-10,130000000,FARMERS MARKET,Spices,White Onion - KG,
2026-02-10,130000000,COMMONWEALTH MARKET,Spices,White Onion (Imported) - KG,
2026-02-10,130000000,GUADALUPE PUBLIC MARKET,Spices,White Onion (Imported) - KG,100.0
2026-02-10,130000000,NEW LAS PINAS CITY PUBLIC MARKET,Spices,White Onion (Imported) - KG,
2026-02-10,130000000,MARIKINA PUBLIC MARKET,Spices,White Onion (Imported) - KG,120.0
2026-02-10,130000000,MUNOZ MARKET,Spices,White Onion (Imported) - KG,100.0
2026-02-10,130000000,PASAY CITY MARKET,Spices,White Onion (Imported) - KG,
2026-02-10,130000000,MUTYA NG PASIG MEGA MARKET,Spices,White Onion (Imported) - KG,
2026-02-10,130000000,QUINTA MARKET,Spices,White Onion (Imported) - KG,120.0
2026-02-10,130000000,SAN ANDRES MARKET,Spices,White Onion (Imported) - KG,
2026-02-10,130000000,MEGA Q MART,Spices,White Onion (Imported) - KG,
2026-02-10,130000000,PAMILIHANG LUNGSOD NG MUNTINLUPA,Spices,White Onion (Imported) - KG,
2026-02-10,130000000,MALABON CENTRAL MARKET,Spices,White Onion (Imported) - KG,
2026-02-10,130000000,PRITIL MARKET,Spices,White Onion (Imported) - KG,
2026-02-10,130000000,MAYPAJO PUBLIC MARKET,Spices,White Onion (Imported) - KG,120.0
2026-02-10,130000000,PACO MARKET,Spices,White Onion (Imported) - KG,
2026-02-10,130000000,DAGONOY MARKET,Spices,White Onion (Imported) - KG,
2026-02-10,130000000,TRABAJO MARKET,Spices,White Onion (Imported) - KG,
2026-02-10,130000000,BLUMENTRITT MARKET,Spices,White Onion (Imported) - KG,
2026-02-10,130000000,MANDALUYONG PUBLIC MARKET I,Spices,White Onion (Imported) - KG,
2026-02-10,130000000,NAVOTAS AGORA MARKET,Spices,White Onion (Imported) - KG,
2026-02-10,130000000,LA HUERTA MARKET,Spices,White Onion (Imported) - KG,
2026-02-10,130000000,CARTIMAR MARKET,Spices,White Onion (Imported) - KG,
2026-02-10,130000000,GRACE MARKETPLACE (PATEROS),Spices,White Onion (Imported) - KG,180.0
2026-02-10,130000000,MURPHY MARKET,Spices,White Onion (Imported) - KG,150.0
2026-02-10,130000000,KAMUNING MARKET,Spices,White Onion (Imported) - KG,
2026-02-10,130000000,AGORA PUBLIC MARKET (SAN JUAN),Spices,White Onion (Imported) - KG,
2026-02-10,130000000,BICUTAN MARKET,Spices,White Onion (Imported) - KG,
2026-02-10,130000000,TAGUIG PEOPLE'S MARKET,Spices,White Onion (Imported) - KG,
2026-02-10,130000000,NEW MARULAS PUBLIC MARKET,Spices,White Onion (Imported) - KG,
2026-02-10,130000000,BALINTAWAK MARKET (CLOVERLEAF),Spices,White Onion (Imported) - KG,
2026-02-10,130000000,FARMERS MARKET,Spices,White Onion (Imported) - KG,
2026-02-10,130000000,COMMONWEALTH MARKET,Spices,Chili (Red) - KG,
2026-02-10,130000000,GUADALUPE PUBLIC MARKET,Spices,Chili (Red) - KG,200.0
2026-02-10,130000000,NEW LAS PINAS CITY PUBLIC MARKET,Spices,Chili (Red) - KG,350.0
2026-02-10,130000000,MARIKINA PUBLIC MARKET,Spices,Chili (Red) - KG,250.0
2026-02-10,130000000,MUNOZ MARKET,Spices,Chili (Red) - KG,300.0
2026-02-10,130000000,PASAY CITY MARKET,Spices,Chili (Red) - KG,150.0
2026-02-10,130000000,MUTYA NG PASIG MEGA MARKET,Spices,Chili (Red) - KG,
2026-02-10,130000000,QUINTA MARKET,Spices,Chili (Red) - KG,250.0
2026-02-10,130000000,SAN ANDRES MARKET,Spices,Chili (Red) - KG,
2026-02-10,130000000,MEGA Q MART,Spices,Chili (Red) - KG,250.0
2026-02-10,130000000,PAMILIHANG LUNGSOD NG MUNTINLUPA,Spices,Chili (Red) - KG,300.0
2026-02-10,130000000,MALABON CENTRAL MARKET,Spices,Chili (Red) - KG,
2026-02-10,130000000,PRITIL MARKET,Spices,Chili (Red) - KG,250.0
2026-02-10,130000000,MAYPAJO PUBLIC MARKET,Spices,Chili (Red) - KG,
2026-02-10,130000000,PACO MARKET,Spices,Chili (Red) - KG,
2026-02-10,130000000,DAGONOY MARKET,Spices,Chili (Red) - KG,300.0
2026-02-10,130000000,TRABAJO MARKET,Spices,Chili (Red) - KG,
2026-02-10,130000000,BLUMENTRITT MARKET,Spices,Chili (Red) - KG,
2026-02-10,130000000,MANDALUYONG PUBLIC MARKET I,Spices,Chili (Red) - KG,
2026-02-10,130000000,NAVOTAS AGORA MARKET,Spices,Chili (Red) - KG,
2026-02-10,130000000,LA HUERTA MARKET,Spices,Chili (Red) - KG,
2026-02-10,130000000,CARTIMAR MARKET,Spices,Chili (Red) - KG,
2026-02-10,130000000,GRACE MARKETPLACE (PATEROS),Spices,Chili (Red) - KG,
2026-02-10,130000000,MURPHY MARKET,Spices,Chili (Red) - KG,250.0
2026-02-10,130000000,KAMUNING MARKET,Spices,Chili (Red) - KG,200.0
2026-02-10,130000000,AGORA PUBLIC MARKET (SAN JUAN),Spices,Chili (Red) - KG,
2026-02-10,130000000,BICUTAN MARKET,Spices,Chili (Red) - KG,
2026-02-10,130000000,TAGUIG PEOPLE'S MARKET,Spices,Chili (Red) - KG,
2026-02-10,130000000,NEW MARULAS PUBLIC MARKET,Spices,Chili (Red) - KG,
2026-02-10,130000000,BALINTAWAK MARKET (CLOVERLEAF),Spices,Chili (Red) - KG,
2026-02-10,130000000,FARMERS MARKET,Spices,Chili (Red) - KG,
2026-02-10,130000000,COMMONWEALTH MARKET,Other Commodities,Cooking Oil Palm 1L - 1 LITER/BOTTLE,
2026-02-10,130000000,GUADALUPE PUBLIC MARKET,Other Commodities,Cooking Oil Palm 1L - 1 LITER/BOTTLE,85.0
2026-02-10,130000000,NEW LAS PINAS CITY PUBLIC MARKET,Other Commodities,Cooking Oil Palm 1L - 1 LITER/BOTTLE,100.0
2026-02-10,130000000,MARIKINA PUBLIC MARKET,Other Commodities,Cooking Oil Palm 1L - 1 LITER/BOTTLE,90.0
2026-02-10,130000000,MUNOZ MARKET,Other Commodities,Cooking Oil Palm 1L - 1 LITER/BOTTLE,85.0
2026-02-10,130000000,PASAY CITY MARKET,Other Commodities,Cooking Oil Palm 1L - 1 LITER/BOTTLE,100.0
2026-02-10,130000000,MUTYA NG PASIG MEGA MARKET,Other Commodities,Cooking Oil Palm 1L - 1 LITER/BOTTLE,
2026-02-10,130000000,QUINTA MARKET,Other Commodities,Cooking Oil Palm 1L - 1 LITER/BOTTLE,100.0
2026-02-10,130000000,SAN ANDRES MARKET,Other Commodities,Cooking Oil Palm 1L - 1 LITER/BOTTLE,
2026-02-10,130000000,MEGA Q MART,Other Commodities,Cooking Oil Palm 1L - 1 LITER/BOTTLE,85.0
2026-02-10,130000000,PAMILIHANG LUNGSOD NG MUNTINLUPA,Other Commodities,Cooking Oil Palm 1L - 1 LITER/BOTTLE,100.0
2026-02-10,130000000,MALABON CENTRAL MARKET,Other Commodities,Cooking Oil Palm 1L - 1 LITER/BOTTLE,
2026-02-10,130000000,PRITIL MARKET,Other Commodities,Cooking Oil Palm 1L - 1 LITER/BOTTLE,90.0
2026-02-10,130000000,MAYPAJO PUBLIC MARKET,Other Commodities,Cooking Oil Palm 1L - 1 LITER/BOTTLE,85.0
2026-02-10,130000000,PACO MARKET,Other Commodities,Cooking Oil Palm 1L - 1 LITER/BOTTLE,
2026-02-10,130000000,DAGONOY MARKET,Other Commodities,Cooking Oil Palm 1L - 1 LITER/BOTTLE,90.0
2026-02-10,130000000,TRABAJO MARKET,Other Commodities,Cooking Oil Palm 1L - 1 LITER/BOTTLE,90.0
2026-02-10,130000000,BLUMENTRITT MARKET,Other Commodities,Cooking Oil Palm 1L - 1 LITER/BOTTLE,
2026-02-10,130000000,MANDALUYONG PUBLIC MARKET I,Other Commodities,Cooking Oil Palm 1L - 1 LITER/BOTTLE,
2026-02-10,130000000,NAVOTAS AGORA MARKET,Other Commodities,Cooking Oil Palm 1L - 1 LITER/BOTTLE,85.0
2026-02-10,130000000,LA HUERTA MARKET,Other Commodities,Cooking Oil Palm 1L - 1 LITER/BOTTLE,
2026-02-10,130000000,CARTIMAR MARKET,Other Commodities,Cooking Oil Palm 1L - 1 LITER/BOTTLE,
2026-02-10,130000000,GRACE MARKETPLACE (PATEROS),Other Commodities,Cooking Oil Palm 1L - 1 LITER/BOTTLE,100.0
2026-02-10,130000000,MURPHY MARKET,Other Commodities,Cooking Oil Palm 1L - 1 LITER/BOTTLE,70.0
2026-02-10,130000000,KAMUNING MARKET,Other Commodities,Cooking Oil Palm 1L - 1 LITER/BOTTLE,80.0
2026-02-10,130000000,AGORA PUBLIC MARKET (SAN JUAN),Other Commodities,Cooking Oil Palm 1L - 1 LITER/BOTTLE,
2026-02-10,130000000,BICUTAN MARKET,Other Commodities,Cooking Oil Palm 1L - 1 LITER/BOTTLE,
2026-02-10,130000000,TAGUIG PEOPLE'S MARKET,Other Commodities,Cooking Oil Palm 1L - 1 LITER/BOTTLE,
2026-02-10,130000000,NEW MARULAS PUBLIC MARKET,Other Commodities,Cooking Oil Palm 1L - 1 LITER/BOTTLE,
2026-02-10,130000000,BALINTAWAK MARKET (CLOVERLEAF),Other Commodities,Cooking Oil Palm 1L - 1 LITER/BOTTLE,
2026-02-10,130000000,FARMERS MARKET,Other Commodities,Cooking Oil Palm 1L - 1 LITER/BOTTLE,
2026-02-10,130000000,COMMONWEALTH MARKET,Other Commodities,Cooking Oil Palm 350ML - 350 ML/BOTTLE,
2026-02-10,130000000,GUADALUPE PUBLIC MARKET,Other Commodities,Cooking Oil Palm 350ML - 350 ML/BOTTLE,35.0
2026-02-10,130000000,NEW LAS PINAS CITY PUBLIC MARKET,Other Commodities,Cooking Oil Palm 350ML - 350 ML/BOTTLE,37.0
2026-02-10,130000000,MARIKINA PUBLIC MARKET,Other Commodities,Cooking Oil Palm 350ML - 350 ML/BOTTLE,35.0
2026-02-10,130000000,MUNOZ MARKET,Other Commodities,Cooking Oil Palm 350ML - 350 ML/BOTTLE,40.0
2026-02-10,130000000,PASAY CITY MARKET,Other Commodities,Cooking Oil Palm 350ML - 350 ML/BOTTLE,
2026-02-10,130000000,MUTYA NG PASIG MEGA MARKET,Other Commodities,Cooking Oil Palm 350ML - 350 ML/BOTTLE,
2026-02-10,130000000,QUINTA MARKET,Other Commodities,Cooking Oil Palm 350ML - 350 ML/BOTTLE,40.0
2026-02-10,130000000,SAN ANDRES MARKET,Other Commodities,Cooking Oil Palm 350ML - 350 ML/BOTTLE,
2026-02-10,130000000,MEGA Q MART,Other Commodities,Cooking Oil Palm 350ML - 350 ML/BOTTLE,35.0
2026-02-10,130000000,PAMILIHANG LUNGSOD NG MUNTINLUPA,Other Commodities,Cooking Oil Palm 350ML - 350 ML/BOTTLE,35.0
2026-02-10,130000000,MALABON CENTRAL MARKET,Other Commodities,Cooking Oil Palm 350ML - 350 ML/BOTTLE,
2026-02-10,130000000,PRITIL MARKET,Other Commodities,Cooking Oil Palm 350ML - 350 ML/BOTTLE,35.0
2026-02-10,130000000,MAYPAJO PUBLIC MARKET,Other Commodities,Cooking Oil Palm 350ML - 350 ML/BOTTLE,
2026-02-10,130000000,PACO MARKET,Other Commodities,Cooking Oil Palm 350ML - 350 ML/BOTTLE,
2026-02-10,130000000,DAGONOY MARKET,Other Commodities,Cooking Oil Palm 350ML - 350 ML/BOTTLE,35.0
2026-02-10,130000000,TRABAJO MARKET,Other Commodities,Cooking Oil Palm 350ML - 350 ML/BOTTLE,40.0
2026-02-10,130000000,BLUMENTRITT MARKET,Other Commodities,Cooking Oil Palm 350ML - 350 ML/BOTTLE,
2026-02-10,130000000,MANDALUYONG PUBLIC MARKET I,Other Commodities,Cooking Oil Palm 350ML - 350 ML/BOTTLE,
2026-02-10,130000000,NAVOTAS AGORA MARKET,Other Commodities,Cooking Oil Palm 350ML - 350 ML/BOTTLE,
2026-02-10,130000000,LA HUERTA MARKET,Other Commodities,Cooking Oil Palm 350ML - 350 ML/BOTTLE,
2026-02-10,130000000,CARTIMAR MARKET,Other Commodities,Cooking Oil Palm 350ML - 350 ML/BOTTLE,
2026-02-10,130000000,GRACE MARKETPLACE (PATEROS),Other Commodities,Cooking Oil Palm 350ML - 350 ML/BOTTLE,
2026-02-10,130000000,MURPHY MARKET,Other Commodities,Cooking Oil Palm 350ML - 350 ML/BOTTLE,35.0
2026-02-10,130000000,KAMUNING MARKET,Other Commodities,Cooking Oil Palm 350ML - 350 ML/BOTTLE,35.0
2026-02-10,130000000,AGORA PUBLIC MARKET (SAN JUAN),Other Commodities,Cooking Oil Palm 350ML - 350 ML/BOTTLE,
2026-02-10,130000000,BICUTAN MARKET,Other Commodities,Cooking Oil Palm 350ML - 350 ML/BOTTLE,
2026-02-10,130000000,TAGUIG PEOPLE'S MARKET,Other Commodities,Cooking Oil Palm 350ML - 350 ML/BOTTLE,
2026-02-10,130000000,NEW MARULAS PUBLIC MARKET,Other Commodities,Cooking Oil Palm 350ML - 350 ML/BOTTLE,
2026-02-10,130000000,BALINTAWAK MARKET (CLOVERLEAF),Other Commodities,Cooking Oil Palm 350ML - 350 ML/BOTTLE,
2026-02-10,130000000,FARMERS MARKET,Other Commodities,Cooking Oil Palm 350ML - 350 ML/BOTTLE,
2026-02-10,130000000,COMMONWEALTH MARKET,Other Commodities,Sugar (Brown) - KG,
2026-02-10,130000000,GUADALUPE PUBLIC MARKET,Other Commodities,Sugar (Brown) - KG,75.0
2026-02-10,130000000,NEW LAS PINAS CITY PUBLIC MARKET,Other Commodities,Sugar (Brown) - KG,72.0
2026-02-10,130000000,MARIKINA PUBLIC MARKET,Other Commodities,Sugar (Brown) - KG,75.0
2026-02-10,130000000,MUNOZ MARKET,Other Commodities,Sugar (Brown) - KG,85.0
2026-02-10,130000000,PASAY CITY MARKET,Other Commodities,Sugar (Brown) - KG,80.0
2026-02-10,130000000,MUTYA NG PASIG MEGA MARKET,Other Commodities,Sugar (Brown) - KG,
2026-02-10,130000000,QUINTA MARKET,Other Commodities,Sugar (Brown) - KG,75.0
2026-02-10,130000000,SAN ANDRES MARKET,Other Commodities,Sugar (Brown) - KG,
2026-02-10,130000000,MEGA Q MART,Other Commodities,Sugar (Brown) - KG,75.0
2026-02-10,130000000,PAMILIHANG LUNGSOD NG MUNTINLUPA,Other Commodities,Sugar (Brown) - KG,72.0
2026-02-10,130000000,MALABON CENTRAL MARKET,Other Commodities,Sugar (Brown) - KG,
2026-02-10,130000000,PRITIL MARKET,Other Commodities,Sugar (Brown) - KG,
2026-02-10,130000000,MAYPAJO PUBLIC MARKET,Other Commodities,Sugar (Brown) - KG,78.0
2026-02-10,130000000,PACO MARKET,Other Commodities,Sugar (Brown) - KG,
2026-02-10,130000000,DAGONOY MARKET,Other Commodities,Sugar (Brown) - KG,70.0
2026-02-10,130000000,TRABAJO MARKET,Other Commodities,Sugar (Brown) - KG,70.0
2026-02-10,130000000,BLUMENTRITT MARKET,Other Commodities,Sugar (Brown) - KG,
2026-02-10,130000000,MANDALUYONG PUBLIC MARKET I,Other Commodities,Sugar (Brown) - KG,
2026-02-10,130000000,NAVOTAS AGORA MARKET,Other Commodities,Sugar (Brown) - KG,68.0
2026-02-10,130000000,LA HUERTA MARKET,Other Commodities,Sugar (Brown) - KG,
2026-02-10,130000000,CARTIMAR MARKET,Other Commodities,Sugar (Brown) - KG,
2026-02-10,130000000,GRACE MARKETPLACE (PATEROS),Other Commodities,Sugar (Brown) - KG,
2026-02-10,130000000,MURPHY MARKET,Other Commodities,Sugar (Brown) - KG,75.0
2026-02-10,130000000,KAMUNING MARKET,Other Commodities,Sugar (Brown) - KG,76.0
2026-02-10,130000000,AGORA PUBLIC MARKET (SAN JUAN),Other Commodities,Sugar (Brown) - KG,
2026-02-10,130000000,BICUTAN MARKET,Other Commodities,Sugar (Brown) - KG,
2026-02-10,130000000,TAGUIG PEOPLE'S MARKET,Other Commodities,Sugar (Brown) - KG,
2026-02-10,130000000,NEW MARULAS PUBLIC MARKET,Other Commodities,Sugar (Brown) - KG,
2026-02-10,130000000,BALINTAWAK MARKET (CLOVERLEAF),Other Commodities,Sugar (Brown) - KG,
2026-02-10,130000000,FARMERS MARKET,Other Commodities,Sugar (Brown) - KG,
2026-02-10,130000000,COMMONWEALTH MARKET,Other Commodities,Sugar (Washed) - KG,
2026-02-10,130000000,GUADALUPE PUBLIC MARKET,Other Commodities,Sugar (Washed) - KG,75.0
2026-02-10,130000000,NEW LAS PINAS CITY PUBLIC MARKET,Other Commodities,Sugar (Washed) - KG,76.0
2026-02-10,130000000,MARIKINA PUBLIC MARKET,Other Commodities,Sugar (Washed) - KG,75.0
2026-02-10,130000000,MUNOZ MARKET,Other Commodities,Sugar (Washed) - KG,90.0
2026-02-10,130000000,PASAY CITY MARKET,Other Commodities,Sugar (Washed) - KG,
2026-02-10,130000000,MUTYA NG PASIG MEGA MARKET,Other Commodities,Sugar (Washed) - KG,
2026-02-10,130000000,QUINTA MARKET,Other Commodities,Sugar (Washed) - KG,80.0
2026-02-10,130000000,SAN ANDRES MARKET,Other Commodities,Sugar (Washed) - KG,
2026-02-10,130000000,MEGA Q MART,Other Commodities,Sugar (Washed) - KG,75.0
2026-02-10,130000000,PAMILIHANG LUNGSOD NG MUNTINLUPA,Other Commodities,Sugar (Washed) - KG,74.0
2026-02-10,130000000,MALABON CENTRAL MARKET,Other Commodities,Sugar (Washed) - KG,
2026-02-10,130000000,PRITIL MARKET,Other Commodities,Sugar (Washed) - KG,75.0
2026-02-10,130000000,MAYPAJO PUBLIC MARKET,Other Commodities,Sugar (Washed) - KG,80.0
2026-02-10,130000000,PACO MARKET,Other Commodities,Sugar (Washed) - KG,
2026-02-10,130000000,DAGONOY MARKET,Other Commodities,Sugar (Washed) - KG,70.0
2026-02-10,130000000,TRABAJO MARKET,Other Commodities,Sugar (Washed) - KG,75.0
2026-02-10,130000000,BLUMENTRITT MARKET,Other Commodities,Sugar (Washed) - KG,
2026-02-10,130000000,MANDALUYONG PUBLIC MARKET I,Other Commodities,Sugar (Washed) - KG,
2026-02-10,130000000,NAVOTAS AGORA MARKET,Other Commodities,Sugar (Washed) - KG,70.0
2026-02-10,130000000,LA HUERTA MARKET,Other Commodities,Sugar (Washed) - KG,
2026-02-10,130000000,CARTIMAR MARKET,Other Commodities,Sugar (Washed) - KG,
2026-02-10,130000000,GRACE MARKETPLACE (PATEROS),Other Commodities,Sugar (Washed) - KG,
2026-02-10,130000000,MURPHY MARKET,Other Commodities,Sugar (Washed) - KG,80.0
2026-02-10,130000000,KAMUNING MARKET,Other Commodities,Sugar (Washed) - KG,
2026-02-10,130000000,AGORA PUBLIC MARKET (SAN JUAN),Other Commodities,Sugar (Washed) - KG,
2026-02-10,130000000,BICUTAN MARKET,Other Commodities,Sugar (Washed) - KG,
2026-02-10,130000000,TAGUIG PEOPLE'S MARKET,Other Commodities,Sugar (Washed) - KG,
2026-02-10,130000000,NEW MARULAS PUBLIC MARKET,Other Commodities,Sugar (Washed) - KG,
2026-02-10,130000000,BALINTAWAK MARKET (CLOVERLEAF),Other Commodities,Sugar (Washed) - KG,
2026-02-10,130000000,FARMERS MARKET,Other Commodities,Sugar (Washed) - KG,
2026-02-10,130000000,COMMONWEALTH MARKET,Other Commodities,Sugar (Refined) - KG,
2026-02-10,130000000,GUADALUPE PUBLIC MARKET,Other Commodities,Sugar (Refined) - KG,80.0
2026-02-10,130000000,NEW LAS PINAS CITY PUBLIC MARKET,Other Commodities,Sugar (Refined) - KG,80.0
2026-02-10,130000000,MARIKINA PUBLIC MARKET,Other Commodities,Sugar (Refined) - KG,82.0
2026-02-10,130000000,MUNOZ MARKET,Other Commodities,Sugar (Refined) - KG,100.0
2026-02-10,130000000,PASAY CITY MARKET,Other Commodities,Sugar (Refined) - KG,90.0
2026-02-10,130000000,MUTYA NG PASIG MEGA MARKET,Other Commodities,Sugar (Refined) - KG,
2026-02-10,130000000,QUINTA MARKET,Other Commodities,Sugar (Refined) - KG,85.0
2026-02-10,130000000,SAN ANDRES MARKET,Other Commodities,Sugar (Refined) - KG,
2026-02-10,130000000,MEGA Q MART,Other Commodities,Sugar (Refined) - KG,80.0
2026-02-10,130000000,PAMILIHANG LUNGSOD NG MUNTINLUPA,Other Commodities,Sugar (Refined) - KG,76.0
2026-02-10,130000000,MALABON CENTRAL MARKET,Other Commodities,Sugar (Refined) - KG,
2026-02-10,130000000,PRITIL MARKET,Other Commodities,Sugar (Refined) - KG,85.0
2026-02-10,130000000,MAYPAJO PUBLIC MARKET,Other Commodities,Sugar (Refined) - KG,
2026-02-10,130000000,PACO MARKET,Other Commodities,Sugar (Refined) - KG,
2026-02-10,130000000,DAGONOY MARKET,Other Commodities,Sugar (Refined) - KG,80.0
2026-02-10,130000000,TRABAJO MARKET,Other Commodities,Sugar (Refined) - KG,80.0
2026-02-10,130000000,BLUMENTRITT MARKET,Other Commodities,Sugar (Refined) - KG,
2026-02-10,130000000,MANDALUYONG PUBLIC MARKET I,Other Commodities,Sugar (Refined) - KG,
2026-02-10,130000000,NAVOTAS AGORA MARKET,Other Commodities,Sugar (Refined) - KG,75.0
2026-02-10,130000000,LA HUERTA MARKET,Other Commodities,Sugar (Refined) - KG,
2026-02-10,130000000,CARTIMAR MARKET,Other Commodities,Sugar (Refined) - KG,
2026-02-10,130000000,GRACE MARKETPLACE (PATEROS),Other Commodities,Sugar (Refined) - KG,
2026-02-10,130000000,MURPHY MARKET,Other Commodities,Sugar (Refined) - KG,
2026-02-10,130000000,KAMUNING MARKET,Other Commodities,Sugar (Refined) - KG,85.0
2026-02-10,130000000,AGORA PUBLIC MARKET (SAN JUAN),Other Commodities,Sugar (Refined) - KG,
2026-02-10,130000000,BICUTAN MARKET,Other Commodities,Sugar (Refined) - KG,
2026-02-10,130000000,TAGUIG PEOPLE'S MARKET,Other Commodities,Sugar (Refined) - KG,
2026-02-10,130000000,NEW MARULAS PUBLIC MARKET,Other Commodities,Sugar (Refined) - KG,
2026-02-10,130000000,BALINTAWAK MARKET (CLOVERLEAF),Other Commodities,Sugar (Refined) - KG,
2026-02-10,130000000,FARMERS MARKET,Other Commodities,Sugar (Refined) - KG,
2026-02-10,130000000,COMMONWEALTH MARKET,Other Commodities,Cooking Oil (Coconut) 350ML - 350 ML/BOTTLE,
2026-02-10,130000000,GUADALUPE PUBLIC MARKET,Other Commodities,Cooking Oil (Coconut) 350ML - 350 ML/BOTTLE,
2026-02-10,130000000,NEW LAS PINAS CITY PUBLIC MARKET,Other Commodities,Cooking Oil (Coconut) 350ML - 350 ML/BOTTLE,
2026-02-10,130000000,MARIKINA PUBLIC MARKET,Other Commodities,Cooking Oil (Coconut) 350ML - 350 ML/BOTTLE,50.0
2026-02-10,130000000,MUNOZ MARKET,Other Commodities,Cooking Oil (Coconut) 350ML - 350 ML/BOTTLE,
2026-02-10,130000000,PASAY CITY MARKET,Other Commodities,Cooking Oil (Coconut) 350ML - 350 ML/BOTTLE,
2026-02-10,130000000,MUTYA NG PASIG MEGA MARKET,Other Commodities,Cooking Oil (Coconut) 350ML - 350 ML/BOTTLE,
2026-02-10,130000000,QUINTA MARKET,Other Commodities,Cooking Oil (Coconut) 350ML - 350 ML/BOTTLE,
2026-02-10,130000000,SAN ANDRES MARKET,Other Commodities,Cooking Oil (Coconut) 350ML - 350 ML/BOTTLE,
2026-02-10,130000000,MEGA Q MART,Other Commodities,Cooking Oil (Coconut) 350ML - 350 ML/BOTTLE,
2026-02-10,130000000,PAMILIHANG LUNGSOD NG MUNTINLUPA,Other Commodities,Cooking Oil (Coconut) 350ML - 350 ML/BOTTLE,
2026-02-10,130000000,MALABON CENTRAL MARKET,Other Commodities,Cooking Oil (Coconut) 350ML - 350 ML/BOTTLE,
2026-02-10,130000000,PRITIL MARKET,Other Commodities,Cooking Oil (Coconut) 350ML - 350 ML/BOTTLE,
2026-02-10,130000000,MAYPAJO PUBLIC MARKET,Other Commodities,Cooking Oil (Coconut) 350ML - 350 ML/BOTTLE,
2026-02-10,130000000,PACO MARKET,Other Commodities,Cooking Oil (Coconut) 350ML - 350 ML/BOTTLE,
2026-02-10,130000000,DAGONOY MARKET,Other Commodities,Cooking Oil (Coconut) 350ML - 350 ML/BOTTLE,
2026-02-10,130000000,TRABAJO MARKET,Other Commodities,Cooking Oil (Coconut) 350ML - 350 ML/BOTTLE,
2026-02-10,130000000,BLUMENTRITT MARKET,Other Commodities,Cooking Oil (Coconut) 350ML - 350 ML/BOTTLE,
2026-02-10,130000000,MANDALUYONG PUBLIC MARKET I,Other Commodities,Cooking Oil (Coconut) 350ML - 350 ML/BOTTLE,
2026-02-10,130000000,NAVOTAS AGORA MARKET,Other Commodities,Cooking Oil (Coconut) 350ML - 350 ML/BOTTLE,
2026-02-10,130000000,LA HUERTA MARKET,Other Commodities,Cooking Oil (Coconut) 350ML - 350 ML/BOTTLE,
2026-02-10,130000000,CARTIMAR MARKET,Other Commodities,Cooking Oil (Coconut) 350ML - 350 ML/BOTTLE,
2026-02-10,130000000,GRACE MARKETPLACE (PATEROS),Other Commodities,Cooking Oil (Coconut) 350ML - 350 ML/BOTTLE,
2026-02-10,130000000,MURPHY MARKET,Other Commodities,Cooking Oil (Coconut) 350ML - 350 ML/BOTTLE,58.0
2026-02-10,130000000,KAMUNING MARKET,Other Commodities,Cooking Oil (Coconut) 350ML - 350 ML/BOTTLE,
2026-02-10,130000000,AGORA PUBLIC MARKET (SAN JUAN),Other Commodities,Cooking Oil (Coconut) 350ML - 350 ML/BOTTLE,
2026-02-10,130000000,BICUTAN MARKET,Other Commodities,Cooking Oil (Coconut) 350ML - 350 ML/BOTTLE,
2026-02-10,130000000,TAGUIG PEOPLE'S MARKET,Other Commodities,Cooking Oil (Coconut) 350ML - 350 ML/BOTTLE,
2026-02-10,130000000,NEW MARULAS PUBLIC MARKET,Other Commodities,Cooking Oil (Coconut) 350ML - 350 ML/BOTTLE,
2026-02-10,130000000,BALINTAWAK MARKET (CLOVERLEAF),Other Commodities,Cooking Oil (Coconut) 350ML - 350 ML/BOTTLE,
2026-02-10,130000000,FARMERS MARKET,Other Commodities,Cooking Oil (Coconut) 350ML - 350 ML/BOTTLE,
2026-02-10,130000000,COMMONWEALTH MARKET,Other Commodities,Cooking Oil (Coconut) 1L - 1 LITER/BOTTLE,
2026-02-10,130000000,GUADALUPE PUBLIC MARKET,Other Commodities,Cooking Oil (Coconut) 1L - 1 LITER/BOTTLE,
2026-02-10,130000000,NEW LAS PINAS CITY PUBLIC MARKET,Other Commodities,Cooking Oil (Coconut) 1L - 1 LITER/BOTTLE,
2026-02-10,130000000,MARIKINA PUBLIC MARKET,Other Commodities,Cooking Oil (Coconut) 1L - 1 LITER/BOTTLE,
2026-02-10,130000000,MUNOZ MARKET,Other Commodities,Cooking Oil (Coconut) 1L - 1 LITER/BOTTLE,
2026-02-10,130000000,PASAY CITY MARKET,Other Commodities,Cooking Oil (Coconut) 1L - 1 LITER/BOTTLE,
2026-02-10,130000000,MUTYA NG PASIG MEGA MARKET,Other Commodities,Cooking Oil (Coconut) 1L - 1 LITER/BOTTLE,
2026-02-10,130000000,QUINTA MARKET,Other Commodities,Cooking Oil (Coconut) 1L - 1 LITER/BOTTLE,
2026-02-10,130000000,SAN ANDRES MARKET,Other Commodities,Cooking Oil (Coconut) 1L - 1 LITER/BOTTLE,
2026-02-10,130000000,MEGA Q MART,Other Commodities,Cooking Oil (Coconut) 1L - 1 LITER/BOTTLE,
2026-02-10,130000000,PAMILIHANG LUNGSOD NG MUNTINLUPA,Other Commodities,Cooking Oil (Coconut) 1L - 1 LITER/BOTTLE,
2026-02-10,130000000,MALABON CENTRAL MARKET,Other Commodities,Cooking Oil (Coconut) 1L - 1 LITER/BOTTLE,
2026-02-10,130000000,PRITIL MARKET,Other Commodities,Cooking Oil (Coconut) 1L - 1 LITER/BOTTLE,160.0
2026-02-10,130000000,MAYPAJO PUBLIC MARKET,Other Commodities,Cooking Oil (Coconut) 1L - 1 LITER/BOTTLE,160.0
2026-02-10,130000000,PACO MARKET,Other Commodities,Cooking Oil (Coconut) 1L - 1 LITER/BOTTLE,
2026-02-10,130000000,DAGONOY MARKET,Other Commodities,Cooking Oil (Coconut) 1L - 1 LITER/BOTTLE,
2026-02-10,130000000,TRABAJO MARKET,Other Commodities,Cooking Oil (Coconut) 1L - 1 LITER/BOTTLE,
2026-02-10,130000000,BLUMENTRITT MARKET,Other Commodities,Cooking Oil (Coconut) 1L - 1 LITER/BOTTLE,
2026-02-10,130000000,MANDALUYONG PUBLIC MARKET I,Other Commodities,Cooking Oil (Coconut) 1L - 1 LITER/BOTTLE,
2026-02-10,130000000,NAVOTAS AGORA MARKET,Other Commodities,Cooking Oil (Coconut) 1L - 1 LITER/BOTTLE,170.0
2026-02-10,130000000,LA HUERTA MARKET,Other Commodities,Cooking Oil (Coconut) 1L - 1 LITER/BOTTLE,
2026-02-10,130000000,CARTIMAR MARKET,Other Commodities,Cooking Oil (Coconut) 1L - 1 LITER/BOTTLE,
2026-02-10,130000000,GRACE MARKETPLACE (PATEROS),Other Commodities,Cooking Oil (Coconut) 1L - 1 LITER/BOTTLE,
2026-02-10,130000000,MURPHY MARKET,Other Commodities,Cooking Oil (Coconut) 1L - 1 LITER/BOTTLE,
2026-02-10,130000000,KAMUNING MARKET,Other Commodities,Cooking Oil (Coconut) 1L - 1 LITER/BOTTLE,
2026-02-10,130000000,AGORA PUBLIC MARKET (SAN JUAN),Other Commodities,Cooking Oil (Coconut) 1L - 1 LITER/BOTTLE,
2026-02-10,130000000,BICUTAN MARKET,Other Commodities,Cooking Oil (Coconut) 1L - 1 LITER/BOTTLE,
2026-02-10,130000000,TAGUIG PEOPLE'S MARKET,Other Commodities,Cooking Oil (Coconut) 1L - 1 LITER/BOTTLE,
2026-02-10,130000000,NEW MARULAS PUBLIC MARKET,Other Commodities,Cooking Oil (Coconut) 1L - 1 LITER/BOTTLE,
2026-02-10,130000000,BALINTAWAK MARKET (CLOVERLEAF),Other Commodities,Cooking Oil (Coconut) 1L - 1 LITER/BOTTLE,
2026-02-10,130000000,FARMERS MARKET,Other Commodities,Cooking Oil (Coconut) 1L - 1 LITER/BOTTLE,
