extract_dt,region_id,market_name,category,commodity,price
2026-02-12,130000000,GUADALUPE PUBLIC MARKET,Fish,Alumahan - MEDIUM (4-6PCS/KG),400.0
2026-02-12,130000000,MANDALUYONG PUBLIC MARKET I,Fish,Alumahan - MEDIUM (4-6PCS/KG),440.0
2026-02-12,130000000,AGORA PUBLIC MARKET (SAN JUAN),Fish,Alumahan - MEDIUM (4-6PCS/KG),400.0
2026-02-12,130000000,GUADALUPE PUBLIC MARKET,Fish,Bangus (Medium) - MEDIUM (3-4PCS/KG),240.0
2026-02-12,130000000,MARIKINA PUBLIC MARKET,Fish,Bangus (Medium) - MEDIUM (3-4PCS/KG),260.0
2026-02-12,130000000,MUNOZ MARKET,Fish,Bangus (Medium) - MEDIUM (3-4PCS/KG),240.0
2026-02-12,130000000,PASAY CITY MARKET,Fish,Bangus (Medium) - MEDIUM (3-4PCS/KG),200.0
2026-02-12,130000000,QUINTA MARKET,Fish,Bangus (Medium) - MEDIUM (3-4PCS/KG),260.0
2026-02-12,130000000,SAN ANDRES MARKET,Fish,Bangus (Medium) - MEDIUM (3-4PCS/KG),240.0
2026-02-12,130000000,MEGA Q MART,Fish,Bangus (Medium) - MEDIUM (3-4PCS/KG),200.0
2026-02-12,130000000,PRITIL MARKET,Fish,Bangus (Medium) - MEDIUM (3-4PCS/KG),260.0
2026-02-12,130000000,TRABAJO MARKET,Fish,Bangus (Medium) - MEDIUM (3-4PCS/KG),240.0
2026-02-12,130000000,MANDALUYONG PUBLIC MARKET I,Fish,Bangus (Medium) - MEDIUM (3-4PCS/KG),260.0
2026-02-12,130000000,NAVOTAS AGORA MARKET,Fish,Bangus (Medium) - MEDIUM (3-4PCS/KG),260.0
2026-02-12,130000000,MURPHY MARKET,Fish,Bangus (Medium) - MEDIUM (3-4PCS/KG),240.0
2026-02-12,130000000,AGORA PUBLIC MARKET (SAN JUAN),Fish,Bangus (Medium) - MEDIUM (3-4PCS/KG),250.0
2026-02-12,130000000,BICUTAN MARKET,Fish,Bangus (Medium) - MEDIUM (3-4PCS/KG),220.0
2026-02-12,130000000,NEW MARULAS PUBLIC MARKET,Fish,Bangus (Medium) - MEDIUM (3-4PCS/KG),280.0
2026-02-12,130000000,PASAY CITY MARKET,Fish,"Galunggong(Imported) - MALE, MEDIUM (12-14PCS/KG)",300.0
2026-02-12,130000000,GUADALUPE PUBLIC MARKET,Fish,"Galunggong(Local) - MALE, MEDIUM(12-14PCS/KG)",360.0
2026-02-12,130000000,MARIKINA PUBLIC MARKET,Fish,"Galunggong(Local) - MALE, MEDIUM(12-14PCS/KG)",380.0
2026-02-12,130000000,MUNOZ MARKET,Fish,"Galunggong(Local) - MALE, MEDIUM(12-14PCS/KG)",360.0
2026-02-12,130000000,SAN ANDRES MARKET,Fish,"Galunggong(Local) - MALE, MEDIUM(12-14PCS/KG)",360.0
2026-02-12,130000000,TRABAJO MARKET,Fish,"Galunggong(Local) - MALE, MEDIUM(12-14PCS/KG)",350.0
2026-02-12,130000000,MANDALUYONG PUBLIC MARKET I,Fish,"Galunggong(Local) - MALE, MEDIUM(12-14PCS/KG)",390.0
2026-02-12,130000000,AGORA PUBLIC MARKET (SAN JUAN),Fish,"Galunggong(Local) - MALE, MEDIUM(12-14PCS/KG)",360.0
2026-02-12,130000000,GUADALUPE PUBLIC MARKET,Fish,Tilapia - MEDIUM (5-6PCS/KG),160.0
2026-02-12,130000000,NEW LAS PINAS CITY PUBLIC MARKET,Fish,Tilapia - MEDIUM (5-6PCS/KG),170.0
2026-02-12,130000000,MARIKINA PUBLIC MARKET,Fish,Tilapia - MEDIUM (5-6PCS/KG),150.0
2026-02-12,130000000,MUNOZ MARKET,Fish,Tilapia - MEDIUM (5-6PCS/KG),140.0
2026-02-12,130000000,PASAY CITY MARKET,Fish,Tilapia - MEDIUM (5-6PCS/KG),140.0
2026-02-12,130000000,QUINTA MARKET,Fish,Tilapia - MEDIUM (5-6PCS/KG),160.0
2026-02-12,130000000,SAN ANDRES MARKET,Fish,Tilapia - MEDIUM (5-6PCS/KG),160.0
2026-02-12,130000000,MEGA Q MART,Fish,Tilapia - MEDIUM (5-6PCS/KG),140.0
2026-02-12,130000000,PAMILIHANG LUNGSOD NG MUNTINLUPA,Fish,Tilapia - MEDIUM (5-6PCS/KG),160.0
2026-02-12,130000000,PRITIL MARKET,Fish,Tilapia - MEDIUM (5-6PCS/KG),150.0
2026-02-12,130000000,TRABAJO MARKET,Fish,Tilapia - MEDIUM (5-6PCS/KG),150.0
2026-02-12,130000000,MANDALUYONG PUBLIC MARKET I,Fish,Tilapia - MEDIUM (5-6PCS/KG),180.0
2026-02-12,130000000,NAVOTAS AGORA MARKET,Fish,Tilapia - MEDIUM (5-6PCS/KG),140.0
2026-02-12,130000000,LA HUERTA MARKET,Fish,Tilapia - MEDIUM (5-6PCS/KG),160.0
2026-02-12,130000000,MURPHY MARKET,Fish,Tilapia - MEDIUM (5-6PCS/KG),160.0
2026-02-12,130000000,AGORA PUBLIC MARKET (SAN JUAN),Fish,Tilapia - MEDIUM (5-6PCS/KG),160.0
2026-02-12,130000000,BICUTAN MARKET,Fish,Tilapia - MEDIUM (5-6PCS/KG),150.0
2026-02-12,130000000,NEW MARULAS PUBLIC MARKET,Fish,Tilapia - MEDIUM (5-6PCS/KG),170.0
2026-02-12,130000000,GUADALUPE PUBLIC MARKET,Fish,Squid (Pusit Bisaya) - Medium,500.0
2026-02-12,130000000,MUNOZ MARKET,Fish,Squid (Pusit Bisaya) - Medium,480.0
2026-02-12,130000000,PASAY CITY MARKET,Fish,Squid (Pusit Bisaya) - Medium,550.0
2026-02-12,130000000,MEGA Q MART,Fish,Squid (Pusit Bisaya) - Medium,450.0
2026-02-12,130000000,MANDALUYONG PUBLIC MARKET I,Fish,Squid (Pusit Bisaya) - Medium,600.0
2026-02-12,130000000,AGORA PUBLIC MARKET (SAN JUAN),Fish,Squid (Pusit Bisaya) - Medium,450.0
2026-02-12,130000000,GUADALUPE PUBLIC MARKET,Fish,Yellow-Fin Tuna (Tambakol),320.0
2026-02-12,130000000,MUNOZ MARKET,Fish,Yellow-Fin Tuna (Tambakol),320.0
2026-02-12,130000000,PASAY CITY MARKET,Fish,Yellow-Fin Tuna (Tambakol),260.0
2026-02-12,130000000,MANDALUYONG PUBLIC MARKET I,Fish,Yellow-Fin Tuna (Tambakol),400.0
2026-02-12,130000000,GUADALUPE PUBLIC MARKET,Fish,Bangus (Large) - LARGE (KG),280.0
2026-02-12,130000000,NEW LAS PINAS CITY PUBLIC MARKET,Fish,Bangus (Large) - LARGE (KG),240.0
2026-02-12,130000000,MARIKINA PUBLIC MARKET,Fish,Bangus (Large) - LARGE (KG),290.0
2026-02-12,130000000,MUNOZ MARKET,Fish,Bangus (Large) - LARGE (KG),260.0
2026-02-12,130000000,PASAY CITY MARKET,Fish,Bangus (Large) - LARGE (KG),240.0
2026-02-12,130000000,SAN ANDRES MARKET,Fish,Bangus (Large) - LARGE (KG),280.0
2026-02-12,130000000,MEGA Q MART,Fish,Bangus (Large) - LARGE (KG),220.0
2026-02-12,130000000,PAMILIHANG LUNGSOD NG MUNTINLUPA,Fish,Bangus (Large) - LARGE (KG),240.0
2026-02-12,130000000,TRABAJO MARKET,Fish,Bangus (Large) - LARGE (KG),260.0
2026-02-12,130000000,MANDALUYONG PUBLIC MARKET I,Fish,Bangus (Large) - LARGE (KG),300.0
2026-02-12,130000000,LA HUERTA MARKET,Fish,Bangus (Large) - LARGE (KG),260.0
2026-02-12,130000000,AGORA PUBLIC MARKET (SAN JUAN),Fish,Bangus (Large) - LARGE (KG),300.0
2026-02-12,130000000,BICUTAN MARKET,Fish,Bangus (Large) - LARGE (KG),250.0
2026-02-12,130000000,GUADALUPE PUBLIC MARKET,Fruits,Calamansi - KG,120.0
2026-02-12,130000000,NEW LAS PINAS CITY PUBLIC MARKET,Fruits,Calamansi - KG,140.0
2026-02-12,130000000,MARIKINA PUBLIC MARKET,Fruits,Calamansi - KG,130.0
2026-02-12,130000000,MUNOZ MARKET,Fruits,Calamansi - KG,120.0
2026-02-12,130000000,PASAY CITY MARKET,Fruits,Calamansi - KG,110.0
2026-02-12,130000000,QUINTA MARKET,Fruits,Calamansi - KG,140.0
2026-02-12,130000000,SAN ANDRES MARKET,Fruits,Calamansi - KG,140.0
2026-02-12,130000000,MEGA Q MART,Fruits,Calamansi - KG,120.0
2026-02-12,130000000,PAMILIHANG LUNGSOD NG MUNTINLUPA,Fruits,Calamansi - KG,120.0
2026-02-12,130000000,PRITIL MARKET,Fruits,Calamansi - KG,120.0
2026-02-12,130000000,TRABAJO MARKET,Fruits,Calamansi - KG,150.0
2026-02-12,130000000,BLUMENTRITT MARKET,Fruits,Calamansi - KG,140.0
2026-02-12,130000000,NAVOTAS AGORA MARKET,Fruits,Calamansi - KG,120.0
2026-02-12,130000000,LA HUERTA MARKET,Fruits,Calamansi - KG,120.0
2026-02-12,130000000,MURPHY MARKET,Fruits,Calamansi - KG,150.0
2026-02-12,130000000,BICUTAN MARKET,Fruits,Calamansi - KG,100.0
2026-02-12,130000000,NEW MARULAS PUBLIC MARKET,Fruits,Calamansi - KG,150.0
2026-02-12,130000000,GUADALUPE PUBLIC MARKET,Fruits,Banana (Lakatan) - 8-10PCS/KG,120.0
2026-02-12,130000000,NEW LAS PINAS CITY PUBLIC MARKET,Fruits,Banana (Lakatan) - 8-10PCS/KG,90.0
2026-02-12,130000000,MARIKINA PUBLIC MARKET,Fruits,Banana (Lakatan) - 8-10PCS/KG,120.0
2026-02-12,130000000,PASAY CITY MARKET,Fruits,Banana (Lakatan) - 8-10PCS/KG,80.0
2026-02-12,130000000,SAN ANDRES MARKET,Fruits,Banana (Lakatan) - 8-10PCS/KG,100.0
2026-02-12,130000000,MEGA Q MART,Fruits,Banana (Lakatan) - 8-10PCS/KG,85.0
2026-02-12,130000000,PAMILIHANG LUNGSOD NG MUNTINLUPA,Fruits,Banana (Lakatan) - 8-10PCS/KG,90.0
2026-02-12,130000000,PRITIL MARKET,Fruits,Banana (Lakatan) - 8-10PCS/KG,80.0
2026-02-12,130000000,NAVOTAS AGORA MARKET,Fruits,Banana (Lakatan) - 8-10PCS/KG,110.0
2026-02-12,130000000,MURPHY MARKET,Fruits,Banana (Lakatan) - 8-10PCS/KG,100.0
2026-02-12,130000000,AGORA PUBLIC MARKET (SAN JUAN),Fruits,Banana (Lakatan) - 8-10PCS/KG,80.0
2026-02-12,130000000,BICUTAN MARKET,Fruits,Banana (Lakatan) - 8-10PCS/KG,90.0
2026-02-12,130000000,NEW MARULAS PUBLIC MARKET,Fruits,Banana (Lakatan) - 8-10PCS/KG,120.0
2026-02-12,130000000,GUADALUPE PUBLIC MARKET,Fruits,Banana (Latundan) - 10-12PCS/KG,80.0
2026-02-12,130000000,NEW LAS PINAS CITY PUBLIC MARKET,Fruits,Banana (Latundan) - 10-12PCS/KG,70.0
2026-02-12,130000000,MARIKINA PUBLIC MARKET,Fruits,Banana (Latundan) - 10-12PCS/KG,80.0
2026-02-12,130000000,MEGA Q MART,Fruits,Banana (Latundan) - 10-12PCS/KG,55.0
2026-02-12,130000000,PAMILIHANG LUNGSOD NG MUNTINLUPA,Fruits,Banana (Latundan) - 10-12PCS/KG,70.0
2026-02-12,130000000,PRITIL MARKET,Fruits,Banana (Latundan) - 10-12PCS/KG,70.0
2026-02-12,130000000,NAVOTAS AGORA MARKET,Fruits,Banana (Latundan) - 10-12PCS/KG,90.0
2026-02-12,130000000,MURPHY MARKET,Fruits,Banana (Latundan) - 10-12PCS/KG,80.0
2026-02-12,130000000,AGORA PUBLIC MARKET (SAN JUAN),Fruits,Banana (Latundan) - 10-12PCS/KG,70.0
2026-02-12,130000000,BICUTAN MARKET,Fruits,Banana (Latundan) - 10-12PCS/KG,80.0
2026-02-12,130000000,NEW MARULAS PUBLIC MARKET,Fruits,Banana (Latundan) - 10-12PCS/KG,90.0
2026-02-12,130000000,GUADALUPE PUBLIC MARKET,Fruits,"Mango (Carabao) - RIPE, 3-4PCS/KG",220.0
2026-02-12,130000000,NEW LAS PINAS CITY PUBLIC MARKET,Fruits,"Mango (Carabao) - RIPE, 3-4PCS/KG",180.0
2026-02-12,130000000,MARIKINA PUBLIC MARKET,Fruits,"Mango (Carabao) - RIPE, 3-4PCS/KG",200.0
2026-02-12,130000000,PASAY CITY MARKET,Fruits,"Mango (Carabao) - RIPE, 3-4PCS/KG",180.0
2026-02-12,130000000,SAN ANDRES MARKET,Fruits,"Mango (Carabao) - RIPE, 3-4PCS/KG",250.0
2026-02-12,130000000,MEGA Q MART,Fruits,"Mango (Carabao) - RIPE, 3-4PCS/KG",180.0
2026-02-12,130000000,PAMILIHANG LUNGSOD NG MUNTINLUPA,Fruits,"Mango (Carabao) - RIPE, 3-4PCS/KG",150.0
2026-02-12,130000000,PRITIL MARKET,Fruits,"Mango (Carabao) - RIPE, 3-4PCS/KG",160.0
2026-02-12,130000000,NAVOTAS AGORA MARKET,Fruits,"Mango (Carabao) - RIPE, 3-4PCS/KG",160.0
2026-02-12,130000000,MURPHY MARKET,Fruits,"Mango (Carabao) - RIPE, 3-4PCS/KG",200.0
2026-02-12,130000000,AGORA PUBLIC MARKET (SAN JUAN),Fruits,"Mango (Carabao) - RIPE, 3-4PCS/KG",220.0
2026-02-12,130000000,NEW MARULAS PUBLIC MARKET,Fruits,"Mango (Carabao) - RIPE, 3-4PCS/KG",200.0
2026-02-12,130000000,NEW LAS PINAS CITY PUBLIC MARKET,Fruits,"Papaya - SOLO, RIPE, 2-3PCS",80.0
2026-02-12,130000000,MARIKINA PUBLIC MARKET,Fruits,"Papaya - SOLO, RIPE, 2-3PCS",70.0
2026-02-12,130000000,SAN ANDRES MARKET,Fruits,"Papaya - SOLO, RIPE, 2-3PCS",80.0
2026-02-12,130000000,MEGA Q MART,Fruits,"Papaya - SOLO, RIPE, 2-3PCS",80.0
2026-02-12,130000000,PAMILIHANG LUNGSOD NG MUNTINLUPA,Fruits,"Papaya - SOLO, RIPE, 2-3PCS",65.0
2026-02-12,130000000,NEW MARULAS PUBLIC MARKET,Fruits,"Papaya - SOLO, RIPE, 2-3PCS",70.0
2026-02-12,130000000,GUADALUPE PUBLIC MARKET,Fruits,Melon,120.0
2026-02-12,130000000,NEW LAS PINAS CITY PUBLIC MARKET,Fruits,Melon,90.0
2026-02-12,130000000,MARIKINA PUBLIC MARKET,Fruits,Melon,120.0
2026-02-12,130000000,SAN ANDRES MARKET,Fruits,Melon,120.0
2026-02-12,130000000,MEGA Q MART,Fruits,Melon,85.0
2026-02-12,130000000,PAMILIHANG LUNGSOD NG MUNTINLUPA,Fruits,Melon,80.0
2026-02-12,130000000,MURPHY MARKET,Fruits,Melon,100.0
2026-02-12,130000000,BICUTAN MARKET,Fruits,Melon,100.0
2026-02-12,130000000,NEW MARULAS PUBLIC MARKET,Fruits,Melon,100.0
2026-02-12,130000000,GUADALUPE PUBLIC MARKET,Fruits,Avocado,400.0
2026-02-12,130000000,MARIKINA PUBLIC MARKET,Fruits,Avocado,350.0
2026-02-12,130000000,MEGA Q MART,Fruits,Avocado,200.0
2026-02-12,130000000,MURPHY MARKET,Fruits,Avocado,350.0
2026-02-12,130000000,GUADALUPE PUBLIC MARKET,Fruits,Pomelo - KG,200.0
2026-02-12,130000000,NEW LAS PINAS CITY PUBLIC MARKET,Fruits,Pomelo - KG,150.0
2026-02-12,130000000,MARIKINA PUBLIC MARKET,Fruits,Pomelo - KG,320.0
2026-02-12,130000000,SAN ANDRES MARKET,Fruits,Pomelo - KG,180.0
2026-02-12,130000000,MEGA Q MART,Fruits,Pomelo - KG,180.0
2026-02-12,130000000,PAMILIHANG LUNGSOD NG MUNTINLUPA,Fruits,Pomelo - KG,140.0
2026-02-12,130000000,MURPHY MARKET,Fruits,Pomelo - KG,200.0
2026-02-12,130000000,GUADALUPE PUBLIC MARKET,Fruits,Watermelon - KG,100.0
2026-02-12,130000000,NEW LAS PINAS CITY PUBLIC MARKET,Fruits,Watermelon - KG,65.0
2026-02-12,130000000,MARIKINA PUBLIC MARKET,Fruits,Watermelon - KG,80.0
2026-02-12,130000000,SAN ANDRES MARKET,Fruits,Watermelon - KG,80.0
2026-02-12,130000000,MEGA Q MART,Fruits,Watermelon - KG,80.0
2026-02-12,130000000,PAMILIHANG LUNGSOD NG MUNTINLUPA,Fruits,Watermelon - KG,65.0
2026-02-12,130000000,MURPHY MARKET,Fruits,Watermelon - KG,80.0
2026-02-12,130000000,AGORA PUBLIC MARKET (SAN JUAN),Fruits,Watermelon - KG,70.0
2026-02-12,130000000,GUADALUPE PUBLIC MARKET,Fruits,Banana (Saba) - KG,60.0
2026-02-12,130000000,MARIKINA PUBLIC MARKET,Fruits,Banana (Saba) - KG,60.0
2026-02-12,130000000,MUNOZ MARKET,Fruits,Banana (Saba) - KG,50.0
2026-02-12,130000000,QUINTA MARKET,Fruits,Banana (Saba) - KG,60.0
2026-02-12,130000000,SAN ANDRES MARKET,Fruits,Banana (Saba) - KG,60.0
2026-02-12,130000000,MEGA Q MART,Fruits,Banana (Saba) - KG,55.0
2026-02-12,130000000,PAMILIHANG LUNGSOD NG MUNTINLUPA,Fruits,Banana (Saba) - KG,40.0
2026-02-12,130000000,PRITIL MARKET,Fruits,Banana (Saba) - KG,50.0
2026-02-12,130000000,NAVOTAS AGORA MARKET,Fruits,Banana (Saba) - KG,60.0
2026-02-12,130000000,MURPHY MARKET,Fruits,Banana (Saba) - KG,60.0
2026-02-12,130000000,AGORA PUBLIC MARKET (SAN JUAN),Fruits,Banana (Saba) - KG,50.0
2026-02-12,130000000,BICUTAN MARKET,Fruits,Banana (Saba) - KG,50.0
2026-02-12,130000000,TRABAJO MARKET,Highland Vegetables,Cabbage (Scorpio) - 750GM-1KG/HEAD,90.0
2026-02-12,130000000,BLUMENTRITT MARKET,Highland Vegetables,Cabbage (Scorpio) - 750GM-1KG/HEAD,90.0
2026-02-12,130000000,NEW MARULAS PUBLIC MARKET,Highland Vegetables,Cabbage (Scorpio) - 750GM-1KG/HEAD,120.0
2026-02-12,130000000,GUADALUPE PUBLIC MARKET,Highland Vegetables,Carrots - 8-10PCS/KG,80.0
2026-02-12,130000000,NEW LAS PINAS CITY PUBLIC MARKET,Highland Vegetables,Carrots - 8-10PCS/KG,95.0
2026-02-12,130000000,MARIKINA PUBLIC MARKET,Highland Vegetables,Carrots - 8-10PCS/KG,120.0
2026-02-12,130000000,MUNOZ MARKET,Highland Vegetables,Carrots - 8-10PCS/KG,100.0
2026-02-12,130000000,PASAY CITY MARKET,Highland Vegetables,Carrots - 8-10PCS/KG,60.0
2026-02-12,130000000,MEGA Q MART,Highland Vegetables,Carrots - 8-10PCS/KG,100.0
2026-02-12,130000000,PAMILIHANG LUNGSOD NG MUNTINLUPA,Highland Vegetables,Carrots - 8-10PCS/KG,80.0
2026-02-12,130000000,PRITIL MARKET,Highland Vegetables,Carrots - 8-10PCS/KG,100.0
2026-02-12,130000000,TRABAJO MARKET,Highland Vegetables,Carrots - 8-10PCS/KG,90.0
2026-02-12,130000000,BLUMENTRITT MARKET,Highland Vegetables,Carrots - 8-10PCS/KG,80.0
2026-02-12,130000000,MANDALUYONG PUBLIC MARKET I,Highland Vegetables,Carrots - 8-10PCS/KG,100.0
2026-02-12,130000000,NAVOTAS AGORA MARKET,Highland Vegetables,Carrots - 8-10PCS/KG,100.0
2026-02-12,130000000,LA HUERTA MARKET,Highland Vegetables,Carrots - 8-10PCS/KG,80.0
2026-02-12,130000000,MURPHY MARKET,Highland Vegetables,Carrots - 8-10PCS/KG,100.0
2026-02-12,130000000,AGORA PUBLIC MARKET (SAN JUAN),Highland Vegetables,Carrots - 8-10PCS/KG,100.0
2026-02-12,130000000,BICUTAN MARKET,Highland Vegetables,Carrots - 8-10PCS/KG,80.0
2026-02-12,130000000,NEW MARULAS PUBLIC MARKET,Highland Vegetables,Carrots - 8-10PCS/KG,120.0
2026-02-12,130000000,GUADALUPE PUBLIC MARKET,Highland Vegetables,Habichuelas (Baguio Bean) - KG,80.0
2026-02-12,130000000,NEW LAS PINAS CITY PUBLIC MARKET,Highland Vegetables,Habichuelas (Baguio Bean) - KG,90.0
2026-02-12,130000000,MARIKINA PUBLIC MARKET,Highland Vegetables,Habichuelas (Baguio Bean) - KG,100.0
2026-02-12,130000000,MUNOZ MARKET,Highland Vegetables,Habichuelas (Baguio Bean) - KG,80.0
2026-02-12,130000000,PASAY CITY MARKET,Highland Vegetables,Habichuelas (Baguio Bean) - KG,80.0
2026-02-12,130000000,QUINTA MARKET,Highland Vegetables,Habichuelas (Baguio Bean) - KG,100.0
2026-02-12,130000000,SAN ANDRES MARKET,Highland Vegetables,Habichuelas (Baguio Bean) - KG,100.0
2026-02-12,130000000,MEGA Q MART,Highland Vegetables,Habichuelas (Baguio Bean) - KG,100.0
2026-02-12,130000000,PAMILIHANG LUNGSOD NG MUNTINLUPA,Highland Vegetables,Habichuelas (Baguio Bean) - KG,80.0
2026-02-12,130000000,PRITIL MARKET,Highland Vegetables,Habichuelas (Baguio Bean) - KG,120.0
2026-02-12,130000000,TRABAJO MARKET,Highland Vegetables,Habichuelas (Baguio Bean) - KG,90.0
2026-02-12,130000000,BLUMENTRITT MARKET,Highland Vegetables,Habichuelas (Baguio Bean) - KG,90.0
2026-02-12,130000000,MANDALUYONG PUBLIC MARKET I,Highland Vegetables,Habichuelas (Baguio Bean) - KG,80.0
2026-02-12,130000000,NAVOTAS AGORA MARKET,Highland Vegetables,Habichuelas (Baguio Bean) - KG,120.0
2026-02-12,130000000,LA HUERTA MARKET,Highland Vegetables,Habichuelas (Baguio Bean) - KG,80.0
2026-02-12,130000000,MURPHY MARKET,Highland Vegetables,Habichuelas (Baguio Bean) - KG,120.0
2026-02-12,130000000,AGORA PUBLIC MARKET (SAN JUAN),Highland Vegetables,Habichuelas (Baguio Bean) - KG,80.0
2026-02-12,130000000,BICUTAN MARKET,Highland Vegetables,Habichuelas (Baguio Bean) - KG,80.0
2026-02-12,130000000,NEW MARULAS PUBLIC MARKET,Highland Vegetables,Habichuelas (Baguio Bean) - KG,100.0
2026-02-12,130000000,GUADALUPE PUBLIC MARKET,Highland Vegetables,White Potato - 10-12PCS/KG,100.0
2026-02-12,130000000,NEW LAS PINAS CITY PUBLIC MARKET,Highland Vegetables,White Potato - 10-12PCS/KG,115.0
2026-02-12,130000000,MARIKINA PUBLIC MARKET,Highland Vegetables,White Potato - 10-12PCS/KG,140.0
2026-02-12,130000000,MUNOZ MARKET,Highland Vegetables,White Potato - 10-12PCS/KG,100.0
2026-02-12,130000000,PASAY CITY MARKET,Highland Vegetables,White Potato - 10-12PCS/KG,120.0
2026-02-12,130000000,QUINTA MARKET,Highland Vegetables,White Potato - 10-12PCS/KG,140.0
2026-02-12,130000000,SAN ANDRES MARKET,Highland Vegetables,White Potato - 10-12PCS/KG,130.0
2026-02-12,130000000,MEGA Q MART,Highland Vegetables,White Potato - 10-12PCS/KG,100.0
2026-02-12,130000000,PAMILIHANG LUNGSOD NG MUNTINLUPA,Highland Vegetables,White Potato - 10-12PCS/KG,120.0
2026-02-12,130000000,PRITIL MARKET,Highland Vegetables,White Potato - 10-12PCS/KG,140.0
2026-02-12,130000000,TRABAJO MARKET,Highland Vegetables,White Potato - 10-12PCS/KG,120.0
2026-02-12,130000000,BLUMENTRITT MARKET,Highland Vegetables,White Potato - 10-12PCS/KG,120.0
2026-02-12,130000000,MANDALUYONG PUBLIC MARKET I,Highland Vegetables,White Potato - 10-12PCS/KG,140.0
2026-02-12,130000000,NAVOTAS AGORA MARKET,Highland Vegetables,White Potato - 10-12PCS/KG,140.0
2026-02-12,130000000,LA HUERTA MARKET,Highland Vegetables,White Potato - 10-12PCS/KG,100.0
2026-02-12,130000000,MURPHY MARKET,Highland Vegetables,White Potato - 10-12PCS/KG,120.0
2026-02-12,130000000,AGORA PUBLIC MARKET (SAN JUAN),Highland Vegetables,White Potato - 10-12PCS/KG,120.0
2026-02-12,130000000,BICUTAN MARKET,Highland Vegetables,White Potato - 10-12PCS/KG,100.0
2026-02-12,130000000,NEW MARULAS PUBLIC MARKET,Highland Vegetables,White Potato - 10-12PCS/KG,120.0
2026-02-12,130000000,GUADALUPE PUBLIC MARKET,Highland Vegetables,Pechay (Baguio) - KG,80.0
2026-02-12,130000000,NEW LAS PINAS CITY PUBLIC MARKET,Highland Vegetables,Pechay (Baguio) - KG,100.0
2026-02-12,130000000,MARIKINA PUBLIC MARKET,Highland Vegetables,Pechay (Baguio) - KG,70.0
2026-02-12,130000000,MUNOZ MARKET,Highland Vegetables,Pechay (Baguio) - KG,80.0
2026-02-12,130000000,PASAY CITY MARKET,Highland Vegetables,Pechay (Baguio) - KG,70.0
2026-02-12,130000000,QUINTA MARKET,Highland Vegetables,Pechay (Baguio) - KG,100.0
2026-02-12,130000000,SAN ANDRES MARKET,Highland Vegetables,Pechay (Baguio) - KG,100.0
2026-02-12,130000000,MEGA Q MART,Highland Vegetables,Pechay (Baguio) - KG,80.0
2026-02-12,130000000,PAMILIHANG LUNGSOD NG MUNTINLUPA,Highland Vegetables,Pechay (Baguio) - KG,70.0
2026-02-12,130000000,PRITIL MARKET,Highland Vegetables,Pechay (Baguio) - KG,100.0
2026-02-12,130000000,TRABAJO MARKET,Highland Vegetables,Pechay (Baguio) - KG,100.0
2026-02-12,130000000,BLUMENTRITT MARKET,Highland Vegetables,Pechay (Baguio) - KG,80.0
2026-02-12,130000000,MANDALUYONG PUBLIC MARKET I,Highland Vegetables,Pechay (Baguio) - KG,100.0
2026-02-12,130000000,NAVOTAS AGORA MARKET,Highland Vegetables,Pechay (Baguio) - KG,100.0
2026-02-12,130000000,LA HUERTA MARKET,Highland Vegetables,Pechay (Baguio) - KG,70.0
2026-02-12,130000000,MURPHY MARKET,Highland Vegetables,Pechay (Baguio) - KG,90.0
2026-02-12,130000000,AGORA PUBLIC MARKET (SAN JUAN),Highland Vegetables,Pechay (Baguio) - KG,90.0
2026-02-12,130000000,BICUTAN MARKET,Highland Vegetables,Pechay (Baguio) - KG,80.0
2026-02-12,130000000,NEW MARULAS PUBLIC MARKET,Highland Vegetables,Pechay (Baguio) - KG,100.0
2026-02-12,130000000,GUADALUPE PUBLIC MARKET,Highland Vegetables,Chayote - KG,50.0
2026-02-12,130000000,NEW LAS PINAS CITY PUBLIC MARKET,Highland Vegetables,Chayote - KG,70.0
2026-02-12,130000000,MARIKINA PUBLIC MARKET,Highland Vegetables,Chayote - KG,60.0
2026-02-12,130000000,MUNOZ MARKET,Highland Vegetables,Chayote - KG,50.0
2026-02-12,130000000,PASAY CITY MARKET,Highland Vegetables,Chayote - KG,40.0
2026-02-12,130000000,QUINTA MARKET,Highland Vegetables,Chayote - KG,70.0
2026-02-12,130000000,SAN ANDRES MARKET,Highland Vegetables,Chayote - KG,70.0
2026-02-12,130000000,MEGA Q MART,Highland Vegetables,Chayote - KG,50.0
2026-02-12,130000000,PAMILIHANG LUNGSOD NG MUNTINLUPA,Highland Vegetables,Chayote - KG,50.0
2026-02-12,130000000,PRITIL MARKET,Highland Vegetables,Chayote - KG,70.0
2026-02-12,130000000,TRABAJO MARKET,Highland Vegetables,Chayote - KG,60.0
2026-02-12,130000000,BLUMENTRITT MARKET,Highland Vegetables,Chayote - KG,60.0
2026-02-12,130000000,MANDALUYONG PUBLIC MARKET I,Highland Vegetables,Chayote - KG,80.0
2026-02-12,130000000,NAVOTAS AGORA MARKET,Highland Vegetables,Chayote - KG,60.0
2026-02-12,130000000,LA HUERTA MARKET,Highland Vegetables,Chayote - KG,40.0
2026-02-12,130000000,MURPHY MARKET,Highland Vegetables,Chayote - KG,70.0
2026-02-12,130000000,AGORA PUBLIC MARKET (SAN JUAN),Highland Vegetables,Chayote - KG,60.0
2026-02-12,130000000,BICUTAN MARKET,Highland Vegetables,Chayote - KG,50.0
2026-02-12,130000000,NEW MARULAS PUBLIC MARKET,Highland Vegetables,Chayote - KG,60.0
2026-02-12,130000000,BLUMENTRITT MARKET,Highland Vegetables,Broccoli - MEDIUM (8-10CM DIAMETER/BUNCH HD),180.0
2026-02-12,130000000,GUADALUPE PUBLIC MARKET,Highland Vegetables,Cauliflower - MEDIUM (8-10CM DIAMETER/BUNCH HD),100.0
2026-02-12,130000000,NEW LAS PINAS CITY PUBLIC MARKET,Highland Vegetables,Cauliflower - MEDIUM (8-10CM DIAMETER/BUNCH HD),150.0
2026-02-12,130000000,MARIKINA PUBLIC MARKET,Highland Vegetables,Cauliflower - MEDIUM (8-10CM DIAMETER/BUNCH HD),100.0
2026-02-12,130000000,MUNOZ MARKET,Highland Vegetables,Cauliflower - MEDIUM (8-10CM DIAMETER/BUNCH HD),120.0
2026-02-12,130000000,PASAY CITY MARKET,Highland Vegetables,Cauliflower - MEDIUM (8-10CM DIAMETER/BUNCH HD),80.0
2026-02-12,130000000,SAN ANDRES MARKET,Highland Vegetables,Cauliflower - MEDIUM (8-10CM DIAMETER/BUNCH HD),130.0
2026-02-12,130000000,PAMILIHANG LUNGSOD NG MUNTINLUPA,Highland Vegetables,Cauliflower - MEDIUM (8-10CM DIAMETER/BUNCH HD),130.0
2026-02-12,130000000,PRITIL MARKET,Highland Vegetables,Cauliflower - MEDIUM (8-10CM DIAMETER/BUNCH HD),90.0
2026-02-12,130000000,TRABAJO MARKET,Highland Vegetables,Cauliflower - MEDIUM (8-10CM DIAMETER/BUNCH HD),100.0
2026-02-12,130000000,BLUMENTRITT MARKET,Highland Vegetables,Cauliflower - MEDIUM (8-10CM DIAMETER/BUNCH HD),100.0
2026-02-12,130000000,MANDALUYONG PUBLIC MARKET I,Highland Vegetables,Cauliflower - MEDIUM (8-10CM DIAMETER/BUNCH HD),120.0
2026-02-12,130000000,NAVOTAS AGORA MARKET,Highland Vegetables,Cauliflower - MEDIUM (8-10CM DIAMETER/BUNCH HD),100.0
2026-02-12,130000000,BICUTAN MARKET,Highland Vegetables,Cauliflower - MEDIUM (8-10CM DIAMETER/BUNCH HD),120.0
2026-02-12,130000000,NEW MARULAS PUBLIC MARKET,Highland Vegetables,Cauliflower - MEDIUM (8-10CM DIAMETER/BUNCH HD),120.0
2026-02-12,130000000,GUADALUPE PUBLIC MARKET,Highland Vegetables,Bell Pepper (Green) - MEDIUM (151-250GM/PC),200.0
2026-02-12,130000000,NEW LAS PINAS CITY PUBLIC MARKET,Highland Vegetables,Bell Pepper (Green) - MEDIUM (151-250GM/PC),240.0
2026-02-12,130000000,MARIKINA PUBLIC MARKET,Highland Vegetables,Bell Pepper (Green) - MEDIUM (151-250GM/PC),250.0
2026-02-12,130000000,MUNOZ MARKET,Highland Vegetables,Bell Pepper (Green) - MEDIUM (151-250GM/PC),300.0
2026-02-12,130000000,PASAY CITY MARKET,Highland Vegetables,Bell Pepper (Green) - MEDIUM (151-250GM/PC),150.0
2026-02-12,130000000,SAN ANDRES MARKET,Highland Vegetables,Bell Pepper (Green) - MEDIUM (151-250GM/PC),250.0
2026-02-12,130000000,MEGA Q MART,Highland Vegetables,Bell Pepper (Green) - MEDIUM (151-250GM/PC),250.0
2026-02-12,130000000,PAMILIHANG LUNGSOD NG MUNTINLUPA,Highland Vegetables,Bell Pepper (Green) - MEDIUM (151-250GM/PC),300.0
2026-02-12,130000000,BLUMENTRITT MARKET,Highland Vegetables,Bell Pepper (Green) - MEDIUM (151-250GM/PC),250.0
2026-02-12,130000000,MANDALUYONG PUBLIC MARKET I,Highland Vegetables,Bell Pepper (Green) - MEDIUM (151-250GM/PC),200.0
2026-02-12,130000000,GUADALUPE PUBLIC MARKET,Highland Vegetables,Bell Pepper (Red) - MEDIUM (151-250GM/PC),250.0
2026-02-12,130000000,NEW LAS PINAS CITY PUBLIC MARKET,Highland Vegetables,Bell Pepper (Red) - MEDIUM (151-250GM/PC),280.0
2026-02-12,130000000,MARIKINA PUBLIC MARKET,Highland Vegetables,Bell Pepper (Red) - MEDIUM (151-250GM/PC),220.0
2026-02-12,130000000,MUNOZ MARKET,Highland Vegetables,Bell Pepper (Red) - MEDIUM (151-250GM/PC),250.0
2026-02-12,130000000,PASAY CITY MARKET,Highland Vegetables,Bell Pepper (Red) - MEDIUM (151-250GM/PC),180.0
2026-02-12,130000000,QUINTA MARKET,Highland Vegetables,Bell Pepper (Red) - MEDIUM (151-250GM/PC),250.0
2026-02-12,130000000,SAN ANDRES MARKET,Highland Vegetables,Bell Pepper (Red) - MEDIUM (151-250GM/PC),270.0
2026-02-12,130000000,MEGA Q MART,Highland Vegetables,Bell Pepper (Red) - MEDIUM (151-250GM/PC),250.0
2026-02-12,130000000,PAMILIHANG LUNGSOD NG MUNTINLUPA,Highland Vegetables,Bell Pepper (Red) - MEDIUM (151-250GM/PC),250.0
2026-02-12,130000000,PRITIL MARKET,Highland Vegetables,Bell Pepper (Red) - MEDIUM (151-250GM/PC),250.0
2026-02-12,130000000,TRABAJO MARKET,Highland Vegetables,Bell Pepper (Red) - MEDIUM (151-250GM/PC),200.0
2026-02-12,130000000,BLUMENTRITT MARKET,Highland Vegetables,Bell Pepper (Red) - MEDIUM (151-250GM/PC),250.0
2026-02-12,130000000,MANDALUYONG PUBLIC MARKET I,Highland Vegetables,Bell Pepper (Red) - MEDIUM (151-250GM/PC),200.0
2026-02-12,130000000,NAVOTAS AGORA MARKET,Highland Vegetables,Bell Pepper (Red) - MEDIUM (151-250GM/PC),250.0
2026-02-12,130000000,LA HUERTA MARKET,Highland Vegetables,Bell Pepper (Red) - MEDIUM (151-250GM/PC),200.0
2026-02-12,130000000,MURPHY MARKET,Highland Vegetables,Bell Pepper (Red) - MEDIUM (151-250GM/PC),300.0
2026-02-12,130000000,AGORA PUBLIC MARKET (SAN JUAN),Highland Vegetables,Bell Pepper (Red) - MEDIUM (151-250GM/PC),250.0
2026-02-12,130000000,BICUTAN MARKET,Highland Vegetables,Bell Pepper (Red) - MEDIUM (151-250GM/PC),250.0
2026-02-12,130000000,GUADALUPE PUBLIC MARKET,Highland Vegetables,Celery - MEDIUM (501-800 G),140.0
2026-02-12,130000000,MARIKINA PUBLIC MARKET,Highland Vegetables,Celery - MEDIUM (501-800 G),120.0
2026-02-12,130000000,MUNOZ MARKET,Highland Vegetables,Celery - MEDIUM (501-800 G),200.0
2026-02-12,130000000,PASAY CITY MARKET,Highland Vegetables,Celery - MEDIUM (501-800 G),100.0
2026-02-12,130000000,SAN ANDRES MARKET,Highland Vegetables,Celery - MEDIUM (501-800 G),150.0
2026-02-12,130000000,PAMILIHANG LUNGSOD NG MUNTINLUPA,Highland Vegetables,Celery - MEDIUM (501-800 G),180.0
2026-02-12,130000000,PRITIL MARKET,Highland Vegetables,Celery - MEDIUM (501-800 G),200.0
2026-02-12,130000000,MANDALUYONG PUBLIC MARKET I,Highland Vegetables,Celery - MEDIUM (501-800 G),150.0
2026-02-12,130000000,LA HUERTA MARKET,Highland Vegetables,Celery - MEDIUM (501-800 G),160.0
2026-02-12,130000000,AGORA PUBLIC MARKET (SAN JUAN),Highland Vegetables,Celery - MEDIUM (501-800 G),150.0
2026-02-12,130000000,BICUTAN MARKET,Highland Vegetables,Celery - MEDIUM (501-800 G),180.0
2026-02-12,130000000,NEW MARULAS PUBLIC MARKET,Highland Vegetables,Celery - MEDIUM (501-800 G),160.0
2026-02-12,130000000,NEW LAS PINAS CITY PUBLIC MARKET,Highland Vegetables,Cabbage (Rare Ball) - 510GM-1KG/HEAD,90.0
2026-02-12,130000000,MARIKINA PUBLIC MARKET,Highland Vegetables,Cabbage (Rare Ball) - 510GM-1KG/HEAD,100.0
2026-02-12,130000000,PAMILIHANG LUNGSOD NG MUNTINLUPA,Highland Vegetables,Cabbage (Rare Ball) - 510GM-1KG/HEAD,80.0
2026-02-12,130000000,MANDALUYONG PUBLIC MARKET I,Highland Vegetables,Cabbage (Rare Ball) - 510GM-1KG/HEAD,100.0
2026-02-12,130000000,AGORA PUBLIC MARKET (SAN JUAN),Highland Vegetables,Cabbage (Rare Ball) - 510GM-1KG/HEAD,100.0
2026-02-12,130000000,BICUTAN MARKET,Highland Vegetables,Cabbage (Rare Ball) - 510GM-1KG/HEAD,80.0
2026-02-12,130000000,PASAY CITY MARKET,Highland Vegetables,Cabbage (Wonder Ball) - 510GM-1KG/HEAD,60.0
2026-02-12,130000000,QUINTA MARKET,Highland Vegetables,Cabbage (Wonder Ball) - 510GM-1KG/HEAD,100.0
2026-02-12,130000000,SAN ANDRES MARKET,Highland Vegetables,Cabbage (Wonder Ball) - 510GM-1KG/HEAD,100.0
2026-02-12,130000000,MEGA Q MART,Highland Vegetables,Cabbage (Wonder Ball) - 510GM-1KG/HEAD,80.0
2026-02-12,130000000,PRITIL MARKET,Highland Vegetables,Cabbage (Wonder Ball) - 510GM-1KG/HEAD,90.0
2026-02-12,130000000,NAVOTAS AGORA MARKET,Highland Vegetables,Cabbage (Wonder Ball) - 510GM-1KG/HEAD,90.0
2026-02-12,130000000,MURPHY MARKET,Highland Vegetables,Cabbage (Wonder Ball) - 510GM-1KG/HEAD,90.0
2026-02-12,130000000,GUADALUPE PUBLIC MARKET,Highland Vegetables,Lettuce (Green Ice),200.0
2026-02-12,130000000,NEW LAS PINAS CITY PUBLIC MARKET,Highland Vegetables,Lettuce (Green Ice),220.0
2026-02-12,130000000,MARIKINA PUBLIC MARKET,Highland Vegetables,Lettuce (Green Ice),200.0
2026-02-12,130000000,MUNOZ MARKET,Highland Vegetables,Lettuce (Green Ice),200.0
2026-02-12,130000000,SAN ANDRES MARKET,Highland Vegetables,Lettuce (Green Ice),180.0
2026-02-12,130000000,PAMILIHANG LUNGSOD NG MUNTINLUPA,Highland Vegetables,Lettuce (Green Ice),200.0
2026-02-12,130000000,PRITIL MARKET,Highland Vegetables,Lettuce (Green Ice),250.0
2026-02-12,130000000,NAVOTAS AGORA MARKET,Highland Vegetables,Lettuce (Green Ice),250.0
2026-02-12,130000000,LA HUERTA MARKET,Highland Vegetables,Lettuce (Green Ice),150.0
2026-02-12,130000000,AGORA PUBLIC MARKET (SAN JUAN),Highland Vegetables,Lettuce (Green Ice),150.0
2026-02-12,130000000,NEW MARULAS PUBLIC MARKET,Highland Vegetables,Lettuce (Green Ice),300.0
2026-02-12,130000000,GUADALUPE PUBLIC MARKET,Highland Vegetables,Lettuce (Iceberg) - MEDIUM(301-450CM DIAMETER/BUNCH HD),250.0
2026-02-12,130000000,AGORA PUBLIC MARKET (SAN JUAN),Highland Vegetables,Lettuce (Iceberg) - MEDIUM(301-450CM DIAMETER/BUNCH HD),200.0
2026-02-12,130000000,GUADALUPE PUBLIC MARKET,Highland Vegetables,Lettuce (Romaine),300.0
2026-02-12,130000000,NEW LAS PINAS CITY PUBLIC MARKET,Highland Vegetables,Lettuce (Romaine),260.0
2026-02-12,130000000,MARIKINA PUBLIC MARKET,Highland Vegetables,Lettuce (Romaine),250.0
2026-02-12,130000000,PASAY CITY MARKET,Highland Vegetables,Lettuce (Romaine),160.0
2026-02-12,130000000,SAN ANDRES MARKET,Highland Vegetables,Lettuce (Romaine),200.0
2026-02-12,130000000,AGORA PUBLIC MARKET (SAN JUAN),Highland Vegetables,Lettuce (Romaine),250.0
2026-02-12,130000000,GUADALUPE PUBLIC MARKET,Lowland Vegetables,Ampalaya - 4-5 PCS/KG,140.0
2026-02-12,130000000,NEW LAS PINAS CITY PUBLIC MARKET,Lowland Vegetables,Ampalaya - 4-5 PCS/KG,150.0
2026-02-12,130000000,MARIKINA PUBLIC MARKET,Lowland Vegetables,Ampalaya - 4-5 PCS/KG,160.0
2026-02-12,130000000,MUNOZ MARKET,Lowland Vegetables,Ampalaya - 4-5 PCS/KG,150.0
2026-02-12,130000000,PASAY CITY MARKET,Lowland Vegetables,Ampalaya - 4-5 PCS/KG,140.0
2026-02-12,130000000,QUINTA MARKET,Lowland Vegetables,Ampalaya - 4-5 PCS/KG,160.0
2026-02-12,130000000,SAN ANDRES MARKET,Lowland Vegetables,Ampalaya - 4-5 PCS/KG,180.0
2026-02-12,130000000,MEGA Q MART,Lowland Vegetables,Ampalaya - 4-5 PCS/KG,150.0
2026-02-12,130000000,PAMILIHANG LUNGSOD NG MUNTINLUPA,Lowland Vegetables,Ampalaya - 4-5 PCS/KG,150.0
2026-02-12,130000000,PRITIL MARKET,Lowland Vegetables,Ampalaya - 4-5 PCS/KG,170.0
2026-02-12,130000000,TRABAJO MARKET,Lowland Vegetables,Ampalaya - 4-5 PCS/KG,160.0
2026-02-12,130000000,BLUMENTRITT MARKET,Lowland Vegetables,Ampalaya - 4-5 PCS/KG,150.0
2026-02-12,130000000,MANDALUYONG PUBLIC MARKET I,Lowland Vegetables,Ampalaya - 4-5 PCS/KG,140.0
2026-02-12,130000000,NAVOTAS AGORA MARKET,Lowland Vegetables,Ampalaya - 4-5 PCS/KG,180.0
2026-02-12,130000000,LA HUERTA MARKET,Lowland Vegetables,Ampalaya - 4-5 PCS/KG,160.0
2026-02-12,130000000,MURPHY MARKET,Lowland Vegetables,Ampalaya - 4-5 PCS/KG,180.0
2026-02-12,130000000,AGORA PUBLIC MARKET (SAN JUAN),Lowland Vegetables,Ampalaya - 4-5 PCS/KG,150.0
2026-02-12,130000000,BICUTAN MARKET,Lowland Vegetables,Ampalaya - 4-5 PCS/KG,130.0
2026-02-12,130000000,NEW MARULAS PUBLIC MARKET,Lowland Vegetables,Ampalaya - 4-5 PCS/KG,180.0
2026-02-12,130000000,GUADALUPE PUBLIC MARKET,Lowland Vegetables,Squash - SUPREMA VARIETY,50.0
2026-02-12,130000000,NEW LAS PINAS CITY PUBLIC MARKET,Lowland Vegetables,Squash - SUPREMA VARIETY,70.0
2026-02-12,130000000,MARIKINA PUBLIC MARKET,Lowland Vegetables,Squash - SUPREMA VARIETY,60.0
2026-02-12,130000000,MUNOZ MARKET,Lowland Vegetables,Squash - SUPREMA VARIETY,50.0
2026-02-12,130000000,PASAY CITY MARKET,Lowland Vegetables,Squash - SUPREMA VARIETY,60.0
2026-02-12,130000000,QUINTA MARKET,Lowland Vegetables,Squash - SUPREMA VARIETY,80.0
2026-02-12,130000000,SAN ANDRES MARKET,Lowland Vegetables,Squash - SUPREMA VARIETY,70.0
2026-02-12,130000000,MEGA Q MART,Lowland Vegetables,Squash - SUPREMA VARIETY,50.0
2026-02-12,130000000,PAMILIHANG LUNGSOD NG MUNTINLUPA,Lowland Vegetables,Squash - SUPREMA VARIETY,60.0
2026-02-12,130000000,PRITIL MARKET,Lowland Vegetables,Squash - SUPREMA VARIETY,60.0
2026-02-12,130000000,TRABAJO MARKET,Lowland Vegetables,Squash - SUPREMA VARIETY,50.0
2026-02-12,130000000,BLUMENTRITT MARKET,Lowland Vegetables,Squash - SUPREMA VARIETY,60.0
2026-02-12,130000000,MANDALUYONG PUBLIC MARKET I,Lowland Vegetables,Squash - SUPREMA VARIETY,60.0
2026-02-12,130000000,NAVOTAS AGORA MARKET,Lowland Vegetables,Squash - SUPREMA VARIETY,60.0
2026-02-12,130000000,LA HUERTA MARKET,Lowland Vegetables,Squash - SUPREMA VARIETY,50.0
2026-02-12,130000000,MURPHY MARKET,Lowland Vegetables,Squash - SUPREMA VARIETY,70.0
2026-02-12,130000000,AGORA PUBLIC MARKET (SAN JUAN),Lowland Vegetables,Squash - SUPREMA VARIETY,60.0
2026-02-12,130000000,BICUTAN MARKET,Lowland Vegetables,Squash - SUPREMA VARIETY,60.0
2026-02-12,130000000,NEW MARULAS PUBLIC MARKET,Lowland Vegetables,Squash - SUPREMA VARIETY,70.0
2026-02-12,130000000,GUADALUPE PUBLIC MARKET,Lowland Vegetables,Pechay (Native) - 3-4 SMALL BUNDLES/KG,60.0
2026-02-12,130000000,NEW LAS PINAS CITY PUBLIC MARKET,Lowland Vegetables,Pechay (Native) - 3-4 SMALL BUNDLES/KG,90.0
2026-02-12,130000000,MARIKINA PUBLIC MARKET,Lowland Vegetables,Pechay (Native) - 3-4 SMALL BUNDLES/KG,60.0
2026-02-12,130000000,MUNOZ MARKET,Lowland Vegetables,Pechay (Native) - 3-4 SMALL BUNDLES/KG,80.0
2026-02-12,130000000,PASAY CITY MARKET,Lowland Vegetables,Pechay (Native) - 3-4 SMALL BUNDLES/KG,70.0
2026-02-12,130000000,QUINTA MARKET,Lowland Vegetables,Pechay (Native) - 3-4 SMALL BUNDLES/KG,80.0
2026-02-12,130000000,SAN ANDRES MARKET,Lowland Vegetables,Pechay (Native) - 3-4 SMALL BUNDLES/KG,80.0
2026-02-12,130000000,MEGA Q MART,Lowland Vegetables,Pechay (Native) - 3-4 SMALL BUNDLES/KG,80.0
2026-02-12,130000000,PAMILIHANG LUNGSOD NG MUNTINLUPA,Lowland Vegetables,Pechay (Native) - 3-4 SMALL BUNDLES/KG,60.0
2026-02-12,130000000,PRITIL MARKET,Lowland Vegetables,Pechay (Native) - 3-4 SMALL BUNDLES/KG,70.0
2026-02-12,130000000,TRABAJO MARKET,Lowland Vegetables,Pechay (Native) - 3-4 SMALL BUNDLES/KG,80.0
2026-02-12,130000000,BLUMENTRITT MARKET,Lowland Vegetables,Pechay (Native) - 3-4 SMALL BUNDLES/KG,90.0
2026-02-12,130000000,MANDALUYONG PUBLIC MARKET I,Lowland Vegetables,Pechay (Native) - 3-4 SMALL BUNDLES/KG,80.0
2026-02-12,130000000,NAVOTAS AGORA MARKET,Lowland Vegetables,Pechay (Native) - 3-4 SMALL BUNDLES/KG,70.0
2026-02-12,130000000,LA HUERTA MARKET,Lowland Vegetables,Pechay (Native) - 3-4 SMALL BUNDLES/KG,50.0
2026-02-12,130000000,MURPHY MARKET,Lowland Vegetables,Pechay (Native) - 3-4 SMALL BUNDLES/KG,100.0
2026-02-12,130000000,AGORA PUBLIC MARKET (SAN JUAN),Lowland Vegetables,Pechay (Native) - 3-4 SMALL BUNDLES/KG,70.0
2026-02-12,130000000,BICUTAN MARKET,Lowland Vegetables,Pechay (Native) - 3-4 SMALL BUNDLES/KG,50.0
2026-02-12,130000000,NEW MARULAS PUBLIC MARKET,Lowland Vegetables,Pechay (Native) - 3-4 SMALL BUNDLES/KG,70.0
2026-02-12,130000000,GUADALUPE PUBLIC MARKET,Lowland Vegetables,Sitao - 3-4 SMALL BUNDLES/KG,120.0
2026-02-12,130000000,NEW LAS PINAS CITY PUBLIC MARKET,Lowland Vegetables,Sitao - 3-4 SMALL BUNDLES/KG,140.0
2026-02-12,130000000,MARIKINA PUBLIC MARKET,Lowland Vegetables,Sitao - 3-4 SMALL BUNDLES/KG,150.0
2026-02-12,130000000,MUNOZ MARKET,Lowland Vegetables,Sitao - 3-4 SMALL BUNDLES/KG,100.0
2026-02-12,130000000,PASAY CITY MARKET,Lowland Vegetables,Sitao - 3-4 SMALL BUNDLES/KG,130.0
2026-02-12,130000000,QUINTA MARKET,Lowland Vegetables,Sitao - 3-4 SMALL BUNDLES/KG,140.0
2026-02-12,130000000,SAN ANDRES MARKET,Lowland Vegetables,Sitao - 3-4 SMALL BUNDLES/KG,120.0
2026-02-12,130000000,MEGA Q MART,Lowland Vegetables,Sitao - 3-4 SMALL BUNDLES/KG,140.0
2026-02-12,130000000,PAMILIHANG LUNGSOD NG MUNTINLUPA,Lowland Vegetables,Sitao - 3-4 SMALL BUNDLES/KG,130.0
2026-02-12,130000000,PRITIL MARKET,Lowland Vegetables,Sitao - 3-4 SMALL BUNDLES/KG,120.0
2026-02-12,130000000,TRABAJO MARKET,Lowland Vegetables,Sitao - 3-4 SMALL BUNDLES/KG,120.0
2026-02-12,130000000,BLUMENTRITT MARKET,Lowland Vegetables,Sitao - 3-4 SMALL BUNDLES/KG,140.0
2026-02-12,130000000,MANDALUYONG PUBLIC MARKET I,Lowland Vegetables,Sitao - 3-4 SMALL BUNDLES/KG,150.0
2026-02-12,130000000,NAVOTAS AGORA MARKET,Lowland Vegetables,Sitao - 3-4 SMALL BUNDLES/KG,120.0
2026-02-12,130000000,LA HUERTA MARKET,Lowland Vegetables,Sitao - 3-4 SMALL BUNDLES/KG,150.0
2026-02-12,130000000,MURPHY MARKET,Lowland Vegetables,Sitao - 3-4 SMALL BUNDLES/KG,140.0
2026-02-12,130000000,AGORA PUBLIC MARKET (SAN JUAN),Lowland Vegetables,Sitao - 3-4 SMALL BUNDLES/KG,100.0
2026-02-12,130000000,BICUTAN MARKET,Lowland Vegetables,Sitao - 3-4 SMALL BUNDLES/KG,120.0
2026-02-12,130000000,NEW MARULAS PUBLIC MARKET,Lowland Vegetables,Sitao - 3-4 SMALL BUNDLES/KG,150.0
2026-02-12,130000000,GUADALUPE PUBLIC MARKET,Lowland Vegetables,Eggplant - 3-4 SMALL BUNDLES/KG,80.0
2026-02-12,130000000,NEW LAS PINAS CITY PUBLIC MARKET,Lowland Vegetables,Eggplant - 3-4 SMALL BUNDLES/KG,80.0
2026-02-12,130000000,MARIKINA PUBLIC MARKET,Lowland Vegetables,Eggplant - 3-4 SMALL BUNDLES/KG,80.0
2026-02-12,130000000,MUNOZ MARKET,Lowland Vegetables,Eggplant - 3-4 SMALL BUNDLES/KG,60.0
2026-02-12,130000000,PASAY CITY MARKET,Lowland Vegetables,Eggplant - 3-4 SMALL BUNDLES/KG,90.0
2026-02-12,130000000,QUINTA MARKET,Lowland Vegetables,Eggplant - 3-4 SMALL BUNDLES/KG,120.0
2026-02-12,130000000,SAN ANDRES MARKET,Lowland Vegetables,Eggplant - 3-4 SMALL BUNDLES/KG,100.0
2026-02-12,130000000,MEGA Q MART,Lowland Vegetables,Eggplant - 3-4 SMALL BUNDLES/KG,70.0
2026-02-12,130000000,PAMILIHANG LUNGSOD NG MUNTINLUPA,Lowland Vegetables,Eggplant - 3-4 SMALL BUNDLES/KG,70.0
2026-02-12,130000000,PRITIL MARKET,Lowland Vegetables,Eggplant - 3-4 SMALL BUNDLES/KG,90.0
2026-02-12,130000000,TRABAJO MARKET,Lowland Vegetables,Eggplant - 3-4 SMALL BUNDLES/KG,80.0
2026-02-12,130000000,BLUMENTRITT MARKET,Lowland Vegetables,Eggplant - 3-4 SMALL BUNDLES/KG,90.0
2026-02-12,130000000,MANDALUYONG PUBLIC MARKET I,Lowland Vegetables,Eggplant - 3-4 SMALL BUNDLES/KG,120.0
2026-02-12,130000000,NAVOTAS AGORA MARKET,Lowland Vegetables,Eggplant - 3-4 SMALL BUNDLES/KG,100.0
2026-02-12,130000000,LA HUERTA MARKET,Lowland Vegetables,Eggplant - 3-4 SMALL BUNDLES/KG,80.0
2026-02-12,130000000,MURPHY MARKET,Lowland Vegetables,Eggplant - 3-4 SMALL BUNDLES/KG,80.0
2026-02-12,130000000,AGORA PUBLIC MARKET (SAN JUAN),Lowland Vegetables,Eggplant - 3-4 SMALL BUNDLES/KG,80.0
2026-02-12,130000000,BICUTAN MARKET,Lowland Vegetables,Eggplant - 3-4 SMALL BUNDLES/KG,70.0
2026-02-12,130000000,NEW MARULAS PUBLIC MARKET,Lowland Vegetables,Eggplant - 3-4 SMALL BUNDLES/KG,80.0
2026-02-12,130000000,GUADALUPE PUBLIC MARKET,Lowland Vegetables,Tomato - 15-18 PCS/KG,60.0
2026-02-12,130000000,NEW LAS PINAS CITY PUBLIC MARKET,Lowland Vegetables,Tomato - 15-18 PCS/KG,45.0
2026-02-12,130000000,MARIKINA PUBLIC MARKET,Lowland Vegetables,Tomato - 15-18 PCS/KG,60.0
2026-02-12,130000000,MUNOZ MARKET,Lowland Vegetables,Tomato - 15-18 PCS/KG,50.0
2026-02-12,130000000,PASAY CITY MARKET,Lowland Vegetables,Tomato - 15-18 PCS/KG,70.0
2026-02-12,130000000,QUINTA MARKET,Lowland Vegetables,Tomato - 15-18 PCS/KG,80.0
2026-02-12,130000000,SAN ANDRES MARKET,Lowland Vegetables,Tomato - 15-18 PCS/KG,80.0
2026-02-12,130000000,MEGA Q MART,Lowland Vegetables,Tomato - 15-18 PCS/KG,80.0
2026-02-12,130000000,PAMILIHANG LUNGSOD NG MUNTINLUPA,Lowland Vegetables,Tomato - 15-18 PCS/KG,50.0
2026-02-12,130000000,PRITIL MARKET,Lowland Vegetables,Tomato - 15-18 PCS/KG,70.0
2026-02-12,130000000,TRABAJO MARKET,Lowland Vegetables,Tomato - 15-18 PCS/KG,100.0
2026-02-12,130000000,BLUMENTRITT MARKET,Lowland Vegetables,Tomato - 15-18 PCS/KG,80.0
2026-02-12,130000000,MANDALUYONG PUBLIC MARKET I,Lowland Vegetables,Tomato - 15-18 PCS/KG,100.0
2026-02-12,130000000,NAVOTAS AGORA MARKET,Lowland Vegetables,Tomato - 15-18 PCS/KG,80.0
2026-02-12,130000000,LA HUERTA MARKET,Lowland Vegetables,Tomato - 15-18 PCS/KG,40.0
2026-02-12,130000000,MURPHY MARKET,Lowland Vegetables,Tomato - 15-18 PCS/KG,80.0
2026-02-12,130000000,AGORA PUBLIC MARKET (SAN JUAN),Lowland Vegetables,Tomato - 15-18 PCS/KG,70.0
2026-02-12,130000000,BICUTAN MARKET,Lowland Vegetables,Tomato - 15-18 PCS/KG,50.0
2026-02-12,130000000,NEW MARULAS PUBLIC MARKET,Lowland Vegetables,Tomato - 15-18 PCS/KG,80.0
2026-02-12,130000000,MUNOZ MARKET,Meat and Poultry,Beef Brisket - MEAT WITH BONES,420.0
2026-02-12,130000000,PASAY CITY MARKET,Meat and Poultry,Beef Brisket - MEAT WITH BONES,390.0
2026-02-12,130000000,TRABAJO MARKET,Meat and Poultry,Beef Brisket - MEAT WITH BONES,460.0
2026-02-12,130000000,MANDALUYONG PUBLIC MARKET I,Meat and Poultry,Beef Brisket - MEAT WITH BONES,480.0
2026-02-12,130000000,LA HUERTA MARKET,Meat and Poultry,Beef Brisket - MEAT WITH BONES,440.0
2026-02-12,130000000,MURPHY MARKET,Meat and Poultry,Beef Brisket - MEAT WITH BONES,420.0
2026-02-12,130000000,AGORA PUBLIC MARKET (SAN JUAN),Meat and Poultry,Beef Brisket - MEAT WITH BONES,420.0
2026-02-12,130000000,GUADALUPE PUBLIC MARKET,Meat and Poultry,Beef Rump - LEAN MEAT / TAPADERA,520.0
2026-02-12,130000000,MARIKINA PUBLIC MARKET,Meat and Poultry,Beef Rump - LEAN MEAT / TAPADERA,450.0
2026-02-12,130000000,MUNOZ MARKET,Meat and Poultry,Beef Rump - LEAN MEAT / TAPADERA,520.0
2026-02-12,130000000,PASAY CITY MARKET,Meat and Poultry,Beef Rump - LEAN MEAT / TAPADERA,430.0
2026-02-12,130000000,TRABAJO MARKET,Meat and Poultry,Beef Rump - LEAN MEAT / TAPADERA,520.0
2026-02-12,130000000,MANDALUYONG PUBLIC MARKET I,Meat and Poultry,Beef Rump - LEAN MEAT / TAPADERA,540.0
2026-02-12,130000000,LA HUERTA MARKET,Meat and Poultry,Beef Rump - LEAN MEAT / TAPADERA,500.0
2026-02-12,130000000,MURPHY MARKET,Meat and Poultry,Beef Rump - LEAN MEAT / TAPADERA,500.0
2026-02-12,130000000,AGORA PUBLIC MARKET (SAN JUAN),Meat and Poultry,Beef Rump - LEAN MEAT / TAPADERA,480.0
2026-02-12,130000000,NEW MARULAS PUBLIC MARKET,Meat and Poultry,Beef Rump - LEAN MEAT / TAPADERA,510.0
2026-02-12,130000000,GUADALUPE PUBLIC MARKET,Meat and Poultry,"Chicken Egg (White, Medium) - 56-60 grams/pc",8.0
2026-02-12,130000000,NEW LAS PINAS CITY PUBLIC MARKET,Meat and Poultry,"Chicken Egg (White, Medium) - 56-60 grams/pc",8.5
2026-02-12,130000000,MUNOZ MARKET,Meat and Poultry,"Chicken Egg (White, Medium) - 56-60 grams/pc",8.0
2026-02-12,130000000,PASAY CITY MARKET,Meat and Poultry,"Chicken Egg (White, Medium) - 56-60 grams/pc",8.5
2026-02-12,130000000,QUINTA MARKET,Meat and Poultry,"Chicken Egg (White, Medium) - 56-60 grams/pc",8.5
2026-02-12,130000000,SAN ANDRES MARKET,Meat and Poultry,"Chicken Egg (White, Medium) - 56-60 grams/pc",8.5
2026-02-12,130000000,PAMILIHANG LUNGSOD NG MUNTINLUPA,Meat and Poultry,"Chicken Egg (White, Medium) - 56-60 grams/pc",8.3
2026-02-12,130000000,PRITIL MARKET,Meat and Poultry,"Chicken Egg (White, Medium) - 56-60 grams/pc",8.5
2026-02-12,130000000,TRABAJO MARKET,Meat and Poultry,"Chicken Egg (White, Medium) - 56-60 grams/pc",8.0
2026-02-12,130000000,NAVOTAS AGORA MARKET,Meat and Poultry,"Chicken Egg (White, Medium) - 56-60 grams/pc",8.0
2026-02-12,130000000,MURPHY MARKET,Meat and Poultry,"Chicken Egg (White, Medium) - 56-60 grams/pc",8.0
2026-02-12,130000000,AGORA PUBLIC MARKET (SAN JUAN),Meat and Poultry,"Chicken Egg (White, Medium) - 56-60 grams/pc",8.5
2026-02-12,130000000,BICUTAN MARKET,Meat and Poultry,"Chicken Egg (White, Medium) - 56-60 grams/pc",8.75
2026-02-12,130000000,NEW MARULAS PUBLIC MARKET,Meat and Poultry,"Chicken Egg (White, Medium) - 56-60 grams/pc",8.4
2026-02-12,130000000,GUADALUPE PUBLIC MARKET,Meat and Poultry,Pork Ham (Kasim),370.0
2026-02-12,130000000,NEW LAS PINAS CITY PUBLIC MARKET,Meat and Poultry,Pork Ham (Kasim),305.0
2026-02-12,130000000,MARIKINA PUBLIC MARKET,Meat and Poultry,Pork Ham (Kasim),320.0
2026-02-12,130000000,MUNOZ MARKET,Meat and Poultry,Pork Ham (Kasim),340.0
2026-02-12,130000000,PASAY CITY MARKET,Meat and Poultry,Pork Ham (Kasim),330.0
2026-02-12,130000000,QUINTA MARKET,Meat and Poultry,Pork Ham (Kasim),340.0
2026-02-12,130000000,SAN ANDRES MARKET,Meat and Poultry,Pork Ham (Kasim),380.0
2026-02-12,130000000,MEGA Q MART,Meat and Poultry,Pork Ham (Kasim),330.0
2026-02-12,130000000,PAMILIHANG LUNGSOD NG MUNTINLUPA,Meat and Poultry,Pork Ham (Kasim),330.0
2026-02-12,130000000,PRITIL MARKET,Meat and Poultry,Pork Ham (Kasim),340.0
2026-02-12,130000000,TRABAJO MARKET,Meat and Poultry,Pork Ham (Kasim),360.0
2026-02-12,130000000,BLUMENTRITT MARKET,Meat and Poultry,Pork Ham (Kasim),350.0
2026-02-12,130000000,MANDALUYONG PUBLIC MARKET I,Meat and Poultry,Pork Ham (Kasim),350.0
2026-02-12,130000000,NAVOTAS AGORA MARKET,Meat and Poultry,Pork Ham (Kasim),330.0
2026-02-12,130000000,LA HUERTA MARKET,Meat and Poultry,Pork Ham (Kasim),330.0
2026-02-12,130000000,MURPHY MARKET,Meat and Poultry,Pork Ham (Kasim),320.0
2026-02-12,130000000,AGORA PUBLIC MARKET (SAN JUAN),Meat and Poultry,Pork Ham (Kasim),300.0
2026-02-12,130000000,BICUTAN MARKET,Meat and Poultry,Pork Ham (Kasim),360.0
2026-02-12,130000000,NEW MARULAS PUBLIC MARKET,Meat and Poultry,Pork Ham (Kasim),340.0
2026-02-12,130000000,GUADALUPE PUBLIC MARKET,Meat and Poultry,Pork Belly (Liempo),430.0
2026-02-12,130000000,NEW LAS PINAS CITY PUBLIC MARKET,Meat and Poultry,Pork Belly (Liempo),350.0
2026-02-12,130000000,MARIKINA PUBLIC MARKET,Meat and Poultry,Pork Belly (Liempo),370.0
2026-02-12,130000000,MUNOZ MARKET,Meat and Poultry,Pork Belly (Liempo),380.0
2026-02-12,130000000,PASAY CITY MARKET,Meat and Poultry,Pork Belly (Liempo),370.0
2026-02-12,130000000,QUINTA MARKET,Meat and Poultry,Pork Belly (Liempo),400.0
2026-02-12,130000000,SAN ANDRES MARKET,Meat and Poultry,Pork Belly (Liempo),420.0
2026-02-12,130000000,MEGA Q MART,Meat and Poultry,Pork Belly (Liempo),400.0
2026-02-12,130000000,PAMILIHANG LUNGSOD NG MUNTINLUPA,Meat and Poultry,Pork Belly (Liempo),350.0
2026-02-12,130000000,PRITIL MARKET,Meat and Poultry,Pork Belly (Liempo),400.0
2026-02-12,130000000,TRABAJO MARKET,Meat and Poultry,Pork Belly (Liempo),430.0
2026-02-12,130000000,BLUMENTRITT MARKET,Meat and Poultry,Pork Belly (Liempo),400.0
2026-02-12,130000000,MANDALUYONG PUBLIC MARKET I,Meat and Poultry,Pork Belly (Liempo),390.0
2026-02-12,130000000,NAVOTAS AGORA MARKET,Meat and Poultry,Pork Belly (Liempo),360.0
2026-02-12,130000000,LA HUERTA MARKET,Meat and Poultry,Pork Belly (Liempo),390.0
2026-02-12,130000000,BICUTAN MARKET,Meat and Poultry,Pork Belly (Liempo),380.0
2026-02-12,130000000,NEW MARULAS PUBLIC MARKET,Meat and Poultry,Pork Belly (Liempo),400.0
2026-02-12,130000000,GUADALUPE PUBLIC MARKET,Meat and Poultry,Whole Chicken - FULLY DRESSED,220.0
2026-02-12,130000000,NEW LAS PINAS CITY PUBLIC MARKET,Meat and Poultry,Whole Chicken - FULLY DRESSED,190.0
2026-02-12,130000000,MARIKINA PUBLIC MARKET,Meat and Poultry,Whole Chicken - FULLY DRESSED,220.0
2026-02-12,130000000,MUNOZ MARKET,Meat and Poultry,Whole Chicken - FULLY DRESSED,240.0
2026-02-12,130000000,PASAY CITY MARKET,Meat and Poultry,Whole Chicken - FULLY DRESSED,190.0
2026-02-12,130000000,QUINTA MARKET,Meat and Poultry,Whole Chicken - FULLY DRESSED,210.0
2026-02-12,130000000,MEGA Q MART,Meat and Poultry,Whole Chicken - FULLY DRESSED,190.0
2026-02-12,130000000,PAMILIHANG LUNGSOD NG MUNTINLUPA,Meat and Poultry,Whole Chicken - FULLY DRESSED,190.0
2026-02-12,130000000,PRITIL MARKET,Meat and Poultry,Whole Chicken - FULLY DRESSED,200.0
2026-02-12,130000000,TRABAJO MARKET,Meat and Poultry,Whole Chicken - FULLY DRESSED,230.0
2026-02-12,130000000,MANDALUYONG PUBLIC MARKET I,Meat and Poultry,Whole Chicken - FULLY DRESSED,220.0
2026-02-12,130000000,NAVOTAS AGORA MARKET,Meat and Poultry,Whole Chicken - FULLY DRESSED,220.0
2026-02-12,130000000,MURPHY MARKET,Meat and Poultry,Whole Chicken - FULLY DRESSED,200.0
2026-02-12,130000000,AGORA PUBLIC MARKET (SAN JUAN),Meat and Poultry,Whole Chicken - FULLY DRESSED,190.0
2026-02-12,130000000,BICUTAN MARKET,Meat and Poultry,Whole Chicken - FULLY DRESSED,180.0
2026-02-12,130000000,NEW MARULAS PUBLIC MARKET,Meat and Poultry,Whole Chicken - FULLY DRESSED,240.0
2026-02-12,130000000,GUADALUPE PUBLIC MARKET,Meat and Poultry,Frozen Kasim - KASIM,270.0
2026-02-12,130000000,MARIKINA PUBLIC MARKET,Meat and Poultry,Frozen Kasim - KASIM,240.0
2026-02-12,130000000,PASAY CITY MARKET,Meat and Poultry,Frozen Kasim - KASIM,250.0
2026-02-12,130000000,MEGA Q MART,Meat and Poultry,Frozen Kasim - KASIM,260.0
2026-02-12,130000000,AGORA PUBLIC MARKET (SAN JUAN),Meat and Poultry,Frozen Kasim - KASIM,280.0
2026-02-12,130000000,MARIKINA PUBLIC MARKET,Meat and Poultry,Frozen Liempo - LIEMPO,290.0
2026-02-12,130000000,PASAY CITY MARKET,Meat and Poultry,Frozen Liempo - LIEMPO,300.0
2026-02-12,130000000,MEGA Q MART,Meat and Poultry,Frozen Liempo - LIEMPO,340.0
2026-02-12,130000000,BICUTAN MARKET,Meat and Poultry,Frozen Liempo - LIEMPO,300.0
2026-02-12,130000000,GUADALUPE PUBLIC MARKET,Meat and Poultry,"Chicken Egg (White, Extra Small) - 46-50 grams/pc",7.5
2026-02-12,130000000,PAMILIHANG LUNGSOD NG MUNTINLUPA,Meat and Poultry,"Chicken Egg (White, Extra Small) - 46-50 grams/pc",7.5
2026-02-12,130000000,PRITIL MARKET,Meat and Poultry,"Chicken Egg (White, Extra Small) - 46-50 grams/pc",7.3
2026-02-12,130000000,NAVOTAS AGORA MARKET,Meat and Poultry,"Chicken Egg (White, Extra Small) - 46-50 grams/pc",7.0
2026-02-12,130000000,GUADALUPE PUBLIC MARKET,Meat and Poultry,"Chicken Egg (White, Small) - 51-55 grams/pc",7.75
2026-02-12,130000000,NEW LAS PINAS CITY PUBLIC MARKET,Meat and Poultry,"Chicken Egg (White, Small) - 51-55 grams/pc",8.0
2026-02-12,130000000,MUNOZ MARKET,Meat and Poultry,"Chicken Egg (White, Small) - 51-55 grams/pc",7.0
2026-02-12,130000000,QUINTA MARKET,Meat and Poultry,"Chicken Egg (White, Small) - 51-55 grams/pc",8.0
2026-02-12,130000000,SAN ANDRES MARKET,Meat and Poultry,"Chicken Egg (White, Small) - 51-55 grams/pc",8.0
2026-02-12,130000000,MEGA Q MART,Meat and Poultry,"Chicken Egg (White, Small) - 51-55 grams/pc",8.0
2026-02-12,130000000,PAMILIHANG LUNGSOD NG MUNTINLUPA,Meat and Poultry,"Chicken Egg (White, Small) - 51-55 grams/pc",8.0
2026-02-12,130000000,PRITIL MARKET,Meat and Poultry,"Chicken Egg (White, Small) - 51-55 grams/pc",8.0
2026-02-12,130000000,TRABAJO MARKET,Meat and Poultry,"Chicken Egg (White, Small) - 51-55 grams/pc",7.0
2026-02-12,130000000,NAVOTAS AGORA MARKET,Meat and Poultry,"Chicken Egg (White, Small) - 51-55 grams/pc",7.5
2026-02-12,130000000,MURPHY MARKET,Meat and Poultry,"Chicken Egg (White, Small) - 51-55 grams/pc",7.0
2026-02-12,130000000,AGORA PUBLIC MARKET (SAN JUAN),Meat and Poultry,"Chicken Egg (White, Small) - 51-55 grams/pc",8.0
2026-02-12,130000000,BICUTAN MARKET,Meat and Poultry,"Chicken Egg (White, Small) - 51-55 grams/pc",8.0
2026-02-12,130000000,NEW MARULAS PUBLIC MARKET,Meat and Poultry,"Chicken Egg (White, Small) - 51-55 grams/pc",8.0
2026-02-12,130000000,GUADALUPE PUBLIC MARKET,Meat and Poultry,"Chicken Egg (White, Large) - 61-65 grams/pc",8.5
2026-02-12,130000000,NEW LAS PINAS CITY PUBLIC MARKET,Meat and Poultry,"Chicken Egg (White, Large) - 61-65 grams/pc",9.0
2026-02-12,130000000,PASAY CITY MARKET,Meat and Poultry,"Chicken Egg (White, Large) - 61-65 grams/pc",9.0
2026-02-12,130000000,QUINTA MARKET,Meat and Poultry,"Chicken Egg (White, Large) - 61-65 grams/pc",8.75
2026-02-12,130000000,SAN ANDRES MARKET,Meat and Poultry,"Chicken Egg (White, Large) - 61-65 grams/pc",9.0
2026-02-12,130000000,MEGA Q MART,Meat and Poultry,"Chicken Egg (White, Large) - 61-65 grams/pc",9.5
2026-02-12,130000000,PAMILIHANG LUNGSOD NG MUNTINLUPA,Meat and Poultry,"Chicken Egg (White, Large) - 61-65 grams/pc",8.8
2026-02-12,130000000,PRITIL MARKET,Meat and Poultry,"Chicken Egg (White, Large) - 61-65 grams/pc",9.0
2026-02-12,130000000,TRABAJO MARKET,Meat and Poultry,"Chicken Egg (White, Large) - 61-65 grams/pc",8.5
2026-02-12,130000000,NAVOTAS AGORA MARKET,Meat and Poultry,"Chicken Egg (White, Large) - 61-65 grams/pc",8.0
2026-02-12,130000000,MURPHY MARKET,Meat and Poultry,"Chicken Egg (White, Large) - 61-65 grams/pc",8.5
2026-02-12,130000000,AGORA PUBLIC MARKET (SAN JUAN),Meat and Poultry,"Chicken Egg (White, Large) - 61-65 grams/pc",9.0
2026-02-12,130000000,BICUTAN MARKET,Meat and Poultry,"Chicken Egg (White, Large) - 61-65 grams/pc",9.0
2026-02-12,130000000,NEW MARULAS PUBLIC MARKET,Meat and Poultry,"Chicken Egg (White, Large) - 61-65 grams/pc",9.0
2026-02-12,130000000,GUADALUPE PUBLIC MARKET,Meat and Poultry,"Chicken Egg (White, Extra Large) - 66-70 grams/pc",9.0
2026-02-12,130000000,NEW LAS PINAS CITY PUBLIC MARKET,Meat and Poultry,"Chicken Egg (White, Extra Large) - 66-70 grams/pc",9.5
2026-02-12,130000000,QUINTA MARKET,Meat and Poultry,"Chicken Egg (White, Extra Large) - 66-70 grams/pc",9.0
2026-02-12,130000000,SAN ANDRES MARKET,Meat and Poultry,"Chicken Egg (White, Extra Large) - 66-70 grams/pc",10.0
2026-02-12,130000000,MEGA Q MART,Meat and Poultry,"Chicken Egg (White, Extra Large) - 66-70 grams/pc",10.0
2026-02-12,130000000,PAMILIHANG LUNGSOD NG MUNTINLUPA,Meat and Poultry,"Chicken Egg (White, Extra Large) - 66-70 grams/pc",9.2
2026-02-12,130000000,PRITIL MARKET,Meat and Poultry,"Chicken Egg (White, Extra Large) - 66-70 grams/pc",10.0
2026-02-12,130000000,NAVOTAS AGORA MARKET,Meat and Poultry,"Chicken Egg (White, Extra Large) - 66-70 grams/pc",8.5
2026-02-12,130000000,MURPHY MARKET,Meat and Poultry,"Chicken Egg (White, Extra Large) - 66-70 grams/pc",9.0
2026-02-12,130000000,AGORA PUBLIC MARKET (SAN JUAN),Meat and Poultry,"Chicken Egg (White, Extra Large) - 66-70 grams/pc",9.5
2026-02-12,130000000,NEW MARULAS PUBLIC MARKET,Meat and Poultry,"Chicken Egg (White, Extra Large) - 66-70 grams/pc",9.4
2026-02-12,130000000,GUADALUPE PUBLIC MARKET,Meat and Poultry,"Chicken Egg (White, Jumbo) - 71> grams/pc",10.0
2026-02-12,130000000,NEW LAS PINAS CITY PUBLIC MARKET,Meat and Poultry,"Chicken Egg (White, Jumbo) - 71> grams/pc",10.0
2026-02-12,130000000,PASAY CITY MARKET,Meat and Poultry,"Chicken Egg (White, Jumbo) - 71> grams/pc",10.0
2026-02-12,130000000,QUINTA MARKET,Meat and Poultry,"Chicken Egg (White, Jumbo) - 71> grams/pc",10.0
2026-02-12,130000000,PAMILIHANG LUNGSOD NG MUNTINLUPA,Meat and Poultry,"Chicken Egg (White, Jumbo) - 71> grams/pc",10.0
2026-02-12,130000000,PRITIL MARKET,Meat and Poultry,"Chicken Egg (White, Jumbo) - 71> grams/pc",10.0
2026-02-12,130000000,NAVOTAS AGORA MARKET,Meat and Poultry,"Chicken Egg (White, Jumbo) - 71> grams/pc",9.0
2026-02-12,130000000,MURPHY MARKET,Meat and Poultry,"Chicken Egg (White, Jumbo) - 71> grams/pc",10.0
2026-02-12,130000000,NEW MARULAS PUBLIC MARKET,Meat and Poultry,"Chicken Egg (White, Jumbo) - 71> grams/pc",10.0
2026-02-12,130000000,GUADALUPE PUBLIC MARKET,Meat and Poultry,"Chicken Egg (Brown, Medium) - Medium",12.0
2026-02-12,130000000,MUNOZ MARKET,Meat and Poultry,"Chicken Egg (Brown, Medium) - Medium",10.0
2026-02-12,130000000,NEW MARULAS PUBLIC MARKET,Meat and Poultry,"Chicken Egg (Brown, Large) - Large",12.0
2026-02-12,130000000,GUADALUPE PUBLIC MARKET,Spices,Garlic(Imported) - KG,140.0
2026-02-12,130000000,NEW LAS PINAS CITY PUBLIC MARKET,Spices,Garlic(Imported) - KG,145.0
2026-02-12,130000000,MARIKINA PUBLIC MARKET,Spices,Garlic(Imported) - KG,180.0
2026-02-12,130000000,MUNOZ MARKET,Spices,Garlic(Imported) - KG,150.0
2026-02-12,130000000,PASAY CITY MARKET,Spices,Garlic(Imported) - KG,130.0
2026-02-12,130000000,QUINTA MARKET,Spices,Garlic(Imported) - KG,160.0
2026-02-12,130000000,SAN ANDRES MARKET,Spices,Garlic(Imported) - KG,160.0
2026-02-12,130000000,MEGA Q MART,Spices,Garlic(Imported) - KG,140.0
2026-02-12,130000000,PAMILIHANG LUNGSOD NG MUNTINLUPA,Spices,Garlic(Imported) - KG,150.0
2026-02-12,130000000,PRITIL MARKET,Spices,Garlic(Imported) - KG,160.0
2026-02-12,130000000,TRABAJO MARKET,Spices,Garlic(Imported) - KG,140.0
2026-02-12,130000000,BLUMENTRITT MARKET,Spices,Garlic(Imported) - KG,160.0
2026-02-12,130000000,MANDALUYONG PUBLIC MARKET I,Spices,Garlic(Imported) - KG,160.0
2026-02-12,130000000,NAVOTAS AGORA MARKET,Spices,Garlic(Imported) - KG,160.0
2026-02-12,130000000,LA HUERTA MARKET,Spices,Garlic(Imported) - KG,140.0
2026-02-12,130000000,MURPHY MARKET,Spices,Garlic(Imported) - KG,170.0
2026-02-12,130000000,AGORA PUBLIC MARKET (SAN JUAN),Spices,Garlic(Imported) - KG,150.0
2026-02-12,130000000,BICUTAN MARKET,Spices,Garlic(Imported) - KG,160.0
2026-02-12,130000000,NEW MARULAS PUBLIC MARKET,Spices,Garlic(Imported) - KG,160.0
2026-02-12,130000000,GUADALUPE PUBLIC MARKET,Spices,"Ginger - FAIRLY WELL-MATURED, MEDIUM (150-300 GM)",150.0
2026-02-12,130000000,NEW LAS PINAS CITY PUBLIC MARKET,Spices,"Ginger - FAIRLY WELL-MATURED, MEDIUM (150-300 GM)",170.0
2026-02-12,130000000,MARIKINA PUBLIC MARKET,Spices,"Ginger - FAIRLY WELL-MATURED, MEDIUM (150-300 GM)",170.0
2026-02-12,130000000,MUNOZ MARKET,Spices,"Ginger - FAIRLY WELL-MATURED, MEDIUM (150-300 GM)",120.0
2026-02-12,130000000,PASAY CITY MARKET,Spices,"Ginger - FAIRLY WELL-MATURED, MEDIUM (150-300 GM)",140.0
2026-02-12,130000000,QUINTA MARKET,Spices,"Ginger - FAIRLY WELL-MATURED, MEDIUM (150-300 GM)",160.0
2026-02-12,130000000,SAN ANDRES MARKET,Spices,"Ginger - FAIRLY WELL-MATURED, MEDIUM (150-300 GM)",180.0
2026-02-12,130000000,MEGA Q MART,Spices,"Ginger - FAIRLY WELL-MATURED, MEDIUM (150-300 GM)",150.0
2026-02-12,130000000,PAMILIHANG LUNGSOD NG MUNTINLUPA,Spices,"Ginger - FAIRLY WELL-MATURED, MEDIUM (150-300 GM)",140.0
2026-02-12,130000000,PRITIL MARKET,Spices,"Ginger - FAIRLY WELL-MATURED, MEDIUM (150-300 GM)",160.0
2026-02-12,130000000,TRABAJO MARKET,Spices,"Ginger - FAIRLY WELL-MATURED, MEDIUM (150-300 GM)",120.0
2026-02-12,130000000,MANDALUYONG PUBLIC MARKET I,Spices,"Ginger - FAIRLY WELL-MATURED, MEDIUM (150-300 GM)",160.0
2026-02-12,130000000,NAVOTAS AGORA MARKET,Spices,"Ginger - FAIRLY WELL-MATURED, MEDIUM (150-300 GM)",160.0
2026-02-12,130000000,LA HUERTA MARKET,Spices,"Ginger - FAIRLY WELL-MATURED, MEDIUM (150-300 GM)",160.0
2026-02-12,130000000,MURPHY MARKET,Spices,"Ginger - FAIRLY WELL-MATURED, MEDIUM (150-300 GM)",150.0
2026-02-12,130000000,AGORA PUBLIC MARKET (SAN JUAN),Spices,"Ginger - FAIRLY WELL-MATURED, MEDIUM (150-300 GM)",150.0
2026-02-12,130000000,BICUTAN MARKET,Spices,"Ginger - FAIRLY WELL-MATURED, MEDIUM (150-300 GM)",150.0
2026-02-12,130000000,NEW LAS PINAS CITY PUBLIC MARKET,Spices,Red Onion - 13-15 PCS/KG,150.0
2026-02-12,130000000,MARIKINA PUBLIC MARKET,Spices,Red Onion - 13-15 PCS/KG,140.0
2026-02-12,130000000,MUNOZ MARKET,Spices,Red Onion - 13-15 PCS/KG,120.0
2026-02-12,130000000,PASAY CITY MARKET,Spices,Red Onion - 13-15 PCS/KG,140.0
2026-02-12,130000000,MEGA Q MART,Spices,Red Onion - 13-15 PCS/KG,140.0
2026-02-12,130000000,PAMILIHANG LUNGSOD NG MUNTINLUPA,Spices,Red Onion - 13-15 PCS/KG,140.0
2026-02-12,130000000,PRITIL MARKET,Spices,Red Onion - 13-15 PCS/KG,150.0
2026-02-12,130000000,TRABAJO MARKET,Spices,Red Onion - 13-15 PCS/KG,140.0
2026-02-12,130000000,BLUMENTRITT MARKET,Spices,Red Onion - 13-15 PCS/KG,150.0
2026-02-12,130000000,MANDALUYONG PUBLIC MARKET I,Spices,Red Onion - 13-15 PCS/KG,160.0
2026-02-12,130000000,NAVOTAS AGORA MARKET,Spices,Red Onion - 13-15 PCS/KG,140.0
2026-02-12,130000000,NEW MARULAS PUBLIC MARKET,Spices,Red Onion - 13-15 PCS/KG,180.0
2026-02-12,130000000,GUADALUPE PUBLIC MARKET,Spices,Red Onion (Imported) - KG,120.0
2026-02-12,130000000,NEW LAS PINAS CITY PUBLIC MARKET,Spices,Red Onion (Imported) - KG,130.0
2026-02-12,130000000,MUNOZ MARKET,Spices,Red Onion (Imported) - KG,100.0
2026-02-12,130000000,QUINTA MARKET,Spices,Red Onion (Imported) - KG,140.0
2026-02-12,130000000,SAN ANDRES MARKET,Spices,Red Onion (Imported) - KG,120.0
2026-02-12,130000000,PAMILIHANG LUNGSOD NG MUNTINLUPA,Spices,Red Onion (Imported) - KG,120.0
2026-02-12,130000000,LA HUERTA MARKET,Spices,Red Onion (Imported) - KG,100.0
2026-02-12,130000000,MURPHY MARKET,Spices,Red Onion (Imported) - KG,140.0
2026-02-12,130000000,BICUTAN MARKET,Spices,Red Onion (Imported) - KG,120.0
2026-02-12,130000000,MUNOZ MARKET,Spices,White Onion - KG,100.0
2026-02-12,130000000,PRITIL MARKET,Spices,White Onion - KG,140.0
2026-02-12,130000000,MANDALUYONG PUBLIC MARKET I,Spices,White Onion - KG,120.0
2026-02-12,130000000,NAVOTAS AGORA MARKET,Spices,White Onion - KG,120.0
2026-02-12,130000000,BICUTAN MARKET,Spices,White Onion - KG,100.0
2026-02-12,130000000,GUADALUPE PUBLIC MARKET,Spices,White Onion (Imported) - KG,120.0
2026-02-12,130000000,MARIKINA PUBLIC MARKET,Spices,White Onion (Imported) - KG,120.0
2026-02-12,130000000,MUNOZ MARKET,Spices,White Onion (Imported) - KG,100.0
2026-02-12,130000000,QUINTA MARKET,Spices,White Onion (Imported) - KG,120.0
2026-02-12,130000000,BLUMENTRITT MARKET,Spices,White Onion (Imported) - KG,150.0
2026-02-12,130000000,MURPHY MARKET,Spices,White Onion (Imported) - KG,150.0
2026-02-12,130000000,BICUTAN MARKET,Spices,White Onion (Imported) - KG,120.0
2026-02-12,130000000,NEW MARULAS PUBLIC MARKET,Spices,White Onion (Imported) - KG,140.0
2026-02-12,130000000,GUADALUPE PUBLIC MARKET,Spices,Chili (Red) - KG,200.0
2026-02-12,130000000,NEW LAS PINAS CITY PUBLIC MARKET,Spices,Chili (Red) - KG,250.0
2026-02-12,130000000,MARIKINA PUBLIC MARKET,Spices,Chili (Red) - KG,200.0
2026-02-12,130000000,MUNOZ MARKET,Spices,Chili (Red) - KG,150.0
2026-02-12,130000000,PASAY CITY MARKET,Spices,Chili (Red) - KG,150.0
2026-02-12,130000000,QUINTA MARKET,Spices,Chili (Red) - KG,250.0
2026-02-12,130000000,SAN ANDRES MARKET,Spices,Chili (Red) - KG,250.0
2026-02-12,130000000,MEGA Q MART,Spices,Chili (Red) - KG,200.0
2026-02-12,130000000,PAMILIHANG LUNGSOD NG MUNTINLUPA,Spices,Chili (Red) - KG,250.0
2026-02-12,130000000,PRITIL MARKET,Spices,Chili (Red) - KG,250.0
2026-02-12,130000000,MANDALUYONG PUBLIC MARKET I,Spices,Chili (Red) - KG,300.0
2026-02-12,130000000,NAVOTAS AGORA MARKET,Spices,Chili (Red) - KG,250.0
2026-02-12,130000000,LA HUERTA MARKET,Spices,Chili (Red) - KG,200.0
2026-02-12,130000000,MURPHY MARKET,Spices,Chili (Red) - KG,250.0
2026-02-12,130000000,AGORA PUBLIC MARKET (SAN JUAN),Spices,Chili (Red) - KG,150.0
2026-02-12,130000000,BICUTAN MARKET,Spices,Chili (Red) - KG,250.0
2026-02-12,130000000,NEW MARULAS PUBLIC MARKET,Spices,Chili (Red) - KG,200.0
2026-02-12,130000000,MUNOZ MARKET,Other Commodities,Cooking Oil Palm 1L - 1 LITER/BOTTLE,85.0
2026-02-12,130000000,PASAY CITY MARKET,Other Commodities,Cooking Oil Palm 1L - 1 LITER/BOTTLE,100.0
2026-02-12,130000000,BLUMENTRITT MARKET,Other Commodities,Cooking Oil Palm 1L - 1 LITER/BOTTLE,80.0
2026-02-12,130000000,NAVOTAS AGORA MARKET,Other Commodities,Cooking Oil Palm 1L - 1 LITER/BOTTLE,85.0
2026-02-12,130000000,MURPHY MARKET,Other Commodities,Cooking Oil Palm 1L - 1 LITER/BOTTLE,70.0
2026-02-12,130000000,AGORA PUBLIC MARKET (SAN JUAN),Other Commodities,Cooking Oil Palm 1L - 1 LITER/BOTTLE,88.0
2026-02-12,130000000,MUNOZ MARKET,Other Commodities,Cooking Oil Palm 350ML - 350 ML/BOTTLE,40.0
2026-02-12,130000000,MURPHY MARKET,Other Commodities,Cooking Oil Palm 350ML - 350 ML/BOTTLE,35.0
2026-02-12,130000000,AGORA PUBLIC MARKET (SAN JUAN),Other Commodities,Cooking Oil Palm 350ML - 350 ML/BOTTLE,35.0
2026-02-12,130000000,BICUTAN MARKET,Other Commodities,Cooking Oil Palm 350ML - 350 ML/BOTTLE,35.0
2026-02-12,130000000,MUNOZ MARKET,Other Commodities,Sugar (Brown) - KG,85.0
2026-02-12,130000000,PASAY CITY MARKET,Other Commodities,Sugar (Brown) - KG,80.0
2026-02-12,130000000,BLUMENTRITT MARKET,Other Commodities,Sugar (Brown) - KG,65.0
2026-02-12,130000000,NAVOTAS AGORA MARKET,Other Commodities,Sugar (Brown) - KG,70.0
2026-02-12,130000000,MURPHY MARKET,Other Commodities,Sugar (Brown) - KG,75.0
2026-02-12,130000000,AGORA PUBLIC MARKET (SAN JUAN),Other Commodities,Sugar (Brown) - KG,70.0
2026-02-12,130000000,BICUTAN MARKET,Other Commodities,Sugar (Brown) - KG,70.0
2026-02-12,130000000,MUNOZ MARKET,Other Commodities,Sugar (Washed) - KG,90.0
2026-02-12,130000000,PASAY CITY MARKET,Other Commodities,Sugar (Washed) - KG,80.0
2026-02-12,130000000,BLUMENTRITT MARKET,Other Commodities,Sugar (Washed) - KG,70.0
2026-02-12,130000000,NAVOTAS AGORA MARKET,Other Commodities,Sugar (Washed) - KG,70.0
2026-02-12,130000000,MURPHY MARKET,Other Commodities,Sugar (Washed) - KG,80.0
2026-02-12,130000000,AGORA PUBLIC MARKET (SAN JUAN),Other Commodities,Sugar (Washed) - KG,75.0
2026-02-12,130000000,BICUTAN MARKET,Other Commodities,Sugar (Washed) - KG,75.0
2026-02-12,130000000,MUNOZ MARKET,Other Commodities,Sugar (Refined) - KG,100.0
2026-02-12,130000000,PASAY CITY MARKET,Other Commodities,Sugar (Refined) - KG,90.0
2026-02-12,130000000,BLUMENTRITT MARKET,Other Commodities,Sugar (Refined) - KG,85.0
2026-02-12,130000000,NAVOTAS AGORA MARKET,Other Commodities,Sugar (Refined) - KG,75.0
2026-02-12,130000000,AGORA PUBLIC MARKET (SAN JUAN),Other Commodities,Sugar (Refined) - KG,82.0
2026-02-12,130000000,BICUTAN MARKET,Other Commodities,Sugar (Refined) - KG,78.0
2026-02-12,130000000,MURPHY MARKET,Other Commodities,Cooking Oil (Coconut) 350ML - 350 ML/BOTTLE,70.0
2026-02-12,130000000,NAVOTAS AGORA MARKET,Other Commodities,Cooking Oil (Coconut) 1L - 1 LITER/BOTTLE,170.0
2026-02-12,130000000,MUNOZ MARKET,Legumes,Mungbean - KG,140.0
2026-02-12,130000000,PASAY CITY MARKET,Legumes,Mungbean - KG,100.0
2026-02-12,130000000,MEGA Q MART,Legumes,Mungbean - KG,120.0
2026-02-12,130000000,NAVOTAS AGORA MARKET,Legumes,Mungbean - KG,120.0
2026-02-12,130000000,MURPHY MARKET,Legumes,Mungbean - KG,140.0
2026-02-12,130000000,AGORA PUBLIC MARKET (SAN JUAN),Legumes,Mungbean - KG,140.0
2026-02-12,130000000,BICUTAN MARKET,Legumes,Mungbean - KG,120.0
2026-02-12,130000000,GUADALUPE PUBLIC MARKET,Legumes,Mungbean - KG,120.0
2026-02-12,130000000,MARIKINA PUBLIC MARKET,Legumes,Mungbean - KG,130.0
2026-02-12,130000000,QUINTA MARKET,Legumes,Mungbean - KG,130.0
2026-02-12,130000000,SAN ANDRES MARKET,Legumes,Mungbean - KG,140.0
2026-02-12,130000000,PAMILIHANG LUNGSOD NG MUNTINLUPA,Legumes,Mungbean - KG,120.0
2026-02-12,130000000,PRITIL MARKET,Legumes,Mungbean - KG,120.0
2026-02-12,130000000,DAGONOY MARKET,Legumes,Mungbean - KG,140.0
2026-02-12,130000000,TRABAJO MARKET,Legumes,Mungbean - KG,140.0
2026-02-12,130000000,MANDALUYONG PUBLIC MARKET I,Legumes,Mungbean - KG,140.0
2026-02-12,130000000,NEW MARULAS PUBLIC MARKET,Legumes,Mungbean - KG,130.0
2026-02-12,130000000,GUADALUPE PUBLIC MARKET,Other Commodities,Cooking Oil Palm 1L - 1 LITER/BOTTLE,85.0
2026-02-12,130000000,NEW LAS PINAS CITY PUBLIC MARKET,Other Commodities,Cooking Oil Palm 1L - 1 LITER/BOTTLE,100.0
2026-02-12,130000000,MARIKINA PUBLIC MARKET,Other Commodities,Cooking Oil Palm 1L - 1 LITER/BOTTLE,90.0
2026-02-12,130000000,QUINTA MARKET,Other Commodities,Cooking Oil Palm 1L - 1 LITER/BOTTLE,100.0
2026-02-12,130000000,SAN ANDRES MARKET,Other Commodities,Cooking Oil Palm 1L - 1 LITER/BOTTLE,110.0
2026-02-12,130000000,MEGA Q MART,Other Commodities,Cooking Oil Palm 1L - 1 LITER/BOTTLE,85.0
2026-02-12,130000000,PAMILIHANG LUNGSOD NG MUNTINLUPA,Other Commodities,Cooking Oil Palm 1L - 1 LITER/BOTTLE,100.0
2026-02-12,130000000,PRITIL MARKET,Other Commodities,Cooking Oil Palm 1L - 1 LITER/BOTTLE,90.0
2026-02-12,130000000,DAGONOY MARKET,Other Commodities,Cooking Oil Palm 1L - 1 LITER/BOTTLE,90.0
2026-02-12,130000000,TRABAJO MARKET,Other Commodities,Cooking Oil Palm 1L - 1 LITER/BOTTLE,90.0
2026-02-12,130000000,NEW MARULAS PUBLIC MARKET,Other Commodities,Cooking Oil Palm 1L - 1 LITER/BOTTLE,100.0
2026-02-12,130000000,GUADALUPE PUBLIC MARKET,Other Commodities,Cooking Oil Palm 350ML - 350 ML/BOTTLE,35.0
2026-02-12,130000000,NEW LAS PINAS CITY PUBLIC MARKET,Other Commodities,Cooking Oil Palm 350ML - 350 ML/BOTTLE,37.0
2026-02-12,130000000,MARIKINA PUBLIC MARKET,Other Commodities,Cooking Oil Palm 350ML - 350 ML/BOTTLE,35.0
2026-02-12,130000000,QUINTA MARKET,Other Commodities,Cooking Oil Palm 350ML - 350 ML/BOTTLE,40.0
2026-02-12,130000000,SAN ANDRES MARKET,Other Commodities,Cooking Oil Palm 350ML - 350 ML/BOTTLE,45.0
2026-02-12,130000000,MEGA Q MART,Other Commodities,Cooking Oil Palm 350ML - 350 ML/BOTTLE,35.0
2026-02-12,130000000,PAMILIHANG LUNGSOD NG MUNTINLUPA,Other Commodities,Cooking Oil Palm 350ML - 350 ML/BOTTLE,35.0
2026-02-12,130000000,PRITIL MARKET,Other Commodities,Cooking Oil Palm 350ML - 350 ML/BOTTLE,35.0
2026-02-12,130000000,DAGONOY MARKET,Other Commodities,Cooking Oil Palm 350ML - 350 ML/BOTTLE,35.0
2026-02-12,130000000,TRABAJO MARKET,Other Commodities,Cooking Oil Palm 350ML - 350 ML/BOTTLE,40.0
2026-02-12,130000000,NEW MARULAS PUBLIC MARKET,Other Commodities,Cooking Oil Palm 350ML - 350 ML/BOTTLE,35.0
2026-02-12,130000000,GUADALUPE PUBLIC MARKET,Other Commodities,Sugar (Brown) - KG,75.0
2026-02-12,130000000,NEW LAS PINAS CITY PUBLIC MARKET,Other Commodities,Sugar (Brown) - KG,72.0
2026-02-12,130000000,MARIKINA PUBLIC MARKET,Other Commodities,Sugar (Brown) - KG,75.0
2026-02-12,130000000,QUINTA MARKET,Other Commodities,Sugar (Brown) - KG,75.0
2026-02-12,130000000,SAN ANDRES MARKET,Other Commodities,Sugar (Brown) - KG,85.0
2026-02-12,130000000,MEGA Q MART,Other Commodities,Sugar (Brown) - KG,75.0
2026-02-12,130000000,PAMILIHANG LUNGSOD NG MUNTINLUPA,Other Commodities,Sugar (Brown) - KG,72.0
2026-02-12,130000000,DAGONOY MARKET,Other Commodities,Sugar (Brown) - KG,70.0
2026-02-12,130000000,TRABAJO MARKET,Other Commodities,Sugar (Brown) - KG,70.0
2026-02-12,130000000,NEW MARULAS PUBLIC MARKET,Other Commodities,Sugar (Brown) - KG,72.0
2026-02-12,130000000,GUADALUPE PUBLIC MARKET,Other Commodities,Sugar (Washed) - KG,75.0
2026-02-12,130000000,NEW LAS PINAS CITY PUBLIC MARKET,Other Commodities,Sugar (Washed) - KG,76.0
2026-02-12,130000000,MARIKINA PUBLIC MARKET,Other Commodities,Sugar (Washed) - KG,75.0
2026-02-12,130000000,QUINTA MARKET,Other Commodities,Sugar (Washed) - KG,80.0
2026-02-12,130000000,SAN ANDRES MARKET,Other Commodities,Sugar (Washed) - KG,85.0
2026-02-12,130000000,MEGA Q MART,Other Commodities,Sugar (Washed) - KG,75.0
2026-02-12,130000000,PAMILIHANG LUNGSOD NG MUNTINLUPA,Other Commodities,Sugar (Washed) - KG,74.0
2026-02-12,130000000,PRITIL MARKET,Other Commodities,Sugar (Washed) - KG,75.0
2026-02-12,130000000,DAGONOY MARKET,Other Commodities,Sugar (Washed) - KG,70.0
2026-02-12,130000000,TRABAJO MARKET,Other Commodities,Sugar (Washed) - KG,75.0
2026-02-12,130000000,NEW MARULAS PUBLIC MARKET,Other Commodities,Sugar (Washed) - KG,72.0
2026-02-12,130000000,GUADALUPE PUBLIC MARKET,Other Commodities,Sugar (Refined) - KG,80.0
2026-02-12,130000000,NEW LAS PINAS CITY PUBLIC MARKET,Other Commodities,Sugar (Refined) - KG,80.0
2026-02-12,130000000,MARIKINA PUBLIC MARKET,Other Commodities,Sugar (Refined) - KG,82.0
2026-02-12,130000000,QUINTA MARKET,Other Commodities,Sugar (Refined) - KG,85.0
2026-02-12,130000000,SAN ANDRES MARKET,Other Commodities,Sugar (Refined) - KG,90.0
2026-02-12,130000000,MEGA Q MART,Other Commodities,Sugar (Refined) - KG,80.0
2026-02-12,130000000,PAMILIHANG LUNGSOD NG MUNTINLUPA,Other Commodities,Sugar (Refined) - KG,76.0
2026-02-12,130000000,PRITIL MARKET,Other Commodities,Sugar (Refined) - KG,85.0
2026-02-12,130000000,DAGONOY MARKET,Other Commodities,Sugar (Refined) - KG,80.0
2026-02-12,130000000,TRABAJO MARKET,Other Commodities,Sugar (Refined) - KG,80.0
2026-02-12,130000000,NEW MARULAS PUBLIC MARKET,Other Commodities,Sugar (Refined) - KG,80.0
2026-02-12,130000000,MARIKINA PUBLIC MARKET,Other Commodities,Cooking Oil (Coconut) 350ML - 350 ML/BOTTLE,50.0
2026-02-12,130000000,NEW MARULAS PUBLIC MARKET,Other Commodities,Cooking Oil (Coconut) 350ML - 350 ML/BOTTLE,55.0
2026-02-12,130000000,PRITIL MARKET,Other Commodities,Cooking Oil (Coconut) 1L - 1 LITER/BOTTLE,160.0
2026-02-12,130000000,NEW MARULAS PUBLIC MARKET,Other Commodities,Cooking Oil (Coconut) 1L - 1 LITER/BOTTLE,160.0
2026-02-12,130000000,KAMUNING MARKET,Corn,"Corn (White) - Cob, Glutinous",80.0
2026-02-12,130000000,COMMONWEALTH MARKET,Corn,"Corn (Yellow) - Cob, Sweet Corn",100.0
2026-02-12,130000000,GUADALUPE PUBLIC MARKET,Corn,"Corn (Yellow) - Cob, Sweet Corn",80.0
2026-02-12,130000000,MARIKINA PUBLIC MARKET,Corn,"Corn (Yellow) - Cob, Sweet Corn",70.0
2026-02-12,130000000,MUNOZ MARKET,Corn,"Corn (Yellow) - Cob, Sweet Corn",70.0
2026-02-12,130000000,PASAY CITY MARKET,Corn,"Corn (Yellow) - Cob, Sweet Corn",80.0
2026-02-12,130000000,QUINTA MARKET,Corn,"Corn (Yellow) - Cob, Sweet Corn",80.0
2026-02-12,130000000,SAN ANDRES MARKET,Corn,"Corn (Yellow) - Cob, Sweet Corn",80.0
2026-02-12,130000000,MEGA Q MART,Corn,"Corn (Yellow) - Cob, Sweet Corn",60.0
2026-02-12,130000000,PAMILIHANG LUNGSOD NG MUNTINLUPA,Corn,"Corn (Yellow) - Cob, Sweet Corn",60.0
2026-02-12,130000000,MAYPAJO PUBLIC MARKET,Corn,"Corn (Yellow) - Cob, Sweet Corn",80.0
2026-02-12,130000000,MANDALUYONG PUBLIC MARKET I,Corn,"Corn (Yellow) - Cob, Sweet Corn",120.0
2026-02-12,130000000,NAVOTAS AGORA MARKET,Corn,"Corn (Yellow) - Cob, Sweet Corn",80.0
2026-02-12,130000000,LA HUERTA MARKET,Corn,"Corn (Yellow) - Cob, Sweet Corn",80.0
2026-02-12,130000000,CARTIMAR MARKET,Corn,"Corn (Yellow) - Cob, Sweet Corn",80.0
2026-02-12,130000000,GRACE MARKETPLACE (PATEROS),Corn,"Corn (Yellow) - Cob, Sweet Corn",100.0
2026-02-12,130000000,KAMUNING MARKET,Corn,"Corn (Yellow) - Cob, Sweet Corn",80.0
2026-02-12,130000000,AGORA PUBLIC MARKET (SAN JUAN),Corn,"Corn (Yellow) - Cob, Sweet Corn",80.0
2026-02-12,130000000,NEW MARULAS PUBLIC MARKET,Corn,"Corn (Yellow) - Cob, Sweet Corn",110.0
2026-02-12,130000000,COMMONWEALTH MARKET,Legumes,Mungbean - KG,120.0
2026-02-12,130000000,GUADALUPE PUBLIC MARKET,Legumes,Mungbean - KG,120.0
2026-02-12,130000000,MARIKINA PUBLIC MARKET,Legumes,Mungbean - KG,130.0
2026-02-12,130000000,MUNOZ MARKET,Legumes,Mungbean - KG,120.0
2026-02-12,130000000,PASAY CITY MARKET,Legumes,Mungbean - KG,100.0
2026-02-12,130000000,QUINTA MARKET,Legumes,Mungbean - KG,130.0
2026-02-12,130000000,SAN ANDRES MARKET,Legumes,Mungbean - KG,140.0
2026-02-12,130000000,MEGA Q MART,Legumes,Mungbean - KG,120.0
2026-02-12,130000000,PAMILIHANG LUNGSOD NG MUNTINLUPA,Legumes,Mungbean - KG,120.0
2026-02-12,130000000,PRITIL MARKET,Legumes,Mungbean - KG,120.0
2026-02-12,130000000,MAYPAJO PUBLIC MARKET,Legumes,Mungbean - KG,140.0
2026-02-12,130000000,DAGONOY MARKET,Legumes,Mungbean - KG,140.0
2026-02-12,130000000,TRABAJO MARKET,Legumes,Mungbean - KG,140.0
2026-02-12,130000000,MANDALUYONG PUBLIC MARKET I,Legumes,Mungbean - KG,140.0
2026-02-12,130000000,NAVOTAS AGORA MARKET,Legumes,Mungbean - KG,120.0
2026-02-12,130000000,CARTIMAR MARKET,Legumes,Mungbean - KG,140.0
2026-02-12,130000000,MURPHY MARKET,Legumes,Mungbean - KG,140.0
2026-02-12,130000000,KAMUNING MARKET,Legumes,Mungbean - KG,140.0
2026-02-12,130000000,AGORA PUBLIC MARKET (SAN JUAN),Legumes,Mungbean - KG,140.0
2026-02-12,130000000,NEW MARULAS PUBLIC MARKET,Legumes,Mungbean - KG,130.0
2026-02-12,130000000,BALINTAWAK MARKET (CLOVERLEAF),Legumes,Mungbean - KG,110.0
2026-02-12,130000000,COMMONWEALTH MARKET,Fruits,Calamansi - KG,80.0
2026-02-12,130000000,GUADALUPE PUBLIC MARKET,Fruits,Calamansi - KG,120.0
2026-02-12,130000000,NEW LAS PINAS CITY PUBLIC MARKET,Fruits,Calamansi - KG,140.0
2026-02-12,130000000,MARIKINA PUBLIC MARKET,Fruits,Calamansi - KG,130.0
2026-02-12,130000000,MUNOZ MARKET,Fruits,Calamansi - KG,120.0
2026-02-12,130000000,PASAY CITY MARKET,Fruits,Calamansi - KG,110.0
2026-02-12,130000000,QUINTA MARKET,Fruits,Calamansi - KG,140.0
2026-02-12,130000000,SAN ANDRES MARKET,Fruits,Calamansi - KG,140.0
2026-02-12,130000000,MEGA Q MART,Fruits,Calamansi - KG,120.0
2026-02-12,130000000,PAMILIHANG LUNGSOD NG MUNTINLUPA,Fruits,Calamansi - KG,120.0
2026-02-12,130000000,PRITIL MARKET,Fruits,Calamansi - KG,120.0
2026-02-12,130000000,DAGONOY MARKET,Fruits,Calamansi - KG,140.0
2026-02-12,130000000,TRABAJO MARKET,Fruits,Calamansi - KG,150.0
2026-02-12,130000000,BLUMENTRITT MARKET,Fruits,Calamansi - KG,140.0
2026-02-12,130000000,MANDALUYONG PUBLIC MARKET I,Fruits,Calamansi - KG,140.0
2026-02-12,130000000,NAVOTAS AGORA MARKET,Fruits,Calamansi - KG,120.0
2026-02-12,130000000,LA HUERTA MARKET,Fruits,Calamansi - KG,100.0
2026-02-12,130000000,CARTIMAR MARKET,Fruits,Calamansi - KG,140.0
2026-02-12,130000000,GRACE MARKETPLACE (PATEROS),Fruits,Calamansi - KG,140.0
2026-02-12,130000000,MURPHY MARKET,Fruits,Calamansi - KG,150.0
2026-02-12,130000000,KAMUNING MARKET,Fruits,Calamansi - KG,160.0
2026-02-12,130000000,AGORA PUBLIC MARKET (SAN JUAN),Fruits,Calamansi - KG,120.0
2026-02-12,130000000,NEW MARULAS PUBLIC MARKET,Fruits,Calamansi - KG,140.0
2026-02-12,130000000,BALINTAWAK MARKET (CLOVERLEAF),Fruits,Calamansi - KG,80.0
2026-02-12,130000000,GUADALUPE PUBLIC MARKET,Fruits,Banana (Lakatan) - 8-10PCS/KG,120.0
2026-02-12,130000000,NEW LAS PINAS CITY PUBLIC MARKET,Fruits,Banana (Lakatan) - 8-10PCS/KG,90.0
2026-02-12,130000000,MARIKINA PUBLIC MARKET,Fruits,Banana (Lakatan) - 8-10PCS/KG,120.0
2026-02-12,130000000,PASAY CITY MARKET,Fruits,Banana (Lakatan) - 8-10PCS/KG,80.0
2026-02-12,130000000,SAN ANDRES MARKET,Fruits,Banana (Lakatan) - 8-10PCS/KG,100.0
2026-02-12,130000000,MEGA Q MART,Fruits,Banana (Lakatan) - 8-10PCS/KG,80.0
2026-02-12,130000000,PAMILIHANG LUNGSOD NG MUNTINLUPA,Fruits,Banana (Lakatan) - 8-10PCS/KG,90.0
2026-02-12,130000000,PRITIL MARKET,Fruits,Banana (Lakatan) - 8-10PCS/KG,80.0
2026-02-12,130000000,NAVOTAS AGORA MARKET,Fruits,Banana (Lakatan) - 8-10PCS/KG,110.0
2026-02-12,130000000,CARTIMAR MARKET,Fruits,Banana (Lakatan) - 8-10PCS/KG,120.0
2026-02-12,130000000,MURPHY MARKET,Fruits,Banana (Lakatan) - 8-10PCS/KG,100.0
2026-02-12,130000000,KAMUNING MARKET,Fruits,Banana (Lakatan) - 8-10PCS/KG,100.0
2026-02-12,130000000,AGORA PUBLIC MARKET (SAN JUAN),Fruits,Banana (Lakatan) - 8-10PCS/KG,80.0
2026-02-12,130000000,NEW MARULAS PUBLIC MARKET,Fruits,Banana (Lakatan) - 8-10PCS/KG,120.0
2026-02-12,130000000,FARMERS MARKET,Fruits,Banana (Lakatan) - 8-10PCS/KG,120.0
2026-02-12,130000000,GUADALUPE PUBLIC MARKET,Fruits,Banana (Latundan) - 10-12PCS/KG,80.0
2026-02-12,130000000,NEW LAS PINAS CITY PUBLIC MARKET,Fruits,Banana (Latundan) - 10-12PCS/KG,70.0
2026-02-12,130000000,MARIKINA PUBLIC MARKET,Fruits,Banana (Latundan) - 10-12PCS/KG,80.0
2026-02-12,130000000,MEGA Q MART,Fruits,Banana (Latundan) - 10-12PCS/KG,55.0
2026-02-12,130000000,PAMILIHANG LUNGSOD NG MUNTINLUPA,Fruits,Banana (Latundan) - 10-12PCS/KG,70.0
2026-02-12,130000000,PRITIL MARKET,Fruits,Banana (Latundan) - 10-12PCS/KG,70.0
2026-02-12,130000000,NAVOTAS AGORA MARKET,Fruits,Banana (Latundan) - 10-12PCS/KG,90.0
2026-02-12,130000000,MURPHY MARKET,Fruits,Banana (Latundan) - 10-12PCS/KG,80.0
2026-02-12,130000000,KAMUNING MARKET,Fruits,Banana (Latundan) - 10-12PCS/KG,80.0
2026-02-12,130000000,AGORA PUBLIC MARKET (SAN JUAN),Fruits,Banana (Latundan) - 10-12PCS/KG,70.0
2026-02-12,130000000,NEW MARULAS PUBLIC MARKET,Fruits,Banana (Latundan) - 10-12PCS/KG,90.0
2026-02-12,130000000,FARMERS MARKET,Fruits,Banana (Latundan) - 10-12PCS/KG,90.0
2026-02-12,130000000,GUADALUPE PUBLIC MARKET,Fruits,"Mango (Carabao) - RIPE, 3-4PCS/KG",220.0
2026-02-12,130000000,NEW LAS PINAS CITY PUBLIC MARKET,Fruits,"Mango (Carabao) - RIPE, 3-4PCS/KG",180.0
2026-02-12,130000000,MARIKINA PUBLIC MARKET,Fruits,"Mango (Carabao) - RIPE, 3-4PCS/KG",200.0
2026-02-12,130000000,PASAY CITY MARKET,Fruits,"Mango (Carabao) - RIPE, 3-4PCS/KG",180.0
2026-02-12,130000000,SAN ANDRES MARKET,Fruits,"Mango (Carabao) - RIPE, 3-4PCS/KG",250.0
2026-02-12,130000000,MEGA Q MART,Fruits,"Mango (Carabao) - RIPE, 3-4PCS/KG",180.0
2026-02-12,130000000,PAMILIHANG LUNGSOD NG MUNTINLUPA,Fruits,"Mango (Carabao) - RIPE, 3-4PCS/KG",150.0
2026-02-12,130000000,PRITIL MARKET,Fruits,"Mango (Carabao) - RIPE, 3-4PCS/KG",160.0
2026-02-12,130000000,NAVOTAS AGORA MARKET,Fruits,"Mango (Carabao) - RIPE, 3-4PCS/KG",160.0
2026-02-12,130000000,CARTIMAR MARKET,Fruits,"Mango (Carabao) - RIPE, 3-4PCS/KG",220.0
2026-02-12,130000000,MURPHY MARKET,Fruits,"Mango (Carabao) - RIPE, 3-4PCS/KG",200.0
2026-02-12,130000000,KAMUNING MARKET,Fruits,"Mango (Carabao) - RIPE, 3-4PCS/KG",250.0
2026-02-12,130000000,AGORA PUBLIC MARKET (SAN JUAN),Fruits,"Mango (Carabao) - RIPE, 3-4PCS/KG",220.0
2026-02-12,130000000,NEW MARULAS PUBLIC MARKET,Fruits,"Mango (Carabao) - RIPE, 3-4PCS/KG",200.0
2026-02-12,130000000,FARMERS MARKET,Fruits,"Mango (Carabao) - RIPE, 3-4PCS/KG",280.0
2026-02-12,130000000,NEW LAS PINAS CITY PUBLIC MARKET,Fruits,"Papaya - SOLO, RIPE, 2-3PCS",80.0
2026-02-12,130000000,MARIKINA PUBLIC MARKET,Fruits,"Papaya - SOLO, RIPE, 2-3PCS",70.0
2026-02-12,130000000,SAN ANDRES MARKET,Fruits,"Papaya - SOLO, RIPE, 2-3PCS",80.0
2026-02-12,130000000,MEGA Q MART,Fruits,"Papaya - SOLO, RIPE, 2-3PCS",80.0
2026-02-12,130000000,PAMILIHANG LUNGSOD NG MUNTINLUPA,Fruits,"Papaya - SOLO, RIPE, 2-3PCS",65.0
2026-02-12,130000000,CARTIMAR MARKET,Fruits,"Papaya - SOLO, RIPE, 2-3PCS",90.0
2026-02-12,130000000,NEW MARULAS PUBLIC MARKET,Fruits,"Papaya - SOLO, RIPE, 2-3PCS",70.0
2026-02-12,130000000,GUADALUPE PUBLIC MARKET,Fruits,Melon,120.0
2026-02-12,130000000,NEW LAS PINAS CITY PUBLIC MARKET,Fruits,Melon,90.0
2026-02-12,130000000,MARIKINA PUBLIC MARKET,Fruits,Melon,120.0
2026-02-12,130000000,SAN ANDRES MARKET,Fruits,Melon,120.0
2026-02-12,130000000,MEGA Q MART,Fruits,Melon,85.0
2026-02-12,130000000,PAMILIHANG LUNGSOD NG MUNTINLUPA,Fruits,Melon,80.0
2026-02-12,130000000,MURPHY MARKET,Fruits,Melon,100.0
2026-02-12,130000000,KAMUNING MARKET,Fruits,Melon,100.0
2026-02-12,130000000,NEW MARULAS PUBLIC MARKET,Fruits,Melon,100.0
2026-02-12,130000000,FARMERS MARKET,Fruits,Melon,120.0
2026-02-12,130000000,GUADALUPE PUBLIC MARKET,Fruits,Avocado,400.0
2026-02-12,130000000,MARIKINA PUBLIC MARKET,Fruits,Avocado,300.0
2026-02-12,130000000,MEGA Q MART,Fruits,Avocado,200.0
2026-02-12,130000000,MURPHY MARKET,Fruits,Avocado,350.0
2026-02-12,130000000,FARMERS MARKET,Fruits,Avocado,500.0
2026-02-12,130000000,GUADALUPE PUBLIC MARKET,Fruits,Pomelo - KG,200.0
2026-02-12,130000000,NEW LAS PINAS CITY PUBLIC MARKET,Fruits,Pomelo - KG,150.0
2026-02-12,130000000,MARIKINA PUBLIC MARKET,Fruits,Pomelo - KG,320.0
2026-02-12,130000000,SAN ANDRES MARKET,Fruits,Pomelo - KG,180.0
2026-02-12,130000000,MEGA Q MART,Fruits,Pomelo - KG,180.0
2026-02-12,130000000,PAMILIHANG LUNGSOD NG MUNTINLUPA,Fruits,Pomelo - KG,140.0
2026-02-12,130000000,MURPHY MARKET,Fruits,Pomelo - KG,200.0
2026-02-12,130000000,KAMUNING MARKET,Fruits,Pomelo - KG,250.0
2026-02-12,130000000,FARMERS MARKET,Fruits,Pomelo - KG,250.0
2026-02-12,130000000,GUADALUPE PUBLIC MARKET,Fruits,Watermelon - KG,100.0
2026-02-12,130000000,NEW LAS PINAS CITY PUBLIC MARKET,Fruits,Watermelon - KG,65.0
2026-02-12,130000000,MARIKINA PUBLIC MARKET,Fruits,Watermelon - KG,80.0
2026-02-12,130000000,SAN ANDRES MARKET,Fruits,Watermelon - KG,80.0
2026-02-12,130000000,MEGA Q MART,Fruits,Watermelon - KG,85.0
2026-02-12,130000000,PAMILIHANG LUNGSOD NG MUNTINLUPA,Fruits,Watermelon - KG,65.0
2026-02-12,130000000,MURPHY MARKET,Fruits,Watermelon - KG,80.0
2026-02-12,130000000,KAMUNING MARKET,Fruits,Watermelon - KG,90.0
2026-02-12,130000000,AGORA PUBLIC MARKET (SAN JUAN),Fruits,Watermelon - KG,70.0
2026-02-12,130000000,FARMERS MARKET,Fruits,Watermelon - KG,80.0
2026-02-12,130000000,GUADALUPE PUBLIC MARKET,Fruits,Banana (Saba) - KG,60.0
2026-02-12,130000000,MARIKINA PUBLIC MARKET,Fruits,Banana (Saba) - KG,60.0
2026-02-12,130000000,MUNOZ MARKET,Fruits,Banana (Saba) - KG,50.0
2026-02-12,130000000,QUINTA MARKET,Fruits,Banana (Saba) - KG,60.0
2026-02-12,130000000,SAN ANDRES MARKET,Fruits,Banana (Saba) - KG,60.0
2026-02-12,130000000,PAMILIHANG LUNGSOD NG MUNTINLUPA,Fruits,Banana (Saba) - KG,40.0
2026-02-12,130000000,PRITIL MARKET,Fruits,Banana (Saba) - KG,50.0
2026-02-12,130000000,MAYPAJO PUBLIC MARKET,Fruits,Banana (Saba) - KG,50.0
2026-02-12,130000000,NAVOTAS AGORA MARKET,Fruits,Banana (Saba) - KG,60.0
2026-02-12,130000000,MURPHY MARKET,Fruits,Banana (Saba) - KG,60.0
2026-02-12,130000000,KAMUNING MARKET,Fruits,Banana (Saba) - KG,60.0
2026-02-12,130000000,AGORA PUBLIC MARKET (SAN JUAN),Fruits,Banana (Saba) - KG,50.0
2026-02-12,130000000,NEW MARULAS PUBLIC MARKET,Fruits,Banana (Saba) - KG,50.0
2026-02-12,130000000,FARMERS MARKET,Fruits,Banana (Saba) - KG,80.0
2026-02-12,130000000,COMMONWEALTH MARKET,Lowland Vegetables,Ampalaya - 4-5 PCS/KG,140.0
2026-02-12,130000000,GUADALUPE PUBLIC MARKET,Lowland Vegetables,Ampalaya - 4-5 PCS/KG,160.0
2026-02-12,130000000,NEW LAS PINAS CITY PUBLIC MARKET,Lowland Vegetables,Ampalaya - 4-5 PCS/KG,140.0
2026-02-12,130000000,MARIKINA PUBLIC MARKET,Lowland Vegetables,Ampalaya - 4-5 PCS/KG,160.0
2026-02-12,130000000,MUNOZ MARKET,Lowland Vegetables,Ampalaya - 4-5 PCS/KG,140.0
2026-02-12,130000000,PASAY CITY MARKET,Lowland Vegetables,Ampalaya - 4-5 PCS/KG,120.0
2026-02-12,130000000,QUINTA MARKET,Lowland Vegetables,Ampalaya - 4-5 PCS/KG,160.0
2026-02-12,130000000,SAN ANDRES MARKET,Lowland Vegetables,Ampalaya - 4-5 PCS/KG,170.0
2026-02-12,130000000,PAMILIHANG LUNGSOD NG MUNTINLUPA,Lowland Vegetables,Ampalaya - 4-5 PCS/KG,150.0
2026-02-12,130000000,PRITIL MARKET,Lowland Vegetables,Ampalaya - 4-5 PCS/KG,170.0
2026-02-12,130000000,MAYPAJO PUBLIC MARKET,Lowland Vegetables,Ampalaya - 4-5 PCS/KG,150.0
2026-02-12,130000000,DAGONOY MARKET,Lowland Vegetables,Ampalaya - 4-5 PCS/KG,150.0
2026-02-12,130000000,TRABAJO MARKET,Lowland Vegetables,Ampalaya - 4-5 PCS/KG,160.0
2026-02-12,130000000,BLUMENTRITT MARKET,Lowland Vegetables,Ampalaya - 4-5 PCS/KG,150.0
2026-02-12,130000000,MANDALUYONG PUBLIC MARKET I,Lowland Vegetables,Ampalaya - 4-5 PCS/KG,140.0
2026-02-12,130000000,NAVOTAS AGORA MARKET,Lowland Vegetables,Ampalaya - 4-5 PCS/KG,150.0
2026-02-12,130000000,LA HUERTA MARKET,Lowland Vegetables,Ampalaya - 4-5 PCS/KG,160.0
2026-02-12,130000000,CARTIMAR MARKET,Lowland Vegetables,Ampalaya - 4-5 PCS/KG,160.0
2026-02-12,130000000,GRACE MARKETPLACE (PATEROS),Lowland Vegetables,Ampalaya - 4-5 PCS/KG,180.0
2026-02-12,130000000,MURPHY MARKET,Lowland Vegetables,Ampalaya - 4-5 PCS/KG,180.0
2026-02-12,130000000,KAMUNING MARKET,Lowland Vegetables,Ampalaya - 4-5 PCS/KG,160.0
2026-02-12,130000000,AGORA PUBLIC MARKET (SAN JUAN),Lowland Vegetables,Ampalaya - 4-5 PCS/KG,150.0
2026-02-12,130000000,NEW MARULAS PUBLIC MARKET,Lowland Vegetables,Ampalaya - 4-5 PCS/KG,180.0
2026-02-12,130000000,BALINTAWAK MARKET (CLOVERLEAF),Lowland Vegetables,Ampalaya - 4-5 PCS/KG,120.0
2026-02-12,130000000,COMMONWEALTH MARKET,Lowland Vegetables,Squash - SUPREMA VARIETY,50.0
2026-02-12,130000000,GUADALUPE PUBLIC MARKET,Lowland Vegetables,Squash - SUPREMA VARIETY,50.0
2026-02-12,130000000,NEW LAS PINAS CITY PUBLIC MARKET,Lowland Vegetables,Squash - SUPREMA VARIETY,70.0
2026-02-12,130000000,MARIKINA PUBLIC MARKET,Lowland Vegetables,Squash - SUPREMA VARIETY,60.0
2026-02-12,130000000,MUNOZ MARKET,Lowland Vegetables,Squash - SUPREMA VARIETY,50.0
2026-02-12,130000000,PASAY CITY MARKET,Lowland Vegetables,Squash - SUPREMA VARIETY,60.0
2026-02-12,130000000,QUINTA MARKET,Lowland Vegetables,Squash - SUPREMA VARIETY,80.0
2026-02-12,130000000,SAN ANDRES MARKET,Lowland Vegetables,Squash - SUPREMA VARIETY,70.0
2026-02-12,130000000,MEGA Q MART,Lowland Vegetables,Squash - SUPREMA VARIETY,70.0
2026-02-12,130000000,PAMILIHANG LUNGSOD NG MUNTINLUPA,Lowland Vegetables,Squash - SUPREMA VARIETY,60.0
2026-02-12,130000000,PRITIL MARKET,Lowland Vegetables,Squash - SUPREMA VARIETY,60.0
2026-02-12,130000000,MAYPAJO PUBLIC MARKET,Lowland Vegetables,Squash - SUPREMA VARIETY,60.0
2026-02-12,130000000,DAGONOY MARKET,Lowland Vegetables,Squash - SUPREMA VARIETY,60.0
2026-02-12,130000000,TRABAJO MARKET,Lowland Vegetables,Squash - SUPREMA VARIETY,50.0
2026-02-12,130000000,BLUMENTRITT MARKET,Lowland Vegetables,Squash - SUPREMA VARIETY,60.0
2026-02-12,130000000,MANDALUYONG PUBLIC MARKET I,Lowland Vegetables,Squash - SUPREMA VARIETY,60.0
2026-02-12,130000000,NAVOTAS AGORA MARKET,Lowland Vegetables,Squash - SUPREMA VARIETY,60.0
2026-02-12,130000000,LA HUERTA MARKET,Lowland Vegetables,Squash - SUPREMA VARIETY,50.0
2026-02-12,130000000,CARTIMAR MARKET,Lowland Vegetables,Squash - SUPREMA VARIETY,60.0
2026-02-12,130000000,GRACE MARKETPLACE (PATEROS),Lowland Vegetables,Squash - SUPREMA VARIETY,60.0
2026-02-12,130000000,MURPHY MARKET,Lowland Vegetables,Squash - SUPREMA VARIETY,70.0
2026-02-12,130000000,KAMUNING MARKET,Lowland Vegetables,Squash - SUPREMA VARIETY,80.0
2026-02-12,130000000,AGORA PUBLIC MARKET (SAN JUAN),Lowland Vegetables,Squash - SUPREMA VARIETY,60.0
2026-02-12,130000000,NEW MARULAS PUBLIC MARKET,Lowland Vegetables,Squash - SUPREMA VARIETY,70.0
2026-02-12,130000000,BALINTAWAK MARKET (CLOVERLEAF),Lowland Vegetables,Squash - SUPREMA VARIETY,40.0
2026-02-12,130000000,COMMONWEALTH MARKET,Lowland Vegetables,Pechay (Native) - 3-4 SMALL BUNDLES/KG,50.0
2026-02-12,130000000,GUADALUPE PUBLIC MARKET,Lowland Vegetables,Pechay (Native) - 3-4 SMALL BUNDLES/KG,60.0
2026-02-12,130000000,NEW LAS PINAS CITY PUBLIC MARKET,Lowland Vegetables,Pechay (Native) - 3-4 SMALL BUNDLES/KG,90.0
2026-02-12,130000000,MUNOZ MARKET,Lowland Vegetables,Pechay (Native) - 3-4 SMALL BUNDLES/KG,80.0
2026-02-12,130000000,PASAY CITY MARKET,Lowland Vegetables,Pechay (Native) - 3-4 SMALL BUNDLES/KG,70.0
2026-02-12,130000000,QUINTA MARKET,Lowland Vegetables,Pechay (Native) - 3-4 SMALL BUNDLES/KG,80.0
2026-02-12,130000000,SAN ANDRES MARKET,Lowland Vegetables,Pechay (Native) - 3-4 SMALL BUNDLES/KG,80.0
2026-02-12,130000000,MEGA Q MART,Lowland Vegetables,Pechay (Native) - 3-4 SMALL BUNDLES/KG,80.0
2026-02-12,130000000,PAMILIHANG LUNGSOD NG MUNTINLUPA,Lowland Vegetables,Pechay (Native) - 3-4 SMALL BUNDLES/KG,70.0
2026-02-12,130000000,PRITIL MARKET,Lowland Vegetables,Pechay (Native) - 3-4 SMALL BUNDLES/KG,80.0
2026-02-12,130000000,MAYPAJO PUBLIC MARKET,Lowland Vegetables,Pechay (Native) - 3-4 SMALL BUNDLES/KG,80.0
2026-02-12,130000000,DAGONOY MARKET,Lowland Vegetables,Pechay (Native) - 3-4 SMALL BUNDLES/KG,70.0
2026-02-12,130000000,TRABAJO MARKET,Lowland Vegetables,Pechay (Native) - 3-4 SMALL BUNDLES/KG,80.0
2026-02-12,130000000,BLUMENTRITT MARKET,Lowland Vegetables,Pechay (Native) - 3-4 SMALL BUNDLES/KG,80.0
2026-02-12,130000000,MANDALUYONG PUBLIC MARKET I,Lowland Vegetables,Pechay (Native) - 3-4 SMALL BUNDLES/KG,80.0
2026-02-12,130000000,NAVOTAS AGORA MARKET,Lowland Vegetables,Pechay (Native) - 3-4 SMALL BUNDLES/KG,70.0
2026-02-12,130000000,LA HUERTA MARKET,Lowland Vegetables,Pechay (Native) - 3-4 SMALL BUNDLES/KG,50.0
2026-02-12,130000000,CARTIMAR MARKET,Lowland Vegetables,Pechay (Native) - 3-4 SMALL BUNDLES/KG,90.0
2026-02-12,130000000,GRACE MARKETPLACE (PATEROS),Lowland Vegetables,Pechay (Native) - 3-4 SMALL BUNDLES/KG,80.0
2026-02-12,130000000,MURPHY MARKET,Lowland Vegetables,Pechay (Native) - 3-4 SMALL BUNDLES/KG,100.0
2026-02-12,130000000,KAMUNING MARKET,Lowland Vegetables,Pechay (Native) - 3-4 SMALL BUNDLES/KG,90.0
2026-02-12,130000000,AGORA PUBLIC MARKET (SAN JUAN),Lowland Vegetables,Pechay (Native) - 3-4 SMALL BUNDLES/KG,70.0
2026-02-12,130000000,NEW MARULAS PUBLIC MARKET,Lowland Vegetables,Pechay (Native) - 3-4 SMALL BUNDLES/KG,70.0
2026-02-12,130000000,BALINTAWAK MARKET (CLOVERLEAF),Lowland Vegetables,Pechay (Native) - 3-4 SMALL BUNDLES/KG,50.0
2026-02-12,130000000,COMMONWEALTH MARKET,Lowland Vegetables,Sitao - 3-4 SMALL BUNDLES/KG,140.0
2026-02-12,130000000,GUADALUPE PUBLIC MARKET,Lowland Vegetables,Sitao - 3-4 SMALL BUNDLES/KG,120.0
2026-02-12,130000000,NEW LAS PINAS CITY PUBLIC MARKET,Lowland Vegetables,Sitao - 3-4 SMALL BUNDLES/KG,140.0
2026-02-12,130000000,MARIKINA PUBLIC MARKET,Lowland Vegetables,Sitao - 3-4 SMALL BUNDLES/KG,150.0
2026-02-12,130000000,MUNOZ MARKET,Lowland Vegetables,Sitao - 3-4 SMALL BUNDLES/KG,100.0
2026-02-12,130000000,PASAY CITY MARKET,Lowland Vegetables,Sitao - 3-4 SMALL BUNDLES/KG,130.0
2026-02-12,130000000,QUINTA MARKET,Lowland Vegetables,Sitao - 3-4 SMALL BUNDLES/KG,140.0
2026-02-12,130000000,SAN ANDRES MARKET,Lowland Vegetables,Sitao - 3-4 SMALL BUNDLES/KG,120.0
2026-02-12,130000000,MEGA Q MART,Lowland Vegetables,Sitao - 3-4 SMALL BUNDLES/KG,140.0
2026-02-12,130000000,PAMILIHANG LUNGSOD NG MUNTINLUPA,Lowland Vegetables,Sitao - 3-4 SMALL BUNDLES/KG,130.0
2026-02-12,130000000,PRITIL MARKET,Lowland Vegetables,Sitao - 3-4 SMALL BUNDLES/KG,120.0
2026-02-12,130000000,MAYPAJO PUBLIC MARKET,Lowland Vegetables,Sitao - 3-4 SMALL BUNDLES/KG,150.0
2026-02-12,130000000,DAGONOY MARKET,Lowland Vegetables,Sitao - 3-4 SMALL BUNDLES/KG,150.0
2026-02-12,130000000,TRABAJO MARKET,Lowland Vegetables,Sitao - 3-4 SMALL BUNDLES/KG,120.0
2026-02-12,130000000,BLUMENTRITT MARKET,Lowland Vegetables,Sitao - 3-4 SMALL BUNDLES/KG,140.0
2026-02-12,130000000,MANDALUYONG PUBLIC MARKET I,Lowland Vegetables,Sitao - 3-4 SMALL BUNDLES/KG,150.0
2026-02-12,130000000,NAVOTAS AGORA MARKET,Lowland Vegetables,Sitao - 3-4 SMALL BUNDLES/KG,120.0
2026-02-12,130000000,LA HUERTA MARKET,Lowland Vegetables,Sitao - 3-4 SMALL BUNDLES/KG,140.0
2026-02-12,130000000,CARTIMAR MARKET,Lowland Vegetables,Sitao - 3-4 SMALL BUNDLES/KG,150.0
2026-02-12,130000000,GRACE MARKETPLACE (PATEROS),Lowland Vegetables,Sitao - 3-4 SMALL BUNDLES/KG,140.0
2026-02-12,130000000,MURPHY MARKET,Lowland Vegetables,Sitao - 3-4 SMALL BUNDLES/KG,140.0
2026-02-12,130000000,KAMUNING MARKET,Lowland Vegetables,Sitao - 3-4 SMALL BUNDLES/KG,150.0
2026-02-12,130000000,AGORA PUBLIC MARKET (SAN JUAN),Lowland Vegetables,Sitao - 3-4 SMALL BUNDLES/KG,120.0
2026-02-12,130000000,NEW MARULAS PUBLIC MARKET,Lowland Vegetables,Sitao - 3-4 SMALL BUNDLES/KG,150.0
2026-02-12,130000000,BALINTAWAK MARKET (CLOVERLEAF),Lowland Vegetables,Sitao - 3-4 SMALL BUNDLES/KG,90.0
2026-02-12,130000000,COMMONWEALTH MARKET,Lowland Vegetables,Eggplant - 3-4 SMALL BUNDLES/KG,40.0
2026-02-12,130000000,GUADALUPE PUBLIC MARKET,Lowland Vegetables,Eggplant - 3-4 SMALL BUNDLES/KG,80.0
2026-02-12,130000000,NEW LAS PINAS CITY PUBLIC MARKET,Lowland Vegetables,Eggplant - 3-4 SMALL BUNDLES/KG,80.0
2026-02-12,130000000,MARIKINA PUBLIC MARKET,Lowland Vegetables,Eggplant - 3-4 SMALL BUNDLES/KG,80.0
2026-02-12,130000000,MUNOZ MARKET,Lowland Vegetables,Eggplant - 3-4 SMALL BUNDLES/KG,60.0
2026-02-12,130000000,QUINTA MARKET,Lowland Vegetables,Eggplant - 3-4 SMALL BUNDLES/KG,120.0
2026-02-12,130000000,SAN ANDRES MARKET,Lowland Vegetables,Eggplant - 3-4 SMALL BUNDLES/KG,100.0
2026-02-12,130000000,MEGA Q MART,Lowland Vegetables,Eggplant - 3-4 SMALL BUNDLES/KG,80.0
2026-02-12,130000000,PAMILIHANG LUNGSOD NG MUNTINLUPA,Lowland Vegetables,Eggplant - 3-4 SMALL BUNDLES/KG,70.0
2026-02-12,130000000,PRITIL MARKET,Lowland Vegetables,Eggplant - 3-4 SMALL BUNDLES/KG,90.0
2026-02-12,130000000,MAYPAJO PUBLIC MARKET,Lowland Vegetables,Eggplant - 3-4 SMALL BUNDLES/KG,80.0
2026-02-12,130000000,DAGONOY MARKET,Lowland Vegetables,Eggplant - 3-4 SMALL BUNDLES/KG,80.0
2026-02-12,130000000,TRABAJO MARKET,Lowland Vegetables,Eggplant - 3-4 SMALL BUNDLES/KG,80.0
2026-02-12,130000000,BLUMENTRITT MARKET,Lowland Vegetables,Eggplant - 3-4 SMALL BUNDLES/KG,90.0
2026-02-12,130000000,MANDALUYONG PUBLIC MARKET I,Lowland Vegetables,Eggplant - 3-4 SMALL BUNDLES/KG,120.0
2026-02-12,130000000,NAVOTAS AGORA MARKET,Lowland Vegetables,Eggplant - 3-4 SMALL BUNDLES/KG,100.0
2026-02-12,130000000,LA HUERTA MARKET,Lowland Vegetables,Eggplant - 3-4 SMALL BUNDLES/KG,80.0
2026-02-12,130000000,CARTIMAR MARKET,Lowland Vegetables,Eggplant - 3-4 SMALL BUNDLES/KG,120.0
2026-02-12,130000000,GRACE MARKETPLACE (PATEROS),Lowland Vegetables,Eggplant - 3-4 SMALL BUNDLES/KG,100.0
2026-02-12,130000000,MURPHY MARKET,Lowland Vegetables,Eggplant - 3-4 SMALL BUNDLES/KG,80.0
2026-02-12,130000000,AGORA PUBLIC MARKET (SAN JUAN),Lowland Vegetables,Eggplant - 3-4 SMALL BUNDLES/KG,80.0
2026-02-12,130000000,NEW MARULAS PUBLIC MARKET,Lowland Vegetables,Eggplant - 3-4 SMALL BUNDLES/KG,100.0
2026-02-12,130000000,BALINTAWAK MARKET (CLOVERLEAF),Lowland Vegetables,Eggplant - 3-4 SMALL BUNDLES/KG,60.0
2026-02-12,130000000,COMMONWEALTH MARKET,Lowland Vegetables,Tomato - 15-18 PCS/KG,30.0
2026-02-12,130000000,GUADALUPE PUBLIC MARKET,Lowland Vegetables,Tomato - 15-18 PCS/KG,60.0
2026-02-12,130000000,NEW LAS PINAS CITY PUBLIC MARKET,Lowland Vegetables,Tomato - 15-18 PCS/KG,60.0
2026-02-12,130000000,MARIKINA PUBLIC MARKET,Lowland Vegetables,Tomato - 15-18 PCS/KG,60.0
2026-02-12,130000000,MUNOZ MARKET,Lowland Vegetables,Tomato - 15-18 PCS/KG,50.0
2026-02-12,130000000,PASAY CITY MARKET,Lowland Vegetables,Tomato - 15-18 PCS/KG,60.0
2026-02-12,130000000,QUINTA MARKET,Lowland Vegetables,Tomato - 15-18 PCS/KG,80.0
2026-02-12,130000000,SAN ANDRES MARKET,Lowland Vegetables,Tomato - 15-18 PCS/KG,80.0
2026-02-12,130000000,MEGA Q MART,Lowland Vegetables,Tomato - 15-18 PCS/KG,80.0
2026-02-12,130000000,PAMILIHANG LUNGSOD NG MUNTINLUPA,Lowland Vegetables,Tomato - 15-18 PCS/KG,50.0
2026-02-12,130000000,PRITIL MARKET,Lowland Vegetables,Tomato - 15-18 PCS/KG,70.0
2026-02-12,130000000,MAYPAJO PUBLIC MARKET,Lowland Vegetables,Tomato - 15-18 PCS/KG,80.0
2026-02-12,130000000,DAGONOY MARKET,Lowland Vegetables,Tomato - 15-18 PCS/KG,80.0
2026-02-12,130000000,TRABAJO MARKET,Lowland Vegetables,Tomato - 15-18 PCS/KG,100.0
2026-02-12,130000000,BLUMENTRITT MARKET,Lowland Vegetables,Tomato - 15-18 PCS/KG,80.0
2026-02-12,130000000,MANDALUYONG PUBLIC MARKET I,Lowland Vegetables,Tomato - 15-18 PCS/KG,100.0
2026-02-12,130000000,NAVOTAS AGORA MARKET,Lowland Vegetables,Tomato - 15-18 PCS/KG,80.0
2026-02-12,130000000,LA HUERTA MARKET,Lowland Vegetables,Tomato - 15-18 PCS/KG,60.0
2026-02-12,130000000,CARTIMAR MARKET,Lowland Vegetables,Tomato - 15-18 PCS/KG,90.0
2026-02-12,130000000,GRACE MARKETPLACE (PATEROS),Lowland Vegetables,Tomato - 15-18 PCS/KG,80.0
2026-02-12,130000000,MURPHY MARKET,Lowland Vegetables,Tomato - 15-18 PCS/KG,80.0
2026-02-12,130000000,KAMUNING MARKET,Lowland Vegetables,Tomato - 15-18 PCS/KG,80.0
2026-02-12,130000000,AGORA PUBLIC MARKET (SAN JUAN),Lowland Vegetables,Tomato - 15-18 PCS/KG,80.0
2026-02-12,130000000,NEW MARULAS PUBLIC MARKET,Lowland Vegetables,Tomato - 15-18 PCS/KG,80.0
2026-02-12,130000000,BALINTAWAK MARKET (CLOVERLEAF),Lowland Vegetables,Tomato - 15-18 PCS/KG,60.0
2026-02-12,130000000,COMMONWEALTH MARKET,Other Commodities,Cooking Oil Palm 1L - 1 LITER/BOTTLE,80.0
2026-02-12,130000000,GUADALUPE PUBLIC MARKET,Other Commodities,Cooking Oil Palm 1L - 1 LITER/BOTTLE,85.0
2026-02-12,130000000,NEW LAS PINAS CITY PUBLIC MARKET,Other Commodities,Cooking Oil Palm 1L - 1 LITER/BOTTLE,100.0
2026-02-12,130000000,MARIKINA PUBLIC MARKET,Other Commodities,Cooking Oil Palm 1L - 1 LITER/BOTTLE,90.0
2026-02-12,130000000,MUNOZ MARKET,Other Commodities,Cooking Oil Palm 1L - 1 LITER/BOTTLE,85.0
2026-02-12,130000000,PASAY CITY MARKET,Other Commodities,Cooking Oil Palm 1L - 1 LITER/BOTTLE,100.0
2026-02-12,130000000,QUINTA MARKET,Other Commodities,Cooking Oil Palm 1L - 1 LITER/BOTTLE,100.0
2026-02-12,130000000,SAN ANDRES MARKET,Other Commodities,Cooking Oil Palm 1L - 1 LITER/BOTTLE,110.0
2026-02-12,130000000,MEGA Q MART,Other Commodities,Cooking Oil Palm 1L - 1 LITER/BOTTLE,85.0
2026-02-12,130000000,PAMILIHANG LUNGSOD NG MUNTINLUPA,Other Commodities,Cooking Oil Palm 1L - 1 LITER/BOTTLE,100.0
2026-02-12,130000000,PRITIL MARKET,Other Commodities,Cooking Oil Palm 1L - 1 LITER/BOTTLE,90.0
2026-02-12,130000000,MAYPAJO PUBLIC MARKET,Other Commodities,Cooking Oil Palm 1L - 1 LITER/BOTTLE,85.0
2026-02-12,130000000,DAGONOY MARKET,Other Commodities,Cooking Oil Palm 1L - 1 LITER/BOTTLE,90.0
2026-02-12,130000000,TRABAJO MARKET,Other Commodities,Cooking Oil Palm 1L - 1 LITER/BOTTLE,90.0
2026-02-12,130000000,BLUMENTRITT MARKET,Other Commodities,Cooking Oil Palm 1L - 1 LITER/BOTTLE,80.0
2026-02-12,130000000,NAVOTAS AGORA MARKET,Other Commodities,Cooking Oil Palm 1L - 1 LITER/BOTTLE,85.0
2026-02-12,130000000,GRACE MARKETPLACE (PATEROS),Other Commodities,Cooking Oil Palm 1L - 1 LITER/BOTTLE,100.0
2026-02-12,130000000,MURPHY MARKET,Other Commodities,Cooking Oil Palm 1L - 1 LITER/BOTTLE,70.0
2026-02-12,130000000,KAMUNING MARKET,Other Commodities,Cooking Oil Palm 1L - 1 LITER/BOTTLE,80.0
2026-02-12,130000000,AGORA PUBLIC MARKET (SAN JUAN),Other Commodities,Cooking Oil Palm 1L - 1 LITER/BOTTLE,88.0
2026-02-12,130000000,NEW MARULAS PUBLIC MARKET,Other Commodities,Cooking Oil Palm 1L - 1 LITER/BOTTLE,100.0
2026-02-12,130000000,BALINTAWAK MARKET (CLOVERLEAF),Other Commodities,Cooking Oil Palm 1L - 1 LITER/BOTTLE,80.0
2026-02-12,130000000,GUADALUPE PUBLIC MARKET,Other Commodities,Cooking Oil Palm 350ML - 350 ML/BOTTLE,35.0
2026-02-12,130000000,NEW LAS PINAS CITY PUBLIC MARKET,Other Commodities,Cooking Oil Palm 350ML - 350 ML/BOTTLE,37.0
2026-02-12,130000000,MARIKINA PUBLIC MARKET,Other Commodities,Cooking Oil Palm 350ML - 350 ML/BOTTLE,35.0
2026-02-12,130000000,MUNOZ MARKET,Other Commodities,Cooking Oil Palm 350ML - 350 ML/BOTTLE,40.0
2026-02-12,130000000,QUINTA MARKET,Other Commodities,Cooking Oil Palm 350ML - 350 ML/BOTTLE,40.0
2026-02-12,130000000,SAN ANDRES MARKET,Other Commodities,Cooking Oil Palm 350ML - 350 ML/BOTTLE,45.0
2026-02-12,130000000,MEGA Q MART,Other Commodities,Cooking Oil Palm 350ML - 350 ML/BOTTLE,35.0
2026-02-12,130000000,PAMILIHANG LUNGSOD NG MUNTINLUPA,Other Commodities,Cooking Oil Palm 350ML - 350 ML/BOTTLE,35.0
2026-02-12,130000000,PRITIL MARKET,Other Commodities,Cooking Oil Palm 350ML - 350 ML/BOTTLE,35.0
2026-02-12,130000000,DAGONOY MARKET,Other Commodities,Cooking Oil Palm 350ML - 350 ML/BOTTLE,35.0
2026-02-12,130000000,TRABAJO MARKET,Other Commodities,Cooking Oil Palm 350ML - 350 ML/BOTTLE,40.0
2026-02-12,130000000,MURPHY MARKET,Other Commodities,Cooking Oil Palm 350ML - 350 ML/BOTTLE,35.0
2026-02-12,130000000,KAMUNING MARKET,Other Commodities,Cooking Oil Palm 350ML - 350 ML/BOTTLE,35.0
2026-02-12,130000000,AGORA PUBLIC MARKET (SAN JUAN),Other Commodities,Cooking Oil Palm 350ML - 350 ML/BOTTLE,35.0
2026-02-12,130000000,NEW MARULAS PUBLIC MARKET,Other Commodities,Cooking Oil Palm 350ML - 350 ML/BOTTLE,35.0
2026-02-12,130000000,BALINTAWAK MARKET (CLOVERLEAF),Other Commodities,Cooking Oil Palm 350ML - 350 ML/BOTTLE,35.0
2026-02-12,130000000,COMMONWEALTH MARKET,Other Commodities,Sugar (Brown) - KG,70.0
2026-02-12,130000000,GUADALUPE PUBLIC MARKET,Other Commodities,Sugar (Brown) - KG,75.0
2026-02-12,130000000,NEW LAS PINAS CITY PUBLIC MARKET,Other Commodities,Sugar (Brown) - KG,72.0
2026-02-12,130000000,MARIKINA PUBLIC MARKET,Other Commodities,Sugar (Brown) - KG,75.0
2026-02-12,130000000,MUNOZ MARKET,Other Commodities,Sugar (Brown) - KG,85.0
2026-02-12,130000000,PASAY CITY MARKET,Other Commodities,Sugar (Brown) - KG,80.0
2026-02-12,130000000,QUINTA MARKET,Other Commodities,Sugar (Brown) - KG,75.0
2026-02-12,130000000,SAN ANDRES MARKET,Other Commodities,Sugar (Brown) - KG,85.0
2026-02-12,130000000,MEGA Q MART,Other Commodities,Sugar (Brown) - KG,75.0
2026-02-12,130000000,PAMILIHANG LUNGSOD NG MUNTINLUPA,Other Commodities,Sugar (Brown) - KG,72.0
2026-02-12,130000000,MAYPAJO PUBLIC MARKET,Other Commodities,Sugar (Brown) - KG,78.0
2026-02-12,130000000,DAGONOY MARKET,Other Commodities,Sugar (Brown) - KG,70.0
2026-02-12,130000000,TRABAJO MARKET,Other Commodities,Sugar (Brown) - KG,70.0
2026-02-12,130000000,BLUMENTRITT MARKET,Other Commodities,Sugar (Brown) - KG,65.0
2026-02-12,130000000,NAVOTAS AGORA MARKET,Other Commodities,Sugar (Brown) - KG,70.0
2026-02-12,130000000,CARTIMAR MARKET,Other Commodities,Sugar (Brown) - KG,80.0
2026-02-12,130000000,MURPHY MARKET,Other Commodities,Sugar (Brown) - KG,75.0
2026-02-12,130000000,KAMUNING MARKET,Other Commodities,Sugar (Brown) - KG,76.0
2026-02-12,130000000,AGORA PUBLIC MARKET (SAN JUAN),Other Commodities,Sugar (Brown) - KG,70.0
2026-02-12,130000000,NEW MARULAS PUBLIC MARKET,Other Commodities,Sugar (Brown) - KG,72.0
2026-02-12,130000000,BALINTAWAK MARKET (CLOVERLEAF),Other Commodities,Sugar (Brown) - KG,75.0
2026-02-12,130000000,COMMONWEALTH MARKET,Other Commodities,Sugar (Washed) - KG,70.0
2026-02-12,130000000,GUADALUPE PUBLIC MARKET,Other Commodities,Sugar (Washed) - KG,75.0
2026-02-12,130000000,NEW LAS PINAS CITY PUBLIC MARKET,Other Commodities,Sugar (Washed) - KG,76.0
2026-02-12,130000000,MARIKINA PUBLIC MARKET,Other Commodities,Sugar (Washed) - KG,75.0
2026-02-12,130000000,MUNOZ MARKET,Other Commodities,Sugar (Washed) - KG,90.0
2026-02-12,130000000,PASAY CITY MARKET,Other Commodities,Sugar (Washed) - KG,80.0
2026-02-12,130000000,QUINTA MARKET,Other Commodities,Sugar (Washed) - KG,80.0
2026-02-12,130000000,SAN ANDRES MARKET,Other Commodities,Sugar (Washed) - KG,85.0
2026-02-12,130000000,MEGA Q MART,Other Commodities,Sugar (Washed) - KG,75.0
2026-02-12,130000000,PAMILIHANG LUNGSOD NG MUNTINLUPA,Other Commodities,Sugar (Washed) - KG,74.0
2026-02-12,130000000,PRITIL MARKET,Other Commodities,Sugar (Washed) - KG,75.0
2026-02-12,130000000,MAYPAJO PUBLIC MARKET,Other Commodities,Sugar (Washed) - KG,80.0
2026-02-12,130000000,DAGONOY MARKET,Other Commodities,Sugar (Washed) - KG,70.0
2026-02-12,130000000,TRABAJO MARKET,Other Commodities,Sugar (Washed) - KG,75.0
2026-02-12,130000000,BLUMENTRITT MARKET,Other Commodities,Sugar (Washed) - KG,70.0
2026-02-12,130000000,NAVOTAS AGORA MARKET,Other Commodities,Sugar (Washed) - KG,70.0
2026-02-12,130000000,CARTIMAR MARKET,Other Commodities,Sugar (Washed) - KG,80.0
2026-02-12,130000000,MURPHY MARKET,Other Commodities,Sugar (Washed) - KG,80.0
2026-02-12,130000000,KAMUNING MARKET,Other Commodities,Sugar (Washed) - KG,76.0
2026-02-12,130000000,AGORA PUBLIC MARKET (SAN JUAN),Other Commodities,Sugar (Washed) - KG,75.0
2026-02-12,130000000,NEW MARULAS PUBLIC MARKET,Other Commodities,Sugar (Washed) - KG,72.0
2026-02-12,130000000,BALINTAWAK MARKET (CLOVERLEAF),Other Commodities,Sugar (Washed) - KG,75.0
2026-02-12,130000000,COMMONWEALTH MARKET,Other Commodities,Sugar (Refined) - KG,80.0
2026-02-12,130000000,GUADALUPE PUBLIC MARKET,Other Commodities,Sugar (Refined) - KG,80.0
2026-02-12,130000000,NEW LAS PINAS CITY PUBLIC MARKET,Other Commodities,Sugar (Refined) - KG,80.0
2026-02-12,130000000,MARIKINA PUBLIC MARKET,Other Commodities,Sugar (Refined) - KG,82.0
2026-02-12,130000000,MUNOZ MARKET,Other Commodities,Sugar (Refined) - KG,100.0
2026-02-12,130000000,PASAY CITY MARKET,Other Commodities,Sugar (Refined) - KG,90.0
2026-02-12,130000000,QUINTA MARKET,Other Commodities,Sugar (Refined) - KG,85.0
2026-02-12,130000000,SAN ANDRES MARKET,Other Commodities,Sugar (Refined) - KG,90.0
2026-02-12,130000000,MEGA Q MART,Other Commodities,Sugar (Refined) - KG,80.0
2026-02-12,130000000,PAMILIHANG LUNGSOD NG MUNTINLUPA,Other Commodities,Sugar (Refined) - KG,76.0
2026-02-12,130000000,PRITIL MARKET,Other Commodities,Sugar (Refined) - KG,85.0
2026-02-12,130000000,DAGONOY MARKET,Other Commodities,Sugar (Refined) - KG,80.0
2026-02-12,130000000,TRABAJO MARKET,Other Commodities,Sugar (Refined) - KG,80.0
2026-02-12,130000000,BLUMENTRITT MARKET,Other Commodities,Sugar (Refined) - KG,85.0
2026-02-12,130000000,NAVOTAS AGORA MARKET,Other Commodities,Sugar (Refined) - KG,75.0
2026-02-12,130000000,KAMUNING MARKET,Other Commodities,Sugar (Refined) - KG,85.0
2026-02-12,130000000,AGORA PUBLIC MARKET (SAN JUAN),Other Commodities,Sugar (Refined) - KG,82.0
2026-02-12,130000000,NEW MARULAS PUBLIC MARKET,Other Commodities,Sugar (Refined) - KG,80.0
2026-02-12,130000000,BALINTAWAK MARKET (CLOVERLEAF),Other Commodities,Sugar (Refined) - KG,75.0
2026-02-12,130000000,MARIKINA PUBLIC MARKET,Other Commodities,Cooking Oil (Coconut) 350ML - 350 ML/BOTTLE,50.0
2026-02-12,130000000,MURPHY MARKET,Other Commodities,Cooking Oil (Coconut) 350ML - 350 ML/BOTTLE,70.0
2026-02-12,130000000,NEW MARULAS PUBLIC MARKET,Other Commodities,Cooking Oil (Coconut) 350ML - 350 ML/BOTTLE,55.0
2026-02-12,130000000,PRITIL MARKET,Other Commodities,Cooking Oil (Coconut) 1L - 1 LITER/BOTTLE,160.0
2026-02-12,130000000,MAYPAJO PUBLIC MARKET,Other Commodities,Cooking Oil (Coconut) 1L - 1 LITER/BOTTLE,160.0
2026-02-12,130000000,NAVOTAS AGORA MARKET,Other Commodities,Cooking Oil (Coconut) 1L - 1 LITER/BOTTLE,170.0
2026-02-12,130000000,NEW MARULAS PUBLIC MARKET,Other Commodities,Cooking Oil (Coconut) 1L - 1 LITER/BOTTLE,160.0
2026-02-12,130000000,BALINTAWAK MARKET (CLOVERLEAF),Other Commodities,Cooking Oil (Coconut) 1L - 1 LITER/BOTTLE,155.0
