extract_dt,region_id,region_name,market_name,category,commodity,price,scrape_ts
2026-02-11,140000000,CAR (CORDILLERA ADMINISTRATIVE REGION),A. LISTA PUBLIC MARKET,CORN,"Corn (White) - Cob, Glutinous",,2026-02-11T13:58:45.973116+08:00
2026-02-11,140000000,CAR (CORDILLERA ADMINISTRATIVE REGION),ABATAN PUBLIC MARKET,CORN,"Corn (White) - Cob, Glutinous",,2026-02-11T13:58:45.973116+08:00
2026-02-11,140000000,CAR (CORDILLERA ADMINISTRATIVE REGION),ABATAN PUBLIC MARKET (MT. PROVINCE),CORN,"Corn (White) - Cob, Glutinous",,2026-02-11T13:58:45.973116+08:00
2026-02-11,140000000,CAR (CORDILLERA ADMINISTRATIVE REGION),"ACOP, CAPONGA MARKET",CORN,"Corn (White) - Cob, Glutinous",,2026-02-11T13:58:45.973116+08:00
2026-02-11,140000000,CAR (CORDILLERA ADMINISTRATIVE REGION),ATOK PUBLIC MARKET,CORN,"Corn (White) - Cob, Glutinous",,2026-02-11T13:58:45.973116+08:00
2026-02-11,140000000,CAR (CORDILLERA ADMINISTRATIVE REGION),BAGUIO CITY PUBLIC MARKET,CORN,"Corn (White) - Cob, Glutinous",,2026-02-11T13:58:45.973116+08:00
2026-02-11,140000000,CAR (CORDILLERA ADMINISTRATIVE REGION),BANGUED PUBLIC MARKET,CORN,"Corn (White) - Cob, Glutinous",,2026-02-11T13:58:45.973116+08:00
2026-02-11,140000000,CAR (CORDILLERA ADMINISTRATIVE REGION),BONTOC PUBLIC MARKET,CORN,"Corn (White) - Cob, Glutinous",,2026-02-11T13:58:45.973116+08:00
2026-02-11,140000000,CAR (CORDILLERA ADMINISTRATIVE REGION),BULANAO PUBLIC MARKET,CORN,"Corn (White) - Cob, Glutinous",,2026-02-11T13:58:45.973116+08:00
2026-02-11,140000000,CAR (CORDILLERA ADMINISTRATIVE REGION),DAGUPAN TABUK CITY PUBLIC MARKET,CORN,"Corn (White) - Cob, Glutinous",,2026-02-11T13:58:45.973116+08:00
2026-02-11,140000000,CAR (CORDILLERA ADMINISTRATIVE REGION),FLORA PUBLIC MARKET,CORN,"Corn (White) - Cob, Glutinous",,2026-02-11T13:58:45.973116+08:00
2026-02-11,140000000,CAR (CORDILLERA ADMINISTRATIVE REGION),KAYANG MARKET,CORN,"Corn (White) - Cob, Glutinous",,2026-02-11T13:58:45.973116+08:00
2026-02-11,140000000,CAR (CORDILLERA ADMINISTRATIVE REGION),KIANGAN PUBLIC MARKET,CORN,"Corn (White) - Cob, Glutinous",,2026-02-11T13:58:45.973116+08:00
2026-02-11,140000000,CAR (CORDILLERA ADMINISTRATIVE REGION),LA TRINIDAD PUBLIC MARKET,CORN,"Corn (White) - Cob, Glutinous",,2026-02-11T13:58:45.973116+08:00
2026-02-11,140000000,CAR (CORDILLERA ADMINISTRATIVE REGION),LAGANGILANG PUBLIC MARKET,CORN,"Corn (White) - Cob, Glutinous",,2026-02-11T13:58:45.973116+08:00
2026-02-11,140000000,CAR (CORDILLERA ADMINISTRATIVE REGION),LAGAWE PUBLIC MARKET,CORN,"Corn (White) - Cob, Glutinous",,2026-02-11T13:58:45.973116+08:00
2026-02-11,140000000,CAR (CORDILLERA ADMINISTRATIVE REGION),LAMUT PUBLIC MARKET,CORN,"Corn (White) - Cob, Glutinous",,2026-02-11T13:58:45.973116+08:00
2026-02-11,140000000,CAR (CORDILLERA ADMINISTRATIVE REGION),LUNA PUBLIC MARKET,CORN,"Corn (White) - Cob, Glutinous",,2026-02-11T13:58:45.973116+08:00
2026-02-11,140000000,CAR (CORDILLERA ADMINISTRATIVE REGION),MABAAY PUBLIC MARKET,CORN,"Corn (White) - Cob, Glutinous",,2026-02-11T13:58:45.973116+08:00
2026-02-11,140000000,CAR (CORDILLERA ADMINISTRATIVE REGION),MANKAYAN PUBLIC MARKET,CORN,"Corn (White) - Cob, Glutinous",,2026-02-11T13:58:45.973116+08:00
2026-02-11,140000000,CAR (CORDILLERA ADMINISTRATIVE REGION),PIDIGAN PUBLIC MARKET,CORN,"Corn (White) - Cob, Glutinous",,2026-02-11T13:58:45.973116+08:00
2026-02-11,140000000,CAR (CORDILLERA ADMINISTRATIVE REGION),PINUKPUK PUBLIC MARKET,CORN,"Corn (White) - Cob, Glutinous",,2026-02-11T13:58:45.973116+08:00
2026-02-11,140000000,CAR (CORDILLERA ADMINISTRATIVE REGION),STA. MARCELA PUBLIC MARKET,CORN,"Corn (White) - Cob, Glutinous",,2026-02-11T13:58:45.973116+08:00
2026-02-11,140000000,CAR (CORDILLERA ADMINISTRATIVE REGION),A. LISTA PUBLIC MARKET,CORN,"Corn (Yellow) - Cob, Sweet Corn",,2026-02-11T13:58:45.973116+08:00
2026-02-11,140000000,CAR (CORDILLERA ADMINISTRATIVE REGION),ABATAN PUBLIC MARKET,CORN,"Corn (Yellow) - Cob, Sweet Corn",,2026-02-11T13:58:45.973116+08:00
2026-02-11,140000000,CAR (CORDILLERA ADMINISTRATIVE REGION),ABATAN PUBLIC MARKET (MT. PROVINCE),CORN,"Corn (Yellow) - Cob, Sweet Corn",,2026-02-11T13:58:45.973116+08:00
2026-02-11,140000000,CAR (CORDILLERA ADMINISTRATIVE REGION),"ACOP, CAPONGA MARKET",CORN,"Corn (Yellow) - Cob, Sweet Corn",,2026-02-11T13:58:45.973116+08:00
2026-02-11,140000000,CAR (CORDILLERA ADMINISTRATIVE REGION),ATOK PUBLIC MARKET,CORN,"Corn (Yellow) - Cob, Sweet Corn",,2026-02-11T13:58:45.973116+08:00
2026-02-11,140000000,CAR (CORDILLERA ADMINISTRATIVE REGION),BAGUIO CITY PUBLIC MARKET,CORN,"Corn (Yellow) - Cob, Sweet Corn",,2026-02-11T13:58:45.973116+08:00
2026-02-11,140000000,CAR (CORDILLERA ADMINISTRATIVE REGION),BANGUED PUBLIC MARKET,CORN,"Corn (Yellow) - Cob, Sweet Corn",,2026-02-11T13:58:45.973116+08:00
2026-02-11,140000000,CAR (CORDILLERA ADMINISTRATIVE REGION),BONTOC PUBLIC MARKET,CORN,"Corn (Yellow) - Cob, Sweet Corn",,2026-02-11T13:58:45.973116+08:00
2026-02-11,140000000,CAR (CORDILLERA ADMINISTRATIVE REGION),BULANAO PUBLIC MARKET,CORN,"Corn (Yellow) - Cob, Sweet Corn",,2026-02-11T13:58:45.973116+08:00
2026-02-11,140000000,CAR (CORDILLERA ADMINISTRATIVE REGION),DAGUPAN TABUK CITY PUBLIC MARKET,CORN,"Corn (Yellow) - Cob, Sweet Corn",,2026-02-11T13:58:45.973116+08:00
2026-02-11,140000000,CAR (CORDILLERA ADMINISTRATIVE REGION),FLORA PUBLIC MARKET,CORN,"Corn (Yellow) - Cob, Sweet Corn",,2026-02-11T13:58:45.973116+08:00
2026-02-11,140000000,CAR (CORDILLERA ADMINISTRATIVE REGION),KAYANG MARKET,CORN,"Corn (Yellow) - Cob, Sweet Corn",,2026-02-11T13:58:45.973116+08:00
2026-02-11,140000000,CAR (CORDILLERA ADMINISTRATIVE REGION),KIANGAN PUBLIC MARKET,CORN,"Corn (Yellow) - Cob, Sweet Corn",,2026-02-11T13:58:45.973116+08:00
2026-02-11,140000000,CAR (CORDILLERA ADMINISTRATIVE REGION),LA TRINIDAD PUBLIC MARKET,CORN,"Corn (Yellow) - Cob, Sweet Corn",,2026-02-11T13:58:45.973116+08:00
2026-02-11,140000000,CAR (CORDILLERA ADMINISTRATIVE REGION),LAGANGILANG PUBLIC MARKET,CORN,"Corn (Yellow) - Cob, Sweet Corn",,2026-02-11T13:58:45.973116+08:00
2026-02-11,140000000,CAR (CORDILLERA ADMINISTRATIVE REGION),LAGAWE PUBLIC MARKET,CORN,"Corn (Yellow) - Cob, Sweet Corn",,2026-02-11T13:58:45.973116+08:00
2026-02-11,140000000,CAR (CORDILLERA ADMINISTRATIVE REGION),LAMUT PUBLIC MARKET,CORN,"Corn (Yellow) - Cob, Sweet Corn",,2026-02-11T13:58:45.973116+08:00
2026-02-11,140000000,CAR (CORDILLERA ADMINISTRATIVE REGION),LUNA PUBLIC MARKET,CORN,"Corn (Yellow) - Cob, Sweet Corn",,2026-02-11T13:58:45.973116+08:00
2026-02-11,140000000,CAR (CORDILLERA ADMINISTRATIVE REGION),MABAAY PUBLIC MARKET,CORN,"Corn (Yellow) - Cob, Sweet Corn",,2026-02-11T13:58:45.973116+08:00
2026-02-11,140000000,CAR (CORDILLERA ADMINISTRATIVE REGION),MANKAYAN PUBLIC MARKET,CORN,"Corn (Yellow) - Cob, Sweet Corn",,2026-02-11T13:58:45.973116+08:00
2026-02-11,140000000,CAR (CORDILLERA ADMINISTRATIVE REGION),PIDIGAN PUBLIC MARKET,CORN,"Corn (Yellow) - Cob, Sweet Corn",,2026-02-11T13:58:45.973116+08:00
2026-02-11,140000000,CAR (CORDILLERA ADMINISTRATIVE REGION),PINUKPUK PUBLIC MARKET,CORN,"Corn (Yellow) - Cob, Sweet Corn",,2026-02-11T13:58:45.973116+08:00
2026-02-11,140000000,CAR (CORDILLERA ADMINISTRATIVE REGION),STA. MARCELA PUBLIC MARKET,CORN,"Corn (Yellow) - Cob, Sweet Corn",,2026-02-11T13:58:45.973116+08:00
2026-02-11,140000000,CAR (CORDILLERA ADMINISTRATIVE REGION),A. LISTA PUBLIC MARKET,CORN,"Corn Cracked (Yellow, Feed Grade) - KG",,2026-02-11T13:58:45.973116+08:00
2026-02-11,140000000,CAR (CORDILLERA ADMINISTRATIVE REGION),ABATAN PUBLIC MARKET,CORN,"Corn Cracked (Yellow, Feed Grade) - KG",,2026-02-11T13:58:45.973116+08:00
2026-02-11,140000000,CAR (CORDILLERA ADMINISTRATIVE REGION),ABATAN PUBLIC MARKET (MT. PROVINCE),CORN,"Corn Cracked (Yellow, Feed Grade) - KG",,2026-02-11T13:58:45.973116+08:00
2026-02-11,140000000,CAR (CORDILLERA ADMINISTRATIVE REGION),"ACOP, CAPONGA MARKET",CORN,"Corn Cracked (Yellow, Feed Grade) - KG",,2026-02-11T13:58:45.973116+08:00
2026-02-11,140000000,CAR (CORDILLERA ADMINISTRATIVE REGION),ATOK PUBLIC MARKET,CORN,"Corn Cracked (Yellow, Feed Grade) - KG",,2026-02-11T13:58:45.973116+08:00
2026-02-11,140000000,CAR (CORDILLERA ADMINISTRATIVE REGION),BAGUIO CITY PUBLIC MARKET,CORN,"Corn Cracked (Yellow, Feed Grade) - KG",,2026-02-11T13:58:45.973116+08:00
2026-02-11,140000000,CAR (CORDILLERA ADMINISTRATIVE REGION),BANGUED PUBLIC MARKET,CORN,"Corn Cracked (Yellow, Feed Grade) - KG",,2026-02-11T13:58:45.973116+08:00
2026-02-11,140000000,CAR (CORDILLERA ADMINISTRATIVE REGION),BONTOC PUBLIC MARKET,CORN,"Corn Cracked (Yellow, Feed Grade) - KG",,2026-02-11T13:58:45.973116+08:00
2026-02-11,140000000,CAR (CORDILLERA ADMINISTRATIVE REGION),BULANAO PUBLIC MARKET,CORN,"Corn Cracked (Yellow, Feed Grade) - KG",,2026-02-11T13:58:45.973116+08:00
2026-02-11,140000000,CAR (CORDILLERA ADMINISTRATIVE REGION),DAGUPAN TABUK CITY PUBLIC MARKET,CORN,"Corn Cracked (Yellow, Feed Grade) - KG",,2026-02-11T13:58:45.973116+08:00
2026-02-11,140000000,CAR (CORDILLERA ADMINISTRATIVE REGION),FLORA PUBLIC MARKET,CORN,"Corn Cracked (Yellow, Feed Grade) - KG",,2026-02-11T13:58:45.973116+08:00
2026-02-11,140000000,CAR (CORDILLERA ADMINISTRATIVE REGION),KAYANG MARKET,CORN,"Corn Cracked (Yellow, Feed Grade) - KG",,2026-02-11T13:58:45.973116+08:00
2026-02-11,140000000,CAR (CORDILLERA ADMINISTRATIVE REGION),KIANGAN PUBLIC MARKET,CORN,"Corn Cracked (Yellow, Feed Grade) - KG",,2026-02-11T13:58:45.973116+08:00
2026-02-11,140000000,CAR (CORDILLERA ADMINISTRATIVE REGION),LA TRINIDAD PUBLIC MARKET,CORN,"Corn Cracked (Yellow, Feed Grade) - KG",,2026-02-11T13:58:45.973116+08:00
2026-02-11,140000000,CAR (CORDILLERA ADMINISTRATIVE REGION),LAGANGILANG PUBLIC MARKET,CORN,"Corn Cracked (Yellow, Feed Grade) - KG",,2026-02-11T13:58:45.973116+08:00
2026-02-11,140000000,CAR (CORDILLERA ADMINISTRATIVE REGION),LAGAWE PUBLIC MARKET,CORN,"Corn Cracked (Yellow, Feed Grade) - KG",,2026-02-11T13:58:45.973116+08:00
2026-02-11,140000000,CAR (CORDILLERA ADMINISTRATIVE REGION),LAMUT PUBLIC MARKET,CORN,"Corn Cracked (Yellow, Feed Grade) - KG",,2026-02-11T13:58:45.973116+08:00
2026-02-11,140000000,CAR (CORDILLERA ADMINISTRATIVE REGION),LUNA PUBLIC MARKET,CORN,"Corn Cracked (Yellow, Feed Grade) - KG",,2026-02-11T13:58:45.973116+08:00
2026-02-11,140000000,CAR (CORDILLERA ADMINISTRATIVE REGION),MABAAY PUBLIC MARKET,CORN,"Corn Cracked (Yellow, Feed Grade) - KG",,2026-02-11T13:58:45.973116+08:00
2026-02-11,140000000,CAR (CORDILLERA ADMINISTRATIVE REGION),MANKAYAN PUBLIC MARKET,CORN,"Corn Cracked (Yellow, Feed Grade) - KG",,2026-02-11T13:58:45.973116+08:00
2026-02-11,140000000,CAR (CORDILLERA ADMINISTRATIVE REGION),PIDIGAN PUBLIC MARKET,CORN,"Corn Cracked (Yellow, Feed Grade) - KG",,2026-02-11T13:58:45.973116+08:00
2026-02-11,140000000,CAR (CORDILLERA ADMINISTRATIVE REGION),PINUKPUK PUBLIC MARKET,CORN,"Corn Cracked (Yellow, Feed Grade) - KG",,2026-02-11T13:58:45.973116+08:00
2026-02-11,140000000,CAR (CORDILLERA ADMINISTRATIVE REGION),STA. MARCELA PUBLIC MARKET,CORN,"Corn Cracked (Yellow, Feed Grade) - KG",,2026-02-11T13:58:45.973116+08:00
2026-02-11,140000000,CAR (CORDILLERA ADMINISTRATIVE REGION),A. LISTA PUBLIC MARKET,CORN,Corn Grits (Feed Grade) - KG,,2026-02-11T13:58:45.973116+08:00
2026-02-11,140000000,CAR (CORDILLERA ADMINISTRATIVE REGION),ABATAN PUBLIC MARKET,CORN,Corn Grits (Feed Grade) - KG,,2026-02-11T13:58:45.973116+08:00
2026-02-11,140000000,CAR (CORDILLERA ADMINISTRATIVE REGION),ABATAN PUBLIC MARKET (MT. PROVINCE),CORN,Corn Grits (Feed Grade) - KG,,2026-02-11T13:58:45.973116+08:00
2026-02-11,140000000,CAR (CORDILLERA ADMINISTRATIVE REGION),"ACOP, CAPONGA MARKET",CORN,Corn Grits (Feed Grade) - KG,,2026-02-11T13:58:45.973116+08:00
2026-02-11,140000000,CAR (CORDILLERA ADMINISTRATIVE REGION),ATOK PUBLIC MARKET,CORN,Corn Grits (Feed Grade) - KG,,2026-02-11T13:58:45.973116+08:00
2026-02-11,140000000,CAR (CORDILLERA ADMINISTRATIVE REGION),BAGUIO CITY PUBLIC MARKET,CORN,Corn Grits (Feed Grade) - KG,,2026-02-11T13:58:45.973116+08:00
2026-02-11,140000000,CAR (CORDILLERA ADMINISTRATIVE REGION),BANGUED PUBLIC MARKET,CORN,Corn Grits (Feed Grade) - KG,,2026-02-11T13:58:45.973116+08:00
2026-02-11,140000000,CAR (CORDILLERA ADMINISTRATIVE REGION),BONTOC PUBLIC MARKET,CORN,Corn Grits (Feed Grade) - KG,,2026-02-11T13:58:45.973116+08:00
2026-02-11,140000000,CAR (CORDILLERA ADMINISTRATIVE REGION),BULANAO PUBLIC MARKET,CORN,Corn Grits (Feed Grade) - KG,,2026-02-11T13:58:45.973116+08:00
2026-02-11,140000000,CAR (CORDILLERA ADMINISTRATIVE REGION),DAGUPAN TABUK CITY PUBLIC MARKET,CORN,Corn Grits (Feed Grade) - KG,,2026-02-11T13:58:45.973116+08:00
2026-02-11,140000000,CAR (CORDILLERA ADMINISTRATIVE REGION),FLORA PUBLIC MARKET,CORN,Corn Grits (Feed Grade) - KG,,2026-02-11T13:58:45.973116+08:00
2026-02-11,140000000,CAR (CORDILLERA ADMINISTRATIVE REGION),KAYANG MARKET,CORN,Corn Grits (Feed Grade) - KG,,2026-02-11T13:58:45.973116+08:00
2026-02-11,140000000,CAR (CORDILLERA ADMINISTRATIVE REGION),KIANGAN PUBLIC MARKET,CORN,Corn Grits (Feed Grade) - KG,,2026-02-11T13:58:45.973116+08:00
2026-02-11,140000000,CAR (CORDILLERA ADMINISTRATIVE REGION),LA TRINIDAD PUBLIC MARKET,CORN,Corn Grits (Feed Grade) - KG,,2026-02-11T13:58:45.973116+08:00
2026-02-11,140000000,CAR (CORDILLERA ADMINISTRATIVE REGION),LAGANGILANG PUBLIC MARKET,CORN,Corn Grits (Feed Grade) - KG,,2026-02-11T13:58:45.973116+08:00
2026-02-11,140000000,CAR (CORDILLERA ADMINISTRATIVE REGION),LAGAWE PUBLIC MARKET,CORN,Corn Grits (Feed Grade) - KG,,2026-02-11T13:58:45.973116+08:00
2026-02-11,140000000,CAR (CORDILLERA ADMINISTRATIVE REGION),LAMUT PUBLIC MARKET,CORN,Corn Grits (Feed Grade) - KG,,2026-02-11T13:58:45.973116+08:00
2026-02-11,140000000,CAR (CORDILLERA ADMINISTRATIVE REGION),LUNA PUBLIC MARKET,CORN,Corn Grits (Feed Grade) - KG,,2026-02-11T13:58:45.973116+08:00
2026-02-11,140000000,CAR (CORDILLERA ADMINISTRATIVE REGION),MABAAY PUBLIC MARKET,CORN,Corn Grits (Feed Grade) - KG,,2026-02-11T13:58:45.973116+08:00
2026-02-11,140000000,CAR (CORDILLERA ADMINISTRATIVE REGION),MANKAYAN PUBLIC MARKET,CORN,Corn Grits (Feed Grade) - KG,,2026-02-11T13:58:45.973116+08:00
2026-02-11,140000000,CAR (CORDILLERA ADMINISTRATIVE REGION),PIDIGAN PUBLIC MARKET,CORN,Corn Grits (Feed Grade) - KG,,2026-02-11T13:58:45.973116+08:00
2026-02-11,140000000,CAR (CORDILLERA ADMINISTRATIVE REGION),PINUKPUK PUBLIC MARKET,CORN,Corn Grits (Feed Grade) - KG,,2026-02-11T13:58:45.973116+08:00
2026-02-11,140000000,CAR (CORDILLERA ADMINISTRATIVE REGION),STA. MARCELA PUBLIC MARKET,CORN,Corn Grits (Feed Grade) - KG,,2026-02-11T13:58:45.973116+08:00
2026-02-11,140000000,CAR (CORDILLERA ADMINISTRATIVE REGION),A. LISTA PUBLIC MARKET,CORN,"Corn Grits (White, Food Grade) - KG",,2026-02-11T13:58:45.973116+08:00
2026-02-11,140000000,CAR (CORDILLERA ADMINISTRATIVE REGION),ABATAN PUBLIC MARKET,CORN,"Corn Grits (White, Food Grade) - KG",,2026-02-11T13:58:45.973116+08:00
2026-02-11,140000000,CAR (CORDILLERA ADMINISTRATIVE REGION),ABATAN PUBLIC MARKET (MT. PROVINCE),CORN,"Corn Grits (White, Food Grade) - KG",,2026-02-11T13:58:45.973116+08:00
2026-02-11,140000000,CAR (CORDILLERA ADMINISTRATIVE REGION),"ACOP, CAPONGA MARKET",CORN,"Corn Grits (White, Food Grade) - KG",,2026-02-11T13:58:45.973116+08:00
2026-02-11,140000000,CAR (CORDILLERA ADMINISTRATIVE REGION),ATOK PUBLIC MARKET,CORN,"Corn Grits (White, Food Grade) - KG",,2026-02-11T13:58:45.973116+08:00
2026-02-11,140000000,CAR (CORDILLERA ADMINISTRATIVE REGION),BAGUIO CITY PUBLIC MARKET,CORN,"Corn Grits (White, Food Grade) - KG",,2026-02-11T13:58:45.973116+08:00
2026-02-11,140000000,CAR (CORDILLERA ADMINISTRATIVE REGION),BANGUED PUBLIC MARKET,CORN,"Corn Grits (White, Food Grade) - KG",,2026-02-11T13:58:45.973116+08:00
2026-02-11,140000000,CAR (CORDILLERA ADMINISTRATIVE REGION),BONTOC PUBLIC MARKET,CORN,"Corn Grits (White, Food Grade) - KG",,2026-02-11T13:58:45.973116+08:00
2026-02-11,140000000,CAR (CORDILLERA ADMINISTRATIVE REGION),BULANAO PUBLIC MARKET,CORN,"Corn Grits (White, Food Grade) - KG",,2026-02-11T13:58:45.973116+08:00
2026-02-11,140000000,CAR (CORDILLERA ADMINISTRATIVE REGION),DAGUPAN TABUK CITY PUBLIC MARKET,CORN,"Corn Grits (White, Food Grade) - KG",,2026-02-11T13:58:45.973116+08:00
2026-02-11,140000000,CAR (CORDILLERA ADMINISTRATIVE REGION),FLORA PUBLIC MARKET,CORN,"Corn Grits (White, Food Grade) - KG",,2026-02-11T13:58:45.973116+08:00
2026-02-11,140000000,CAR (CORDILLERA ADMINISTRATIVE REGION),KAYANG MARKET,CORN,"Corn Grits (White, Food Grade) - KG",,2026-02-11T13:58:45.973116+08:00
2026-02-11,140000000,CAR (CORDILLERA ADMINISTRATIVE REGION),KIANGAN PUBLIC MARKET,CORN,"Corn Grits (White, Food Grade) - KG",,2026-02-11T13:58:45.973116+08:00
2026-02-11,140000000,CAR (CORDILLERA ADMINISTRATIVE REGION),LA TRINIDAD PUBLIC MARKET,CORN,"Corn Grits (White, Food Grade) - KG",,2026-02-11T13:58:45.973116+08:00
2026-02-11,140000000,CAR (CORDILLERA ADMINISTRATIVE REGION),LAGANGILANG PUBLIC MARKET,CORN,"Corn Grits (White, Food Grade) - KG",,2026-02-11T13:58:45.973116+08:00
2026-02-11,140000000,CAR (CORDILLERA ADMINISTRATIVE REGION),LAGAWE PUBLIC MARKET,CORN,"Corn Grits (White, Food Grade) - KG",,2026-02-11T13:58:45.973116+08:00
2026-02-11,140000000,CAR (CORDILLERA ADMINISTRATIVE REGION),LAMUT PUBLIC MARKET,CORN,"Corn Grits (White, Food Grade) - KG",,2026-02-11T13:58:45.973116+08:00
2026-02-11,140000000,CAR (CORDILLERA ADMINISTRATIVE REGION),LUNA PUBLIC MARKET,CORN,"Corn Grits (White, Food Grade) - KG",,2026-02-11T13:58:45.973116+08:00
2026-02-11,140000000,CAR (CORDILLERA ADMINISTRATIVE REGION),MABAAY PUBLIC MARKET,CORN,"Corn Grits (White, Food Grade) - KG",,2026-02-11T13:58:45.973116+08:00
2026-02-11,140000000,CAR (CORDILLERA ADMINISTRATIVE REGION),MANKAYAN PUBLIC MARKET,CORN,"Corn Grits (White, Food Grade) - KG",,2026-02-11T13:58:45.973116+08:00
2026-02-11,140000000,CAR (CORDILLERA ADMINISTRATIVE REGION),PIDIGAN PUBLIC MARKET,CORN,"Corn Grits (White, Food Grade) - KG",,2026-02-11T13:58:45.973116+08:00
2026-02-11,140000000,CAR (CORDILLERA ADMINISTRATIVE REGION),PINUKPUK PUBLIC MARKET,CORN,"Corn Grits (White, Food Grade) - KG",,2026-02-11T13:58:45.973116+08:00
2026-02-11,140000000,CAR (CORDILLERA ADMINISTRATIVE REGION),STA. MARCELA PUBLIC MARKET,CORN,"Corn Grits (White, Food Grade) - KG",,2026-02-11T13:58:45.973116+08:00
2026-02-11,140000000,CAR (CORDILLERA ADMINISTRATIVE REGION),A. LISTA PUBLIC MARKET,CORN,"Corn Grits (Yellow, Food Grade) - KG",,2026-02-11T13:58:45.973116+08:00
2026-02-11,140000000,CAR (CORDILLERA ADMINISTRATIVE REGION),ABATAN PUBLIC MARKET,CORN,"Corn Grits (Yellow, Food Grade) - KG",,2026-02-11T13:58:45.973116+08:00
2026-02-11,140000000,CAR (CORDILLERA ADMINISTRATIVE REGION),ABATAN PUBLIC MARKET (MT. PROVINCE),CORN,"Corn Grits (Yellow, Food Grade) - KG",,2026-02-11T13:58:45.973116+08:00
2026-02-11,140000000,CAR (CORDILLERA ADMINISTRATIVE REGION),"ACOP, CAPONGA MARKET",CORN,"Corn Grits (Yellow, Food Grade) - KG",,2026-02-11T13:58:45.973116+08:00
2026-02-11,140000000,CAR (CORDILLERA ADMINISTRATIVE REGION),ATOK PUBLIC MARKET,CORN,"Corn Grits (Yellow, Food Grade) - KG",,2026-02-11T13:58:45.973116+08:00
2026-02-11,140000000,CAR (CORDILLERA ADMINISTRATIVE REGION),BAGUIO CITY PUBLIC MARKET,CORN,"Corn Grits (Yellow, Food Grade) - KG",,2026-02-11T13:58:45.973116+08:00
2026-02-11,140000000,CAR (CORDILLERA ADMINISTRATIVE REGION),BANGUED PUBLIC MARKET,CORN,"Corn Grits (Yellow, Food Grade) - KG",,2026-02-11T13:58:45.973116+08:00
2026-02-11,140000000,CAR (CORDILLERA ADMINISTRATIVE REGION),BONTOC PUBLIC MARKET,CORN,"Corn Grits (Yellow, Food Grade) - KG",,2026-02-11T13:58:45.973116+08:00
2026-02-11,140000000,CAR (CORDILLERA ADMINISTRATIVE REGION),BULANAO PUBLIC MARKET,CORN,"Corn Grits (Yellow, Food Grade) - KG",,2026-02-11T13:58:45.973116+08:00
2026-02-11,140000000,CAR (CORDILLERA ADMINISTRATIVE REGION),DAGUPAN TABUK CITY PUBLIC MARKET,CORN,"Corn Grits (Yellow, Food Grade) - KG",,2026-02-11T13:58:45.973116+08:00
2026-02-11,140000000,CAR (CORDILLERA ADMINISTRATIVE REGION),FLORA PUBLIC MARKET,CORN,"Corn Grits (Yellow, Food Grade) - KG",,2026-02-11T13:58:45.973116+08:00
2026-02-11,140000000,CAR (CORDILLERA ADMINISTRATIVE REGION),KAYANG MARKET,CORN,"Corn Grits (Yellow, Food Grade) - KG",,2026-02-11T13:58:45.973116+08:00
2026-02-11,140000000,CAR (CORDILLERA ADMINISTRATIVE REGION),KIANGAN PUBLIC MARKET,CORN,"Corn Grits (Yellow, Food Grade) - KG",,2026-02-11T13:58:45.973116+08:00
2026-02-11,140000000,CAR (CORDILLERA ADMINISTRATIVE REGION),LA TRINIDAD PUBLIC MARKET,CORN,"Corn Grits (Yellow, Food Grade) - KG",,2026-02-11T13:58:45.973116+08:00
2026-02-11,140000000,CAR (CORDILLERA ADMINISTRATIVE REGION),LAGANGILANG PUBLIC MARKET,CORN,"Corn Grits (Yellow, Food Grade) - KG",,2026-02-11T13:58:45.973116+08:00
2026-02-11,140000000,CAR (CORDILLERA ADMINISTRATIVE REGION),LAGAWE PUBLIC MARKET,CORN,"Corn Grits (Yellow, Food Grade) - KG",,2026-02-11T13:58:45.973116+08:00
2026-02-11,140000000,CAR (CORDILLERA ADMINISTRATIVE REGION),LAMUT PUBLIC MARKET,CORN,"Corn Grits (Yellow, Food Grade) - KG",,2026-02-11T13:58:45.973116+08:00
2026-02-11,140000000,CAR (CORDILLERA ADMINISTRATIVE REGION),LUNA PUBLIC MARKET,CORN,"Corn Grits (Yellow, Food Grade) - KG",,2026-02-11T13:58:45.973116+08:00
2026-02-11,140000000,CAR (CORDILLERA ADMINISTRATIVE REGION),MABAAY PUBLIC MARKET,CORN,"Corn Grits (Yellow, Food Grade) - KG",,2026-02-11T13:58:45.973116+08:00
2026-02-11,140000000,CAR (CORDILLERA ADMINISTRATIVE REGION),MANKAYAN PUBLIC MARKET,CORN,"Corn Grits (Yellow, Food Grade) - KG",,2026-02-11T13:58:45.973116+08:00
2026-02-11,140000000,CAR (CORDILLERA ADMINISTRATIVE REGION),PIDIGAN PUBLIC MARKET,CORN,"Corn Grits (Yellow, Food Grade) - KG",,2026-02-11T13:58:45.973116+08:00
2026-02-11,140000000,CAR (CORDILLERA ADMINISTRATIVE REGION),PINUKPUK PUBLIC MARKET,CORN,"Corn Grits (Yellow, Food Grade) - KG",,2026-02-11T13:58:45.973116+08:00
2026-02-11,140000000,CAR (CORDILLERA ADMINISTRATIVE REGION),STA. MARCELA PUBLIC MARKET,CORN,"Corn Grits (Yellow, Food Grade) - KG",,2026-02-11T13:58:45.973116+08:00
2026-02-11,140000000,CAR (CORDILLERA ADMINISTRATIVE REGION),A. LISTA PUBLIC MARKET,FISH,Alumahan - MEDIUM (4-6PCS/KG),,2026-02-11T13:58:45.973116+08:00
2026-02-11,140000000,CAR (CORDILLERA ADMINISTRATIVE REGION),ABATAN PUBLIC MARKET,FISH,Alumahan - MEDIUM (4-6PCS/KG),,2026-02-11T13:58:45.973116+08:00
2026-02-11,140000000,CAR (CORDILLERA ADMINISTRATIVE REGION),ABATAN PUBLIC MARKET (MT. PROVINCE),FISH,Alumahan - MEDIUM (4-6PCS/KG),,2026-02-11T13:58:45.973116+08:00
2026-02-11,140000000,CAR (CORDILLERA ADMINISTRATIVE REGION),"ACOP, CAPONGA MARKET",FISH,Alumahan - MEDIUM (4-6PCS/KG),,2026-02-11T13:58:45.973116+08:00
2026-02-11,140000000,CAR (CORDILLERA ADMINISTRATIVE REGION),ATOK PUBLIC MARKET,FISH,Alumahan - MEDIUM (4-6PCS/KG),,2026-02-11T13:58:45.973116+08:00
2026-02-11,140000000,CAR (CORDILLERA ADMINISTRATIVE REGION),BAGUIO CITY PUBLIC MARKET,FISH,Alumahan - MEDIUM (4-6PCS/KG),,2026-02-11T13:58:45.973116+08:00
2026-02-11,140000000,CAR (CORDILLERA ADMINISTRATIVE REGION),BANGUED PUBLIC MARKET,FISH,Alumahan - MEDIUM (4-6PCS/KG),,2026-02-11T13:58:45.973116+08:00
2026-02-11,140000000,CAR (CORDILLERA ADMINISTRATIVE REGION),BONTOC PUBLIC MARKET,FISH,Alumahan - MEDIUM (4-6PCS/KG),,2026-02-11T13:58:45.973116+08:00
2026-02-11,140000000,CAR (CORDILLERA ADMINISTRATIVE REGION),BULANAO PUBLIC MARKET,FISH,Alumahan - MEDIUM (4-6PCS/KG),,2026-02-11T13:58:45.973116+08:00
2026-02-11,140000000,CAR (CORDILLERA ADMINISTRATIVE REGION),DAGUPAN TABUK CITY PUBLIC MARKET,FISH,Alumahan - MEDIUM (4-6PCS/KG),,2026-02-11T13:58:45.973116+08:00
2026-02-11,140000000,CAR (CORDILLERA ADMINISTRATIVE REGION),FLORA PUBLIC MARKET,FISH,Alumahan - MEDIUM (4-6PCS/KG),,2026-02-11T13:58:45.973116+08:00
2026-02-11,140000000,CAR (CORDILLERA ADMINISTRATIVE REGION),KAYANG MARKET,FISH,Alumahan - MEDIUM (4-6PCS/KG),,2026-02-11T13:58:45.973116+08:00
2026-02-11,140000000,CAR (CORDILLERA ADMINISTRATIVE REGION),KIANGAN PUBLIC MARKET,FISH,Alumahan - MEDIUM (4-6PCS/KG),,2026-02-11T13:58:45.973116+08:00
2026-02-11,140000000,CAR (CORDILLERA ADMINISTRATIVE REGION),LA TRINIDAD PUBLIC MARKET,FISH,Alumahan - MEDIUM (4-6PCS/KG),,2026-02-11T13:58:45.973116+08:00
2026-02-11,140000000,CAR (CORDILLERA ADMINISTRATIVE REGION),LAGANGILANG PUBLIC MARKET,FISH,Alumahan - MEDIUM (4-6PCS/KG),,2026-02-11T13:58:45.973116+08:00
2026-02-11,140000000,CAR (CORDILLERA ADMINISTRATIVE REGION),LAGAWE PUBLIC MARKET,FISH,Alumahan - MEDIUM (4-6PCS/KG),,2026-02-11T13:58:45.973116+08:00
2026-02-11,140000000,CAR (CORDILLERA ADMINISTRATIVE REGION),LAMUT PUBLIC MARKET,FISH,Alumahan - MEDIUM (4-6PCS/KG),,2026-02-11T13:58:45.973116+08:00
2026-02-11,140000000,CAR (CORDILLERA ADMINISTRATIVE REGION),LUNA PUBLIC MARKET,FISH,Alumahan - MEDIUM (4-6PCS/KG),,2026-02-11T13:58:45.973116+08:00
2026-02-11,140000000,CAR (CORDILLERA ADMINISTRATIVE REGION),MABAAY PUBLIC MARKET,FISH,Alumahan - MEDIUM (4-6PCS/KG),,2026-02-11T13:58:45.973116+08:00
2026-02-11,140000000,CAR (CORDILLERA ADMINISTRATIVE REGION),MANKAYAN PUBLIC MARKET,FISH,Alumahan - MEDIUM (4-6PCS/KG),,2026-02-11T13:58:45.973116+08:00
2026-02-11,140000000,CAR (CORDILLERA ADMINISTRATIVE REGION),PIDIGAN PUBLIC MARKET,FISH,Alumahan - MEDIUM (4-6PCS/KG),,2026-02-11T13:58:45.973116+08:00
2026-02-11,140000000,CAR (CORDILLERA ADMINISTRATIVE REGION),PINUKPUK PUBLIC MARKET,FISH,Alumahan - MEDIUM (4-6PCS/KG),,2026-02-11T13:58:45.973116+08:00
2026-02-11,140000000,CAR (CORDILLERA ADMINISTRATIVE REGION),STA. MARCELA PUBLIC MARKET,FISH,Alumahan - MEDIUM (4-6PCS/KG),,2026-02-11T13:58:45.973116+08:00
2026-02-11,140000000,CAR (CORDILLERA ADMINISTRATIVE REGION),A. LISTA PUBLIC MARKET,FISH,Bangus (Large) - LARGE (KG),,2026-02-11T13:58:45.973116+08:00
2026-02-11,140000000,CAR (CORDILLERA ADMINISTRATIVE REGION),ABATAN PUBLIC MARKET,FISH,Bangus (Large) - LARGE (KG),,2026-02-11T13:58:45.973116+08:00
2026-02-11,140000000,CAR (CORDILLERA ADMINISTRATIVE REGION),ABATAN PUBLIC MARKET (MT. PROVINCE),FISH,Bangus (Large) - LARGE (KG),,2026-02-11T13:58:45.973116+08:00
2026-02-11,140000000,CAR (CORDILLERA ADMINISTRATIVE REGION),"ACOP, CAPONGA MARKET",FISH,Bangus (Large) - LARGE (KG),,2026-02-11T13:58:45.973116+08:00
2026-02-11,140000000,CAR (CORDILLERA ADMINISTRATIVE REGION),ATOK PUBLIC MARKET,FISH,Bangus (Large) - LARGE (KG),,2026-02-11T13:58:45.973116+08:00
2026-02-11,140000000,CAR (CORDILLERA ADMINISTRATIVE REGION),BANGUED PUBLIC MARKET,FISH,Bangus (Large) - LARGE (KG),,2026-02-11T13:58:45.973116+08:00
2026-02-11,140000000,CAR (CORDILLERA ADMINISTRATIVE REGION),BONTOC PUBLIC MARKET,FISH,Bangus (Large) - LARGE (KG),,2026-02-11T13:58:45.973116+08:00
2026-02-11,140000000,CAR (CORDILLERA ADMINISTRATIVE REGION),BULANAO PUBLIC MARKET,FISH,Bangus (Large) - LARGE (KG),,2026-02-11T13:58:45.973116+08:00
2026-02-11,140000000,CAR (CORDILLERA ADMINISTRATIVE REGION),DAGUPAN TABUK CITY PUBLIC MARKET,FISH,Bangus (Large) - LARGE (KG),,2026-02-11T13:58:45.973116+08:00
2026-02-11,140000000,CAR (CORDILLERA ADMINISTRATIVE REGION),FLORA PUBLIC MARKET,FISH,Bangus (Large) - LARGE (KG),,2026-02-11T13:58:45.973116+08:00
2026-02-11,140000000,CAR (CORDILLERA ADMINISTRATIVE REGION),KAYANG MARKET,FISH,Bangus (Large) - LARGE (KG),,2026-02-11T13:58:45.973116+08:00
2026-02-11,140000000,CAR (CORDILLERA ADMINISTRATIVE REGION),KIANGAN PUBLIC MARKET,FISH,Bangus (Large) - LARGE (KG),,2026-02-11T13:58:45.973116+08:00
2026-02-11,140000000,CAR (CORDILLERA ADMINISTRATIVE REGION),LA TRINIDAD PUBLIC MARKET,FISH,Bangus (Large) - LARGE (KG),,2026-02-11T13:58:45.973116+08:00
2026-02-11,140000000,CAR (CORDILLERA ADMINISTRATIVE REGION),LAGANGILANG PUBLIC MARKET,FISH,Bangus (Large) - LARGE (KG),,2026-02-11T13:58:45.973116+08:00
2026-02-11,140000000,CAR (CORDILLERA ADMINISTRATIVE REGION),LAGAWE PUBLIC MARKET,FISH,Bangus (Large) - LARGE (KG),,2026-02-11T13:58:45.973116+08:00
2026-02-11,140000000,CAR (CORDILLERA ADMINISTRATIVE REGION),LAMUT PUBLIC MARKET,FISH,Bangus (Large) - LARGE (KG),,2026-02-11T13:58:45.973116+08:00
2026-02-11,140000000,CAR (CORDILLERA ADMINISTRATIVE REGION),LUNA PUBLIC MARKET,FISH,Bangus (Large) - LARGE (KG),,2026-02-11T13:58:45.973116+08:00
2026-02-11,140000000,CAR (CORDILLERA ADMINISTRATIVE REGION),MABAAY PUBLIC MARKET,FISH,Bangus (Large) - LARGE (KG),,2026-02-11T13:58:45.973116+08:00
2026-02-11,140000000,CAR (CORDILLERA ADMINISTRATIVE REGION),MANKAYAN PUBLIC MARKET,FISH,Bangus (Large) - LARGE (KG),,2026-02-11T13:58:45.973116+08:00
2026-02-11,140000000,CAR (CORDILLERA ADMINISTRATIVE REGION),PIDIGAN PUBLIC MARKET,FISH,Bangus (Large) - LARGE (KG),,2026-02-11T13:58:45.973116+08:00
2026-02-11,140000000,CAR (CORDILLERA ADMINISTRATIVE REGION),PINUKPUK PUBLIC MARKET,FISH,Bangus (Large) - LARGE (KG),,2026-02-11T13:58:45.973116+08:00
2026-02-11,140000000,CAR (CORDILLERA ADMINISTRATIVE REGION),STA. MARCELA PUBLIC MARKET,FISH,Bangus (Large) - LARGE (KG),,2026-02-11T13:58:45.973116+08:00
2026-02-11,140000000,CAR (CORDILLERA ADMINISTRATIVE REGION),A. LISTA PUBLIC MARKET,FISH,Bangus (Medium) - MEDIUM (3-4PCS/KG),,2026-02-11T13:58:45.973116+08:00
2026-02-11,140000000,CAR (CORDILLERA ADMINISTRATIVE REGION),ABATAN PUBLIC MARKET,FISH,Bangus (Medium) - MEDIUM (3-4PCS/KG),,2026-02-11T13:58:45.973116+08:00
2026-02-11,140000000,CAR (CORDILLERA ADMINISTRATIVE REGION),ABATAN PUBLIC MARKET (MT. PROVINCE),FISH,Bangus (Medium) - MEDIUM (3-4PCS/KG),,2026-02-11T13:58:45.973116+08:00
2026-02-11,140000000,CAR (CORDILLERA ADMINISTRATIVE REGION),"ACOP, CAPONGA MARKET",FISH,Bangus (Medium) - MEDIUM (3-4PCS/KG),,2026-02-11T13:58:45.973116+08:00
2026-02-11,140000000,CAR (CORDILLERA ADMINISTRATIVE REGION),ATOK PUBLIC MARKET,FISH,Bangus (Medium) - MEDIUM (3-4PCS/KG),,2026-02-11T13:58:45.973116+08:00
2026-02-11,140000000,CAR (CORDILLERA ADMINISTRATIVE REGION),BONTOC PUBLIC MARKET,FISH,Bangus (Medium) - MEDIUM (3-4PCS/KG),,2026-02-11T13:58:45.973116+08:00
2026-02-11,140000000,CAR (CORDILLERA ADMINISTRATIVE REGION),BULANAO PUBLIC MARKET,FISH,Bangus (Medium) - MEDIUM (3-4PCS/KG),,2026-02-11T13:58:45.973116+08:00
2026-02-11,140000000,CAR (CORDILLERA ADMINISTRATIVE REGION),DAGUPAN TABUK CITY PUBLIC MARKET,FISH,Bangus (Medium) - MEDIUM (3-4PCS/KG),,2026-02-11T13:58:45.973116+08:00
2026-02-11,140000000,CAR (CORDILLERA ADMINISTRATIVE REGION),FLORA PUBLIC MARKET,FISH,Bangus (Medium) - MEDIUM (3-4PCS/KG),,2026-02-11T13:58:45.973116+08:00
2026-02-11,140000000,CAR (CORDILLERA ADMINISTRATIVE REGION),KAYANG MARKET,FISH,Bangus (Medium) - MEDIUM (3-4PCS/KG),,2026-02-11T13:58:45.973116+08:00
2026-02-11,140000000,CAR (CORDILLERA ADMINISTRATIVE REGION),KIANGAN PUBLIC MARKET,FISH,Bangus (Medium) - MEDIUM (3-4PCS/KG),,2026-02-11T13:58:45.973116+08:00
2026-02-11,140000000,CAR (CORDILLERA ADMINISTRATIVE REGION),LA TRINIDAD PUBLIC MARKET,FISH,Bangus (Medium) - MEDIUM (3-4PCS/KG),,2026-02-11T13:58:45.973116+08:00
2026-02-11,140000000,CAR (CORDILLERA ADMINISTRATIVE REGION),LAGANGILANG PUBLIC MARKET,FISH,Bangus (Medium) - MEDIUM (3-4PCS/KG),,2026-02-11T13:58:45.973116+08:00
2026-02-11,140000000,CAR (CORDILLERA ADMINISTRATIVE REGION),LAGAWE PUBLIC MARKET,FISH,Bangus (Medium) - MEDIUM (3-4PCS/KG),,2026-02-11T13:58:45.973116+08:00
2026-02-11,140000000,CAR (CORDILLERA ADMINISTRATIVE REGION),LAMUT PUBLIC MARKET,FISH,Bangus (Medium) - MEDIUM (3-4PCS/KG),,2026-02-11T13:58:45.973116+08:00
2026-02-11,140000000,CAR (CORDILLERA ADMINISTRATIVE REGION),LUNA PUBLIC MARKET,FISH,Bangus (Medium) - MEDIUM (3-4PCS/KG),,2026-02-11T13:58:45.973116+08:00
2026-02-11,140000000,CAR (CORDILLERA ADMINISTRATIVE REGION),MABAAY PUBLIC MARKET,FISH,Bangus (Medium) - MEDIUM (3-4PCS/KG),,2026-02-11T13:58:45.973116+08:00
2026-02-11,140000000,CAR (CORDILLERA ADMINISTRATIVE REGION),MANKAYAN PUBLIC MARKET,FISH,Bangus (Medium) - MEDIUM (3-4PCS/KG),,2026-02-11T13:58:45.973116+08:00
2026-02-11,140000000,CAR (CORDILLERA ADMINISTRATIVE REGION),PIDIGAN PUBLIC MARKET,FISH,Bangus (Medium) - MEDIUM (3-4PCS/KG),,2026-02-11T13:58:45.973116+08:00
2026-02-11,140000000,CAR (CORDILLERA ADMINISTRATIVE REGION),PINUKPUK PUBLIC MARKET,FISH,Bangus (Medium) - MEDIUM (3-4PCS/KG),,2026-02-11T13:58:45.973116+08:00
2026-02-11,140000000,CAR (CORDILLERA ADMINISTRATIVE REGION),STA. MARCELA PUBLIC MARKET,FISH,Bangus (Medium) - MEDIUM (3-4PCS/KG),,2026-02-11T13:58:45.973116+08:00
2026-02-11,140000000,CAR (CORDILLERA ADMINISTRATIVE REGION),A. LISTA PUBLIC MARKET,FISH,Bonito,,2026-02-11T13:58:45.973116+08:00
2026-02-11,140000000,CAR (CORDILLERA ADMINISTRATIVE REGION),ABATAN PUBLIC MARKET,FISH,Bonito,,2026-02-11T13:58:45.973116+08:00
2026-02-11,140000000,CAR (CORDILLERA ADMINISTRATIVE REGION),ABATAN PUBLIC MARKET (MT. PROVINCE),FISH,Bonito,,2026-02-11T13:58:45.973116+08:00
2026-02-11,140000000,CAR (CORDILLERA ADMINISTRATIVE REGION),"ACOP, CAPONGA MARKET",FISH,Bonito,,2026-02-11T13:58:45.973116+08:00
2026-02-11,140000000,CAR (CORDILLERA ADMINISTRATIVE REGION),ATOK PUBLIC MARKET,FISH,Bonito,,2026-02-11T13:58:45.973116+08:00
2026-02-11,140000000,CAR (CORDILLERA ADMINISTRATIVE REGION),BAGUIO CITY PUBLIC MARKET,FISH,Bonito,,2026-02-11T13:58:45.973116+08:00
2026-02-11,140000000,CAR (CORDILLERA ADMINISTRATIVE REGION),BANGUED PUBLIC MARKET,FISH,Bonito,,2026-02-11T13:58:45.973116+08:00
2026-02-11,140000000,CAR (CORDILLERA ADMINISTRATIVE REGION),BONTOC PUBLIC MARKET,FISH,Bonito,,2026-02-11T13:58:45.973116+08:00
2026-02-11,140000000,CAR (CORDILLERA ADMINISTRATIVE REGION),BULANAO PUBLIC MARKET,FISH,Bonito,,2026-02-11T13:58:45.973116+08:00
2026-02-11,140000000,CAR (CORDILLERA ADMINISTRATIVE REGION),DAGUPAN TABUK CITY PUBLIC MARKET,FISH,Bonito,,2026-02-11T13:58:45.973116+08:00
2026-02-11,140000000,CAR (CORDILLERA ADMINISTRATIVE REGION),FLORA PUBLIC MARKET,FISH,Bonito,,2026-02-11T13:58:45.973116+08:00
2026-02-11,140000000,CAR (CORDILLERA ADMINISTRATIVE REGION),KAYANG MARKET,FISH,Bonito,,2026-02-11T13:58:45.973116+08:00
2026-02-11,140000000,CAR (CORDILLERA ADMINISTRATIVE REGION),KIANGAN PUBLIC MARKET,FISH,Bonito,,2026-02-11T13:58:45.973116+08:00
2026-02-11,140000000,CAR (CORDILLERA ADMINISTRATIVE REGION),LA TRINIDAD PUBLIC MARKET,FISH,Bonito,,2026-02-11T13:58:45.973116+08:00
2026-02-11,140000000,CAR (CORDILLERA ADMINISTRATIVE REGION),LAGANGILANG PUBLIC MARKET,FISH,Bonito,,2026-02-11T13:58:45.973116+08:00
2026-02-11,140000000,CAR (CORDILLERA ADMINISTRATIVE REGION),LAGAWE PUBLIC MARKET,FISH,Bonito,,2026-02-11T13:58:45.973116+08:00
2026-02-11,140000000,CAR (CORDILLERA ADMINISTRATIVE REGION),LAMUT PUBLIC MARKET,FISH,Bonito,,2026-02-11T13:58:45.973116+08:00
2026-02-11,140000000,CAR (CORDILLERA ADMINISTRATIVE REGION),LUNA PUBLIC MARKET,FISH,Bonito,,2026-02-11T13:58:45.973116+08:00
2026-02-11,140000000,CAR (CORDILLERA ADMINISTRATIVE REGION),MABAAY PUBLIC MARKET,FISH,Bonito,,2026-02-11T13:58:45.973116+08:00
2026-02-11,140000000,CAR (CORDILLERA ADMINISTRATIVE REGION),MANKAYAN PUBLIC MARKET,FISH,Bonito,,2026-02-11T13:58:45.973116+08:00
2026-02-11,140000000,CAR (CORDILLERA ADMINISTRATIVE REGION),PIDIGAN PUBLIC MARKET,FISH,Bonito,,2026-02-11T13:58:45.973116+08:00
2026-02-11,140000000,CAR (CORDILLERA ADMINISTRATIVE REGION),PINUKPUK PUBLIC MARKET,FISH,Bonito,,2026-02-11T13:58:45.973116+08:00
2026-02-11,140000000,CAR (CORDILLERA ADMINISTRATIVE REGION),STA. MARCELA PUBLIC MARKET,FISH,Bonito,,2026-02-11T13:58:45.973116+08:00
2026-02-11,140000000,CAR (CORDILLERA ADMINISTRATIVE REGION),A. LISTA PUBLIC MARKET,FISH,"Galunggong(Imported) - MALE, MEDIUM (12-14PCS/KG)",,2026-02-11T13:58:45.973116+08:00
2026-02-11,140000000,CAR (CORDILLERA ADMINISTRATIVE REGION),ABATAN PUBLIC MARKET,FISH,"Galunggong(Imported) - MALE, MEDIUM (12-14PCS/KG)",,2026-02-11T13:58:45.973116+08:00
2026-02-11,140000000,CAR (CORDILLERA ADMINISTRATIVE REGION),ABATAN PUBLIC MARKET (MT. PROVINCE),FISH,"Galunggong(Imported) - MALE, MEDIUM (12-14PCS/KG)",,2026-02-11T13:58:45.973116+08:00
2026-02-11,140000000,CAR (CORDILLERA ADMINISTRATIVE REGION),"ACOP, CAPONGA MARKET",FISH,"Galunggong(Imported) - MALE, MEDIUM (12-14PCS/KG)",,2026-02-11T13:58:45.973116+08:00
2026-02-11,140000000,CAR (CORDILLERA ADMINISTRATIVE REGION),ATOK PUBLIC MARKET,FISH,"Galunggong(Imported) - MALE, MEDIUM (12-14PCS/KG)",,2026-02-11T13:58:45.973116+08:00
2026-02-11,140000000,CAR (CORDILLERA ADMINISTRATIVE REGION),BAGUIO CITY PUBLIC MARKET,FISH,"Galunggong(Imported) - MALE, MEDIUM (12-14PCS/KG)",,2026-02-11T13:58:45.973116+08:00
2026-02-11,140000000,CAR (CORDILLERA ADMINISTRATIVE REGION),BONTOC PUBLIC MARKET,FISH,"Galunggong(Imported) - MALE, MEDIUM (12-14PCS/KG)",,2026-02-11T13:58:45.973116+08:00
2026-02-11,140000000,CAR (CORDILLERA ADMINISTRATIVE REGION),BULANAO PUBLIC MARKET,FISH,"Galunggong(Imported) - MALE, MEDIUM (12-14PCS/KG)",,2026-02-11T13:58:45.973116+08:00
2026-02-11,140000000,CAR (CORDILLERA ADMINISTRATIVE REGION),DAGUPAN TABUK CITY PUBLIC MARKET,FISH,"Galunggong(Imported) - MALE, MEDIUM (12-14PCS/KG)",,2026-02-11T13:58:45.973116+08:00
2026-02-11,140000000,CAR (CORDILLERA ADMINISTRATIVE REGION),FLORA PUBLIC MARKET,FISH,"Galunggong(Imported) - MALE, MEDIUM (12-14PCS/KG)",,2026-02-11T13:58:45.973116+08:00
2026-02-11,140000000,CAR (CORDILLERA ADMINISTRATIVE REGION),KAYANG MARKET,FISH,"Galunggong(Imported) - MALE, MEDIUM (12-14PCS/KG)",,2026-02-11T13:58:45.973116+08:00
2026-02-11,140000000,CAR (CORDILLERA ADMINISTRATIVE REGION),KIANGAN PUBLIC MARKET,FISH,"Galunggong(Imported) - MALE, MEDIUM (12-14PCS/KG)",,2026-02-11T13:58:45.973116+08:00
2026-02-11,140000000,CAR (CORDILLERA ADMINISTRATIVE REGION),LA TRINIDAD PUBLIC MARKET,FISH,"Galunggong(Imported) - MALE, MEDIUM (12-14PCS/KG)",,2026-02-11T13:58:45.973116+08:00
2026-02-11,140000000,CAR (CORDILLERA ADMINISTRATIVE REGION),LAGANGILANG PUBLIC MARKET,FISH,"Galunggong(Imported) - MALE, MEDIUM (12-14PCS/KG)",,2026-02-11T13:58:45.973116+08:00
2026-02-11,140000000,CAR (CORDILLERA ADMINISTRATIVE REGION),LAGAWE PUBLIC MARKET,FISH,"Galunggong(Imported) - MALE, MEDIUM (12-14PCS/KG)",,2026-02-11T13:58:45.973116+08:00
2026-02-11,140000000,CAR (CORDILLERA ADMINISTRATIVE REGION),LAMUT PUBLIC MARKET,FISH,"Galunggong(Imported) - MALE, MEDIUM (12-14PCS/KG)",,2026-02-11T13:58:45.973116+08:00
2026-02-11,140000000,CAR (CORDILLERA ADMINISTRATIVE REGION),LUNA PUBLIC MARKET,FISH,"Galunggong(Imported) - MALE, MEDIUM (12-14PCS/KG)",,2026-02-11T13:58:45.973116+08:00
2026-02-11,140000000,CAR (CORDILLERA ADMINISTRATIVE REGION),MABAAY PUBLIC MARKET,FISH,"Galunggong(Imported) - MALE, MEDIUM (12-14PCS/KG)",,2026-02-11T13:58:45.973116+08:00
2026-02-11,140000000,CAR (CORDILLERA ADMINISTRATIVE REGION),MANKAYAN PUBLIC MARKET,FISH,"Galunggong(Imported) - MALE, MEDIUM (12-14PCS/KG)",,2026-02-11T13:58:45.973116+08:00
2026-02-11,140000000,CAR (CORDILLERA ADMINISTRATIVE REGION),PIDIGAN PUBLIC MARKET,FISH,"Galunggong(Imported) - MALE, MEDIUM (12-14PCS/KG)",,2026-02-11T13:58:45.973116+08:00
2026-02-11,140000000,CAR (CORDILLERA ADMINISTRATIVE REGION),PINUKPUK PUBLIC MARKET,FISH,"Galunggong(Imported) - MALE, MEDIUM (12-14PCS/KG)",,2026-02-11T13:58:45.973116+08:00
2026-02-11,140000000,CAR (CORDILLERA ADMINISTRATIVE REGION),STA. MARCELA PUBLIC MARKET,FISH,"Galunggong(Imported) - MALE, MEDIUM (12-14PCS/KG)",,2026-02-11T13:58:45.973116+08:00
2026-02-11,140000000,CAR (CORDILLERA ADMINISTRATIVE REGION),A. LISTA PUBLIC MARKET,FISH,"Galunggong(Local) - MALE, MEDIUM(12-14PCS/KG)",,2026-02-11T13:58:45.973116+08:00
2026-02-11,140000000,CAR (CORDILLERA ADMINISTRATIVE REGION),ABATAN PUBLIC MARKET,FISH,"Galunggong(Local) - MALE, MEDIUM(12-14PCS/KG)",,2026-02-11T13:58:45.973116+08:00
2026-02-11,140000000,CAR (CORDILLERA ADMINISTRATIVE REGION),ABATAN PUBLIC MARKET (MT. PROVINCE),FISH,"Galunggong(Local) - MALE, MEDIUM(12-14PCS/KG)",,2026-02-11T13:58:45.973116+08:00
2026-02-11,140000000,CAR (CORDILLERA ADMINISTRATIVE REGION),"ACOP, CAPONGA MARKET",FISH,"Galunggong(Local) - MALE, MEDIUM(12-14PCS/KG)",,2026-02-11T13:58:45.973116+08:00
2026-02-11,140000000,CAR (CORDILLERA ADMINISTRATIVE REGION),ATOK PUBLIC MARKET,FISH,"Galunggong(Local) - MALE, MEDIUM(12-14PCS/KG)",,2026-02-11T13:58:45.973116+08:00
2026-02-11,140000000,CAR (CORDILLERA ADMINISTRATIVE REGION),BONTOC PUBLIC MARKET,FISH,"Galunggong(Local) - MALE, MEDIUM(12-14PCS/KG)",,2026-02-11T13:58:45.973116+08:00
2026-02-11,140000000,CAR (CORDILLERA ADMINISTRATIVE REGION),BULANAO PUBLIC MARKET,FISH,"Galunggong(Local) - MALE, MEDIUM(12-14PCS/KG)",,2026-02-11T13:58:45.973116+08:00
2026-02-11,140000000,CAR (CORDILLERA ADMINISTRATIVE REGION),DAGUPAN TABUK CITY PUBLIC MARKET,FISH,"Galunggong(Local) - MALE, MEDIUM(12-14PCS/KG)",,2026-02-11T13:58:45.973116+08:00
2026-02-11,140000000,CAR (CORDILLERA ADMINISTRATIVE REGION),FLORA PUBLIC MARKET,FISH,"Galunggong(Local) - MALE, MEDIUM(12-14PCS/KG)",,2026-02-11T13:58:45.973116+08:00
2026-02-11,140000000,CAR (CORDILLERA ADMINISTRATIVE REGION),KAYANG MARKET,FISH,"Galunggong(Local) - MALE, MEDIUM(12-14PCS/KG)",,2026-02-11T13:58:45.973116+08:00
2026-02-11,140000000,CAR (CORDILLERA ADMINISTRATIVE REGION),KIANGAN PUBLIC MARKET,FISH,"Galunggong(Local) - MALE, MEDIUM(12-14PCS/KG)",,2026-02-11T13:58:45.973116+08:00
2026-02-11,140000000,CAR (CORDILLERA ADMINISTRATIVE REGION),LA TRINIDAD PUBLIC MARKET,FISH,"Galunggong(Local) - MALE, MEDIUM(12-14PCS/KG)",,2026-02-11T13:58:45.973116+08:00
2026-02-11,140000000,CAR (CORDILLERA ADMINISTRATIVE REGION),LAGANGILANG PUBLIC MARKET,FISH,"Galunggong(Local) - MALE, MEDIUM(12-14PCS/KG)",,2026-02-11T13:58:45.973116+08:00
2026-02-11,140000000,CAR (CORDILLERA ADMINISTRATIVE REGION),LAGAWE PUBLIC MARKET,FISH,"Galunggong(Local) - MALE, MEDIUM(12-14PCS/KG)",,2026-02-11T13:58:45.973116+08:00
2026-02-11,140000000,CAR (CORDILLERA ADMINISTRATIVE REGION),LAMUT PUBLIC MARKET,FISH,"Galunggong(Local) - MALE, MEDIUM(12-14PCS/KG)",,2026-02-11T13:58:45.973116+08:00
2026-02-11,140000000,CAR (CORDILLERA ADMINISTRATIVE REGION),LUNA PUBLIC MARKET,FISH,"Galunggong(Local) - MALE, MEDIUM(12-14PCS/KG)",,2026-02-11T13:58:45.973116+08:00
2026-02-11,140000000,CAR (CORDILLERA ADMINISTRATIVE REGION),MABAAY PUBLIC MARKET,FISH,"Galunggong(Local) - MALE, MEDIUM(12-14PCS/KG)",,2026-02-11T13:58:45.973116+08:00
2026-02-11,140000000,CAR (CORDILLERA ADMINISTRATIVE REGION),MANKAYAN PUBLIC MARKET,FISH,"Galunggong(Local) - MALE, MEDIUM(12-14PCS/KG)",,2026-02-11T13:58:45.973116+08:00
2026-02-11,140000000,CAR (CORDILLERA ADMINISTRATIVE REGION),PIDIGAN PUBLIC MARKET,FISH,"Galunggong(Local) - MALE, MEDIUM(12-14PCS/KG)",,2026-02-11T13:58:45.973116+08:00
2026-02-11,140000000,CAR (CORDILLERA ADMINISTRATIVE REGION),PINUKPUK PUBLIC MARKET,FISH,"Galunggong(Local) - MALE, MEDIUM(12-14PCS/KG)",,2026-02-11T13:58:45.973116+08:00
2026-02-11,140000000,CAR (CORDILLERA ADMINISTRATIVE REGION),STA. MARCELA PUBLIC MARKET,FISH,"Galunggong(Local) - MALE, MEDIUM(12-14PCS/KG)",,2026-02-11T13:58:45.973116+08:00
2026-02-11,140000000,CAR (CORDILLERA ADMINISTRATIVE REGION),A. LISTA PUBLIC MARKET,FISH,Salmon Head,,2026-02-11T13:58:45.973116+08:00
2026-02-11,140000000,CAR (CORDILLERA ADMINISTRATIVE REGION),ABATAN PUBLIC MARKET,FISH,Salmon Head,,2026-02-11T13:58:45.973116+08:00
2026-02-11,140000000,CAR (CORDILLERA ADMINISTRATIVE REGION),ABATAN PUBLIC MARKET (MT. PROVINCE),FISH,Salmon Head,,2026-02-11T13:58:45.973116+08:00
2026-02-11,140000000,CAR (CORDILLERA ADMINISTRATIVE REGION),"ACOP, CAPONGA MARKET",FISH,Salmon Head,,2026-02-11T13:58:45.973116+08:00
2026-02-11,140000000,CAR (CORDILLERA ADMINISTRATIVE REGION),ATOK PUBLIC MARKET,FISH,Salmon Head,,2026-02-11T13:58:45.973116+08:00
2026-02-11,140000000,CAR (CORDILLERA ADMINISTRATIVE REGION),BAGUIO CITY PUBLIC MARKET,FISH,Salmon Head,,2026-02-11T13:58:45.973116+08:00
2026-02-11,140000000,CAR (CORDILLERA ADMINISTRATIVE REGION),BANGUED PUBLIC MARKET,FISH,Salmon Head,,2026-02-11T13:58:45.973116+08:00
2026-02-11,140000000,CAR (CORDILLERA ADMINISTRATIVE REGION),BONTOC PUBLIC MARKET,FISH,Salmon Head,,2026-02-11T13:58:45.973116+08:00
2026-02-11,140000000,CAR (CORDILLERA ADMINISTRATIVE REGION),BULANAO PUBLIC MARKET,FISH,Salmon Head,,2026-02-11T13:58:45.973116+08:00
2026-02-11,140000000,CAR (CORDILLERA ADMINISTRATIVE REGION),DAGUPAN TABUK CITY PUBLIC MARKET,FISH,Salmon Head,,2026-02-11T13:58:45.973116+08:00
2026-02-11,140000000,CAR (CORDILLERA ADMINISTRATIVE REGION),FLORA PUBLIC MARKET,FISH,Salmon Head,,2026-02-11T13:58:45.973116+08:00
2026-02-11,140000000,CAR (CORDILLERA ADMINISTRATIVE REGION),KAYANG MARKET,FISH,Salmon Head,,2026-02-11T13:58:45.973116+08:00
2026-02-11,140000000,CAR (CORDILLERA ADMINISTRATIVE REGION),KIANGAN PUBLIC MARKET,FISH,Salmon Head,,2026-02-11T13:58:45.973116+08:00
2026-02-11,140000000,CAR (CORDILLERA ADMINISTRATIVE REGION),LA TRINIDAD PUBLIC MARKET,FISH,Salmon Head,,2026-02-11T13:58:45.973116+08:00
2026-02-11,140000000,CAR (CORDILLERA ADMINISTRATIVE REGION),LAGANGILANG PUBLIC MARKET,FISH,Salmon Head,,2026-02-11T13:58:45.973116+08:00
2026-02-11,140000000,CAR (CORDILLERA ADMINISTRATIVE REGION),LAGAWE PUBLIC MARKET,FISH,Salmon Head,,2026-02-11T13:58:45.973116+08:00
2026-02-11,140000000,CAR (CORDILLERA ADMINISTRATIVE REGION),LAMUT PUBLIC MARKET,FISH,Salmon Head,,2026-02-11T13:58:45.973116+08:00
2026-02-11,140000000,CAR (CORDILLERA ADMINISTRATIVE REGION),LUNA PUBLIC MARKET,FISH,Salmon Head,,2026-02-11T13:58:45.973116+08:00
2026-02-11,140000000,CAR (CORDILLERA ADMINISTRATIVE REGION),MABAAY PUBLIC MARKET,FISH,Salmon Head,,2026-02-11T13:58:45.973116+08:00
2026-02-11,140000000,CAR (CORDILLERA ADMINISTRATIVE REGION),MANKAYAN PUBLIC MARKET,FISH,Salmon Head,,2026-02-11T13:58:45.973116+08:00
2026-02-11,140000000,CAR (CORDILLERA ADMINISTRATIVE REGION),PIDIGAN PUBLIC MARKET,FISH,Salmon Head,,2026-02-11T13:58:45.973116+08:00
2026-02-11,140000000,CAR (CORDILLERA ADMINISTRATIVE REGION),PINUKPUK PUBLIC MARKET,FISH,Salmon Head,,2026-02-11T13:58:45.973116+08:00
2026-02-11,140000000,CAR (CORDILLERA ADMINISTRATIVE REGION),STA. MARCELA PUBLIC MARKET,FISH,Salmon Head,,2026-02-11T13:58:45.973116+08:00
2026-02-11,140000000,CAR (CORDILLERA ADMINISTRATIVE REGION),A. LISTA PUBLIC MARKET,FISH,Sardines (Tamban),,2026-02-11T13:58:45.973116+08:00
2026-02-11,140000000,CAR (CORDILLERA ADMINISTRATIVE REGION),ABATAN PUBLIC MARKET,FISH,Sardines (Tamban),,2026-02-11T13:58:45.973116+08:00
2026-02-11,140000000,CAR (CORDILLERA ADMINISTRATIVE REGION),ABATAN PUBLIC MARKET (MT. PROVINCE),FISH,Sardines (Tamban),,2026-02-11T13:58:45.973116+08:00
2026-02-11,140000000,CAR (CORDILLERA ADMINISTRATIVE REGION),"ACOP, CAPONGA MARKET",FISH,Sardines (Tamban),,2026-02-11T13:58:45.973116+08:00
2026-02-11,140000000,CAR (CORDILLERA ADMINISTRATIVE REGION),ATOK PUBLIC MARKET,FISH,Sardines (Tamban),,2026-02-11T13:58:45.973116+08:00
2026-02-11,140000000,CAR (CORDILLERA ADMINISTRATIVE REGION),BAGUIO CITY PUBLIC MARKET,FISH,Sardines (Tamban),,2026-02-11T13:58:45.973116+08:00
2026-02-11,140000000,CAR (CORDILLERA ADMINISTRATIVE REGION),BANGUED PUBLIC MARKET,FISH,Sardines (Tamban),,2026-02-11T13:58:45.973116+08:00
2026-02-11,140000000,CAR (CORDILLERA ADMINISTRATIVE REGION),BONTOC PUBLIC MARKET,FISH,Sardines (Tamban),,2026-02-11T13:58:45.973116+08:00
2026-02-11,140000000,CAR (CORDILLERA ADMINISTRATIVE REGION),BULANAO PUBLIC MARKET,FISH,Sardines (Tamban),,2026-02-11T13:58:45.973116+08:00
2026-02-11,140000000,CAR (CORDILLERA ADMINISTRATIVE REGION),DAGUPAN TABUK CITY PUBLIC MARKET,FISH,Sardines (Tamban),,2026-02-11T13:58:45.973116+08:00
2026-02-11,140000000,CAR (CORDILLERA ADMINISTRATIVE REGION),FLORA PUBLIC MARKET,FISH,Sardines (Tamban),,2026-02-11T13:58:45.973116+08:00
2026-02-11,140000000,CAR (CORDILLERA ADMINISTRATIVE REGION),KAYANG MARKET,FISH,Sardines (Tamban),,2026-02-11T13:58:45.973116+08:00
2026-02-11,140000000,CAR (CORDILLERA ADMINISTRATIVE REGION),KIANGAN PUBLIC MARKET,FISH,Sardines (Tamban),,2026-02-11T13:58:45.973116+08:00
2026-02-11,140000000,CAR (CORDILLERA ADMINISTRATIVE REGION),LA TRINIDAD PUBLIC MARKET,FISH,Sardines (Tamban),,2026-02-11T13:58:45.973116+08:00
2026-02-11,140000000,CAR (CORDILLERA ADMINISTRATIVE REGION),LAGANGILANG PUBLIC MARKET,FISH,Sardines (Tamban),,2026-02-11T13:58:45.973116+08:00
2026-02-11,140000000,CAR (CORDILLERA ADMINISTRATIVE REGION),LAGAWE PUBLIC MARKET,FISH,Sardines (Tamban),,2026-02-11T13:58:45.973116+08:00
2026-02-11,140000000,CAR (CORDILLERA ADMINISTRATIVE REGION),LAMUT PUBLIC MARKET,FISH,Sardines (Tamban),,2026-02-11T13:58:45.973116+08:00
2026-02-11,140000000,CAR (CORDILLERA ADMINISTRATIVE REGION),LUNA PUBLIC MARKET,FISH,Sardines (Tamban),,2026-02-11T13:58:45.973116+08:00
2026-02-11,140000000,CAR (CORDILLERA ADMINISTRATIVE REGION),MABAAY PUBLIC MARKET,FISH,Sardines (Tamban),,2026-02-11T13:58:45.973116+08:00
2026-02-11,140000000,CAR (CORDILLERA ADMINISTRATIVE REGION),MANKAYAN PUBLIC MARKET,FISH,Sardines (Tamban),,2026-02-11T13:58:45.973116+08:00
2026-02-11,140000000,CAR (CORDILLERA ADMINISTRATIVE REGION),PIDIGAN PUBLIC MARKET,FISH,Sardines (Tamban),,2026-02-11T13:58:45.973116+08:00
2026-02-11,140000000,CAR (CORDILLERA ADMINISTRATIVE REGION),PINUKPUK PUBLIC MARKET,FISH,Sardines (Tamban),,2026-02-11T13:58:45.973116+08:00
2026-02-11,140000000,CAR (CORDILLERA ADMINISTRATIVE REGION),STA. MARCELA PUBLIC MARKET,FISH,Sardines (Tamban),,2026-02-11T13:58:45.973116+08:00
2026-02-11,140000000,CAR (CORDILLERA ADMINISTRATIVE REGION),A. LISTA PUBLIC MARKET,FISH,Squid (Pusit Bisaya) - Medium,,2026-02-11T13:58:45.973116+08:00
2026-02-11,140000000,CAR (CORDILLERA ADMINISTRATIVE REGION),ABATAN PUBLIC MARKET,FISH,Squid (Pusit Bisaya) - Medium,,2026-02-11T13:58:45.973116+08:00
2026-02-11,140000000,CAR (CORDILLERA ADMINISTRATIVE REGION),ABATAN PUBLIC MARKET (MT. PROVINCE),FISH,Squid (Pusit Bisaya) - Medium,,2026-02-11T13:58:45.973116+08:00
2026-02-11,140000000,CAR (CORDILLERA ADMINISTRATIVE REGION),"ACOP, CAPONGA MARKET",FISH,Squid (Pusit Bisaya) - Medium,,2026-02-11T13:58:45.973116+08:00
2026-02-11,140000000,CAR (CORDILLERA ADMINISTRATIVE REGION),ATOK PUBLIC MARKET,FISH,Squid (Pusit Bisaya) - Medium,,2026-02-11T13:58:45.973116+08:00
2026-02-11,140000000,CAR (CORDILLERA ADMINISTRATIVE REGION),BAGUIO CITY PUBLIC MARKET,FISH,Squid (Pusit Bisaya) - Medium,,2026-02-11T13:58:45.973116+08:00
2026-02-11,140000000,CAR (CORDILLERA ADMINISTRATIVE REGION),BANGUED PUBLIC MARKET,FISH,Squid (Pusit Bisaya) - Medium,,2026-02-11T13:58:45.973116+08:00
2026-02-11,140000000,CAR (CORDILLERA ADMINISTRATIVE REGION),BONTOC PUBLIC MARKET,FISH,Squid (Pusit Bisaya) - Medium,,2026-02-11T13:58:45.973116+08:00
2026-02-11,140000000,CAR (CORDILLERA ADMINISTRATIVE REGION),BULANAO PUBLIC MARKET,FISH,Squid (Pusit Bisaya) - Medium,,2026-02-11T13:58:45.973116+08:00
2026-02-11,140000000,CAR (CORDILLERA ADMINISTRATIVE REGION),DAGUPAN TABUK CITY PUBLIC MARKET,FISH,Squid (Pusit Bisaya) - Medium,,2026-02-11T13:58:45.973116+08:00
2026-02-11,140000000,CAR (CORDILLERA ADMINISTRATIVE REGION),FLORA PUBLIC MARKET,FISH,Squid (Pusit Bisaya) - Medium,,2026-02-11T13:58:45.973116+08:00
2026-02-11,140000000,CAR (CORDILLERA ADMINISTRATIVE REGION),KAYANG MARKET,FISH,Squid (Pusit Bisaya) - Medium,,2026-02-11T13:58:45.973116+08:00
2026-02-11,140000000,CAR (CORDILLERA ADMINISTRATIVE REGION),KIANGAN PUBLIC MARKET,FISH,Squid (Pusit Bisaya) - Medium,,2026-02-11T13:58:45.973116+08:00
2026-02-11,140000000,CAR (CORDILLERA ADMINISTRATIVE REGION),LA TRINIDAD PUBLIC MARKET,FISH,Squid (Pusit Bisaya) - Medium,,2026-02-11T13:58:45.973116+08:00
2026-02-11,140000000,CAR (CORDILLERA ADMINISTRATIVE REGION),LAGANGILANG PUBLIC MARKET,FISH,Squid (Pusit Bisaya) - Medium,,2026-02-11T13:58:45.973116+08:00
2026-02-11,140000000,CAR (CORDILLERA ADMINISTRATIVE REGION),LAGAWE PUBLIC MARKET,FISH,Squid (Pusit Bisaya) - Medium,,2026-02-11T13:58:45.973116+08:00
2026-02-11,140000000,CAR (CORDILLERA ADMINISTRATIVE REGION),LAMUT PUBLIC MARKET,FISH,Squid (Pusit Bisaya) - Medium,,2026-02-11T13:58:45.973116+08:00
2026-02-11,140000000,CAR (CORDILLERA ADMINISTRATIVE REGION),LUNA PUBLIC MARKET,FISH,Squid (Pusit Bisaya) - Medium,,2026-02-11T13:58:45.973116+08:00
2026-02-11,140000000,CAR (CORDILLERA ADMINISTRATIVE REGION),MABAAY PUBLIC MARKET,FISH,Squid (Pusit Bisaya) - Medium,,2026-02-11T13:58:45.973116+08:00
2026-02-11,140000000,CAR (CORDILLERA ADMINISTRATIVE REGION),MANKAYAN PUBLIC MARKET,FISH,Squid (Pusit Bisaya) - Medium,,2026-02-11T13:58:45.973116+08:00
2026-02-11,140000000,CAR (CORDILLERA ADMINISTRATIVE REGION),PIDIGAN PUBLIC MARKET,FISH,Squid (Pusit Bisaya) - Medium,,2026-02-11T13:58:45.973116+08:00
2026-02-11,140000000,CAR (CORDILLERA ADMINISTRATIVE REGION),PINUKPUK PUBLIC MARKET,FISH,Squid (Pusit Bisaya) - Medium,,2026-02-11T13:58:45.973116+08:00
2026-02-11,140000000,CAR (CORDILLERA ADMINISTRATIVE REGION),STA. MARCELA PUBLIC MARKET,FISH,Squid (Pusit Bisaya) - Medium,,2026-02-11T13:58:45.973116+08:00
2026-02-11,140000000,CAR (CORDILLERA ADMINISTRATIVE REGION),A. LISTA PUBLIC MARKET,FISH,Tilapia - MEDIUM (5-6PCS/KG),,2026-02-11T13:58:45.973116+08:00
2026-02-11,140000000,CAR (CORDILLERA ADMINISTRATIVE REGION),ABATAN PUBLIC MARKET,FISH,Tilapia - MEDIUM (5-6PCS/KG),,2026-02-11T13:58:45.973116+08:00
2026-02-11,140000000,CAR (CORDILLERA ADMINISTRATIVE REGION),ABATAN PUBLIC MARKET (MT. PROVINCE),FISH,Tilapia - MEDIUM (5-6PCS/KG),,2026-02-11T13:58:45.973116+08:00
2026-02-11,140000000,CAR (CORDILLERA ADMINISTRATIVE REGION),"ACOP, CAPONGA MARKET",FISH,Tilapia - MEDIUM (5-6PCS/KG),,2026-02-11T13:58:45.973116+08:00
2026-02-11,140000000,CAR (CORDILLERA ADMINISTRATIVE REGION),ATOK PUBLIC MARKET,FISH,Tilapia - MEDIUM (5-6PCS/KG),,2026-02-11T13:58:45.973116+08:00
2026-02-11,140000000,CAR (CORDILLERA ADMINISTRATIVE REGION),BONTOC PUBLIC MARKET,FISH,Tilapia - MEDIUM (5-6PCS/KG),,2026-02-11T13:58:45.973116+08:00
2026-02-11,140000000,CAR (CORDILLERA ADMINISTRATIVE REGION),BULANAO PUBLIC MARKET,FISH,Tilapia - MEDIUM (5-6PCS/KG),,2026-02-11T13:58:45.973116+08:00
2026-02-11,140000000,CAR (CORDILLERA ADMINISTRATIVE REGION),DAGUPAN TABUK CITY PUBLIC MARKET,FISH,Tilapia - MEDIUM (5-6PCS/KG),,2026-02-11T13:58:45.973116+08:00
2026-02-11,140000000,CAR (CORDILLERA ADMINISTRATIVE REGION),FLORA PUBLIC MARKET,FISH,Tilapia - MEDIUM (5-6PCS/KG),,2026-02-11T13:58:45.973116+08:00
2026-02-11,140000000,CAR (CORDILLERA ADMINISTRATIVE REGION),KAYANG MARKET,FISH,Tilapia - MEDIUM (5-6PCS/KG),,2026-02-11T13:58:45.973116+08:00
2026-02-11,140000000,CAR (CORDILLERA ADMINISTRATIVE REGION),KIANGAN PUBLIC MARKET,FISH,Tilapia - MEDIUM (5-6PCS/KG),,2026-02-11T13:58:45.973116+08:00
2026-02-11,140000000,CAR (CORDILLERA ADMINISTRATIVE REGION),LA TRINIDAD PUBLIC MARKET,FISH,Tilapia - MEDIUM (5-6PCS/KG),,2026-02-11T13:58:45.973116+08:00
2026-02-11,140000000,CAR (CORDILLERA ADMINISTRATIVE REGION),LAGANGILANG PUBLIC MARKET,FISH,Tilapia - MEDIUM (5-6PCS/KG),,2026-02-11T13:58:45.973116+08:00
2026-02-11,140000000,CAR (CORDILLERA ADMINISTRATIVE REGION),LAGAWE PUBLIC MARKET,FISH,Tilapia - MEDIUM (5-6PCS/KG),,2026-02-11T13:58:45.973116+08:00
2026-02-11,140000000,CAR (CORDILLERA ADMINISTRATIVE REGION),LAMUT PUBLIC MARKET,FISH,Tilapia - MEDIUM (5-6PCS/KG),,2026-02-11T13:58:45.973116+08:00
2026-02-11,140000000,CAR (CORDILLERA ADMINISTRATIVE REGION),LUNA PUBLIC MARKET,FISH,Tilapia - MEDIUM (5-6PCS/KG),,2026-02-11T13:58:45.973116+08:00
2026-02-11,140000000,CAR (CORDILLERA ADMINISTRATIVE REGION),MABAAY PUBLIC MARKET,FISH,Tilapia - MEDIUM (5-6PCS/KG),,2026-02-11T13:58:45.973116+08:00
2026-02-11,140000000,CAR (CORDILLERA ADMINISTRATIVE REGION),MANKAYAN PUBLIC MARKET,FISH,Tilapia - MEDIUM (5-6PCS/KG),,2026-02-11T13:58:45.973116+08:00
2026-02-11,140000000,CAR (CORDILLERA ADMINISTRATIVE REGION),PIDIGAN PUBLIC MARKET,FISH,Tilapia - MEDIUM (5-6PCS/KG),,2026-02-11T13:58:45.973116+08:00
2026-02-11,140000000,CAR (CORDILLERA ADMINISTRATIVE REGION),PINUKPUK PUBLIC MARKET,FISH,Tilapia - MEDIUM (5-6PCS/KG),,2026-02-11T13:58:45.973116+08:00
2026-02-11,140000000,CAR (CORDILLERA ADMINISTRATIVE REGION),STA. MARCELA PUBLIC MARKET,FISH,Tilapia - MEDIUM (5-6PCS/KG),,2026-02-11T13:58:45.973116+08:00
2026-02-11,140000000,CAR (CORDILLERA ADMINISTRATIVE REGION),A. LISTA PUBLIC MARKET,FISH,Yellow-Fin Tuna (Tambakol),,2026-02-11T13:58:45.973116+08:00
2026-02-11,140000000,CAR (CORDILLERA ADMINISTRATIVE REGION),ABATAN PUBLIC MARKET,FISH,Yellow-Fin Tuna (Tambakol),,2026-02-11T13:58:45.973116+08:00
2026-02-11,140000000,CAR (CORDILLERA ADMINISTRATIVE REGION),ABATAN PUBLIC MARKET (MT. PROVINCE),FISH,Yellow-Fin Tuna (Tambakol),,2026-02-11T13:58:45.973116+08:00
2026-02-11,140000000,CAR (CORDILLERA ADMINISTRATIVE REGION),"ACOP, CAPONGA MARKET",FISH,Yellow-Fin Tuna (Tambakol),,2026-02-11T13:58:45.973116+08:00
2026-02-11,140000000,CAR (CORDILLERA ADMINISTRATIVE REGION),ATOK PUBLIC MARKET,FISH,Yellow-Fin Tuna (Tambakol),,2026-02-11T13:58:45.973116+08:00
2026-02-11,140000000,CAR (CORDILLERA ADMINISTRATIVE REGION),BAGUIO CITY PUBLIC MARKET,FISH,Yellow-Fin Tuna (Tambakol),,2026-02-11T13:58:45.973116+08:00
2026-02-11,140000000,CAR (CORDILLERA ADMINISTRATIVE REGION),BANGUED PUBLIC MARKET,FISH,Yellow-Fin Tuna (Tambakol),,2026-02-11T13:58:45.973116+08:00
2026-02-11,140000000,CAR (CORDILLERA ADMINISTRATIVE REGION),BONTOC PUBLIC MARKET,FISH,Yellow-Fin Tuna (Tambakol),,2026-02-11T13:58:45.973116+08:00
2026-02-11,140000000,CAR (CORDILLERA ADMINISTRATIVE REGION),BULANAO PUBLIC MARKET,FISH,Yellow-Fin Tuna (Tambakol),,2026-02-11T13:58:45.973116+08:00
2026-02-11,140000000,CAR (CORDILLERA ADMINISTRATIVE REGION),DAGUPAN TABUK CITY PUBLIC MARKET,FISH,Yellow-Fin Tuna (Tambakol),,2026-02-11T13:58:45.973116+08:00
2026-02-11,140000000,CAR (CORDILLERA ADMINISTRATIVE REGION),FLORA PUBLIC MARKET,FISH,Yellow-Fin Tuna (Tambakol),,2026-02-11T13:58:45.973116+08:00
2026-02-11,140000000,CAR (CORDILLERA ADMINISTRATIVE REGION),KAYANG MARKET,FISH,Yellow-Fin Tuna (Tambakol),,2026-02-11T13:58:45.973116+08:00
2026-02-11,140000000,CAR (CORDILLERA ADMINISTRATIVE REGION),KIANGAN PUBLIC MARKET,FISH,Yellow-Fin Tuna (Tambakol),,2026-02-11T13:58:45.973116+08:00
2026-02-11,140000000,CAR (CORDILLERA ADMINISTRATIVE REGION),LA TRINIDAD PUBLIC MARKET,FISH,Yellow-Fin Tuna (Tambakol),,2026-02-11T13:58:45.973116+08:00
2026-02-11,140000000,CAR (CORDILLERA ADMINISTRATIVE REGION),LAGANGILANG PUBLIC MARKET,FISH,Yellow-Fin Tuna (Tambakol),,2026-02-11T13:58:45.973116+08:00
2026-02-11,140000000,CAR (CORDILLERA ADMINISTRATIVE REGION),LAGAWE PUBLIC MARKET,FISH,Yellow-Fin Tuna (Tambakol),,2026-02-11T13:58:45.973116+08:00
2026-02-11,140000000,CAR (CORDILLERA ADMINISTRATIVE REGION),LAMUT PUBLIC MARKET,FISH,Yellow-Fin Tuna (Tambakol),,2026-02-11T13:58:45.973116+08:00
2026-02-11,140000000,CAR (CORDILLERA ADMINISTRATIVE REGION),LUNA PUBLIC MARKET,FISH,Yellow-Fin Tuna (Tambakol),,2026-02-11T13:58:45.973116+08:00
2026-02-11,140000000,CAR (CORDILLERA ADMINISTRATIVE REGION),MABAAY PUBLIC MARKET,FISH,Yellow-Fin Tuna (Tambakol),,2026-02-11T13:58:45.973116+08:00
2026-02-11,140000000,CAR (CORDILLERA ADMINISTRATIVE REGION),MANKAYAN PUBLIC MARKET,FISH,Yellow-Fin Tuna (Tambakol),,2026-02-11T13:58:45.973116+08:00
2026-02-11,140000000,CAR (CORDILLERA ADMINISTRATIVE REGION),PIDIGAN PUBLIC MARKET,FISH,Yellow-Fin Tuna (Tambakol),,2026-02-11T13:58:45.973116+08:00
2026-02-11,140000000,CAR (CORDILLERA ADMINISTRATIVE REGION),PINUKPUK PUBLIC MARKET,FISH,Yellow-Fin Tuna (Tambakol),,2026-02-11T13:58:45.973116+08:00
2026-02-11,140000000,CAR (CORDILLERA ADMINISTRATIVE REGION),STA. MARCELA PUBLIC MARKET,FISH,Yellow-Fin Tuna (Tambakol),,2026-02-11T13:58:45.973116+08:00
2026-02-11,140000000,CAR (CORDILLERA ADMINISTRATIVE REGION),A. LISTA PUBLIC MARKET,FRUITS,Avocado,,2026-02-11T13:58:45.973116+08:00
2026-02-11,140000000,CAR (CORDILLERA ADMINISTRATIVE REGION),ABATAN PUBLIC MARKET,FRUITS,Avocado,,2026-02-11T13:58:45.973116+08:00
2026-02-11,140000000,CAR (CORDILLERA ADMINISTRATIVE REGION),ABATAN PUBLIC MARKET (MT. PROVINCE),FRUITS,Avocado,,2026-02-11T13:58:45.973116+08:00
2026-02-11,140000000,CAR (CORDILLERA ADMINISTRATIVE REGION),"ACOP, CAPONGA MARKET",FRUITS,Avocado,,2026-02-11T13:58:45.973116+08:00
2026-02-11,140000000,CAR (CORDILLERA ADMINISTRATIVE REGION),ATOK PUBLIC MARKET,FRUITS,Avocado,,2026-02-11T13:58:45.973116+08:00
2026-02-11,140000000,CAR (CORDILLERA ADMINISTRATIVE REGION),BAGUIO CITY PUBLIC MARKET,FRUITS,Avocado,,2026-02-11T13:58:45.973116+08:00
2026-02-11,140000000,CAR (CORDILLERA ADMINISTRATIVE REGION),BANGUED PUBLIC MARKET,FRUITS,Avocado,,2026-02-11T13:58:45.973116+08:00
2026-02-11,140000000,CAR (CORDILLERA ADMINISTRATIVE REGION),BONTOC PUBLIC MARKET,FRUITS,Avocado,,2026-02-11T13:58:45.973116+08:00
2026-02-11,140000000,CAR (CORDILLERA ADMINISTRATIVE REGION),BULANAO PUBLIC MARKET,FRUITS,Avocado,,2026-02-11T13:58:45.973116+08:00
2026-02-11,140000000,CAR (CORDILLERA ADMINISTRATIVE REGION),DAGUPAN TABUK CITY PUBLIC MARKET,FRUITS,Avocado,,2026-02-11T13:58:45.973116+08:00
2026-02-11,140000000,CAR (CORDILLERA ADMINISTRATIVE REGION),FLORA PUBLIC MARKET,FRUITS,Avocado,,2026-02-11T13:58:45.973116+08:00
2026-02-11,140000000,CAR (CORDILLERA ADMINISTRATIVE REGION),KAYANG MARKET,FRUITS,Avocado,,2026-02-11T13:58:45.973116+08:00
2026-02-11,140000000,CAR (CORDILLERA ADMINISTRATIVE REGION),KIANGAN PUBLIC MARKET,FRUITS,Avocado,,2026-02-11T13:58:45.973116+08:00
2026-02-11,140000000,CAR (CORDILLERA ADMINISTRATIVE REGION),LA TRINIDAD PUBLIC MARKET,FRUITS,Avocado,,2026-02-11T13:58:45.973116+08:00
2026-02-11,140000000,CAR (CORDILLERA ADMINISTRATIVE REGION),LAGANGILANG PUBLIC MARKET,FRUITS,Avocado,,2026-02-11T13:58:45.973116+08:00
2026-02-11,140000000,CAR (CORDILLERA ADMINISTRATIVE REGION),LAGAWE PUBLIC MARKET,FRUITS,Avocado,,2026-02-11T13:58:45.973116+08:00
2026-02-11,140000000,CAR (CORDILLERA ADMINISTRATIVE REGION),LAMUT PUBLIC MARKET,FRUITS,Avocado,,2026-02-11T13:58:45.973116+08:00
2026-02-11,140000000,CAR (CORDILLERA ADMINISTRATIVE REGION),LUNA PUBLIC MARKET,FRUITS,Avocado,,2026-02-11T13:58:45.973116+08:00
2026-02-11,140000000,CAR (CORDILLERA ADMINISTRATIVE REGION),MABAAY PUBLIC MARKET,FRUITS,Avocado,,2026-02-11T13:58:45.973116+08:00
2026-02-11,140000000,CAR (CORDILLERA ADMINISTRATIVE REGION),MANKAYAN PUBLIC MARKET,FRUITS,Avocado,,2026-02-11T13:58:45.973116+08:00
2026-02-11,140000000,CAR (CORDILLERA ADMINISTRATIVE REGION),PIDIGAN PUBLIC MARKET,FRUITS,Avocado,,2026-02-11T13:58:45.973116+08:00
2026-02-11,140000000,CAR (CORDILLERA ADMINISTRATIVE REGION),PINUKPUK PUBLIC MARKET,FRUITS,Avocado,,2026-02-11T13:58:45.973116+08:00
2026-02-11,140000000,CAR (CORDILLERA ADMINISTRATIVE REGION),STA. MARCELA PUBLIC MARKET,FRUITS,Avocado,,2026-02-11T13:58:45.973116+08:00
2026-02-11,140000000,CAR (CORDILLERA ADMINISTRATIVE REGION),A. LISTA PUBLIC MARKET,FRUITS,Banana (Lakatan) - 8-10PCS/KG,,2026-02-11T13:58:45.973116+08:00
2026-02-11,140000000,CAR (CORDILLERA ADMINISTRATIVE REGION),ABATAN PUBLIC MARKET,FRUITS,Banana (Lakatan) - 8-10PCS/KG,,2026-02-11T13:58:45.973116+08:00
2026-02-11,140000000,CAR (CORDILLERA ADMINISTRATIVE REGION),ABATAN PUBLIC MARKET (MT. PROVINCE),FRUITS,Banana (Lakatan) - 8-10PCS/KG,,2026-02-11T13:58:45.973116+08:00
2026-02-11,140000000,CAR (CORDILLERA ADMINISTRATIVE REGION),"ACOP, CAPONGA MARKET",FRUITS,Banana (Lakatan) - 8-10PCS/KG,,2026-02-11T13:58:45.973116+08:00
2026-02-11,140000000,CAR (CORDILLERA ADMINISTRATIVE REGION),ATOK PUBLIC MARKET,FRUITS,Banana (Lakatan) - 8-10PCS/KG,,2026-02-11T13:58:45.973116+08:00
2026-02-11,140000000,CAR (CORDILLERA ADMINISTRATIVE REGION),BONTOC PUBLIC MARKET,FRUITS,Banana (Lakatan) - 8-10PCS/KG,,2026-02-11T13:58:45.973116+08:00
2026-02-11,140000000,CAR (CORDILLERA ADMINISTRATIVE REGION),BULANAO PUBLIC MARKET,FRUITS,Banana (Lakatan) - 8-10PCS/KG,,2026-02-11T13:58:45.973116+08:00
2026-02-11,140000000,CAR (CORDILLERA ADMINISTRATIVE REGION),DAGUPAN TABUK CITY PUBLIC MARKET,FRUITS,Banana (Lakatan) - 8-10PCS/KG,,2026-02-11T13:58:45.973116+08:00
2026-02-11,140000000,CAR (CORDILLERA ADMINISTRATIVE REGION),FLORA PUBLIC MARKET,FRUITS,Banana (Lakatan) - 8-10PCS/KG,,2026-02-11T13:58:45.973116+08:00
2026-02-11,140000000,CAR (CORDILLERA ADMINISTRATIVE REGION),KAYANG MARKET,FRUITS,Banana (Lakatan) - 8-10PCS/KG,,2026-02-11T13:58:45.973116+08:00
2026-02-11,140000000,CAR (CORDILLERA ADMINISTRATIVE REGION),KIANGAN PUBLIC MARKET,FRUITS,Banana (Lakatan) - 8-10PCS/KG,,2026-02-11T13:58:45.973116+08:00
2026-02-11,140000000,CAR (CORDILLERA ADMINISTRATIVE REGION),LA TRINIDAD PUBLIC MARKET,FRUITS,Banana (Lakatan) - 8-10PCS/KG,,2026-02-11T13:58:45.973116+08:00
2026-02-11,140000000,CAR (CORDILLERA ADMINISTRATIVE REGION),LAGANGILANG PUBLIC MARKET,FRUITS,Banana (Lakatan) - 8-10PCS/KG,,2026-02-11T13:58:45.973116+08:00
2026-02-11,140000000,CAR (CORDILLERA ADMINISTRATIVE REGION),LAGAWE PUBLIC MARKET,FRUITS,Banana (Lakatan) - 8-10PCS/KG,,2026-02-11T13:58:45.973116+08:00
2026-02-11,140000000,CAR (CORDILLERA ADMINISTRATIVE REGION),LAMUT PUBLIC MARKET,FRUITS,Banana (Lakatan) - 8-10PCS/KG,,2026-02-11T13:58:45.973116+08:00
2026-02-11,140000000,CAR (CORDILLERA ADMINISTRATIVE REGION),LUNA PUBLIC MARKET,FRUITS,Banana (Lakatan) - 8-10PCS/KG,,2026-02-11T13:58:45.973116+08:00
2026-02-11,140000000,CAR (CORDILLERA ADMINISTRATIVE REGION),MABAAY PUBLIC MARKET,FRUITS,Banana (Lakatan) - 8-10PCS/KG,,2026-02-11T13:58:45.973116+08:00
2026-02-11,140000000,CAR (CORDILLERA ADMINISTRATIVE REGION),MANKAYAN PUBLIC MARKET,FRUITS,Banana (Lakatan) - 8-10PCS/KG,,2026-02-11T13:58:45.973116+08:00
2026-02-11,140000000,CAR (CORDILLERA ADMINISTRATIVE REGION),PIDIGAN PUBLIC MARKET,FRUITS,Banana (Lakatan) - 8-10PCS/KG,,2026-02-11T13:58:45.973116+08:00
2026-02-11,140000000,CAR (CORDILLERA ADMINISTRATIVE REGION),PINUKPUK PUBLIC MARKET,FRUITS,Banana (Lakatan) - 8-10PCS/KG,,2026-02-11T13:58:45.973116+08:00
2026-02-11,140000000,CAR (CORDILLERA ADMINISTRATIVE REGION),STA. MARCELA PUBLIC MARKET,FRUITS,Banana (Lakatan) - 8-10PCS/KG,,2026-02-11T13:58:45.973116+08:00
2026-02-11,140000000,CAR (CORDILLERA ADMINISTRATIVE REGION),A. LISTA PUBLIC MARKET,FRUITS,Banana (Latundan) - 10-12PCS/KG,,2026-02-11T13:58:45.973116+08:00
2026-02-11,140000000,CAR (CORDILLERA ADMINISTRATIVE REGION),ABATAN PUBLIC MARKET,FRUITS,Banana (Latundan) - 10-12PCS/KG,,2026-02-11T13:58:45.973116+08:00
2026-02-11,140000000,CAR (CORDILLERA ADMINISTRATIVE REGION),ABATAN PUBLIC MARKET (MT. PROVINCE),FRUITS,Banana (Latundan) - 10-12PCS/KG,,2026-02-11T13:58:45.973116+08:00
2026-02-11,140000000,CAR (CORDILLERA ADMINISTRATIVE REGION),"ACOP, CAPONGA MARKET",FRUITS,Banana (Latundan) - 10-12PCS/KG,,2026-02-11T13:58:45.973116+08:00
2026-02-11,140000000,CAR (CORDILLERA ADMINISTRATIVE REGION),ATOK PUBLIC MARKET,FRUITS,Banana (Latundan) - 10-12PCS/KG,,2026-02-11T13:58:45.973116+08:00
2026-02-11,140000000,CAR (CORDILLERA ADMINISTRATIVE REGION),BAGUIO CITY PUBLIC MARKET,FRUITS,Banana (Latundan) - 10-12PCS/KG,,2026-02-11T13:58:45.973116+08:00
2026-02-11,140000000,CAR (CORDILLERA ADMINISTRATIVE REGION),BONTOC PUBLIC MARKET,FRUITS,Banana (Latundan) - 10-12PCS/KG,,2026-02-11T13:58:45.973116+08:00
2026-02-11,140000000,CAR (CORDILLERA ADMINISTRATIVE REGION),BULANAO PUBLIC MARKET,FRUITS,Banana (Latundan) - 10-12PCS/KG,,2026-02-11T13:58:45.973116+08:00
2026-02-11,140000000,CAR (CORDILLERA ADMINISTRATIVE REGION),DAGUPAN TABUK CITY PUBLIC MARKET,FRUITS,Banana (Latundan) - 10-12PCS/KG,,2026-02-11T13:58:45.973116+08:00
2026-02-11,140000000,CAR (CORDILLERA ADMINISTRATIVE REGION),FLORA PUBLIC MARKET,FRUITS,Banana (Latundan) - 10-12PCS/KG,,2026-02-11T13:58:45.973116+08:00
2026-02-11,140000000,CAR (CORDILLERA ADMINISTRATIVE REGION),KAYANG MARKET,FRUITS,Banana (Latundan) - 10-12PCS/KG,,2026-02-11T13:58:45.973116+08:00
2026-02-11,140000000,CAR (CORDILLERA ADMINISTRATIVE REGION),KIANGAN PUBLIC MARKET,FRUITS,Banana (Latundan) - 10-12PCS/KG,,2026-02-11T13:58:45.973116+08:00
2026-02-11,140000000,CAR (CORDILLERA ADMINISTRATIVE REGION),LA TRINIDAD PUBLIC MARKET,FRUITS,Banana (Latundan) - 10-12PCS/KG,,2026-02-11T13:58:45.973116+08:00
2026-02-11,140000000,CAR (CORDILLERA ADMINISTRATIVE REGION),LAGANGILANG PUBLIC MARKET,FRUITS,Banana (Latundan) - 10-12PCS/KG,,2026-02-11T13:58:45.973116+08:00
2026-02-11,140000000,CAR (CORDILLERA ADMINISTRATIVE REGION),LAGAWE PUBLIC MARKET,FRUITS,Banana (Latundan) - 10-12PCS/KG,,2026-02-11T13:58:45.973116+08:00
2026-02-11,140000000,CAR (CORDILLERA ADMINISTRATIVE REGION),LAMUT PUBLIC MARKET,FRUITS,Banana (Latundan) - 10-12PCS/KG,,2026-02-11T13:58:45.973116+08:00
2026-02-11,140000000,CAR (CORDILLERA ADMINISTRATIVE REGION),LUNA PUBLIC MARKET,FRUITS,Banana (Latundan) - 10-12PCS/KG,,2026-02-11T13:58:45.973116+08:00
2026-02-11,140000000,CAR (CORDILLERA ADMINISTRATIVE REGION),MABAAY PUBLIC MARKET,FRUITS,Banana (Latundan) - 10-12PCS/KG,,2026-02-11T13:58:45.973116+08:00
2026-02-11,140000000,CAR (CORDILLERA ADMINISTRATIVE REGION),MANKAYAN PUBLIC MARKET,FRUITS,Banana (Latundan) - 10-12PCS/KG,,2026-02-11T13:58:45.973116+08:00
2026-02-11,140000000,CAR (CORDILLERA ADMINISTRATIVE REGION),PIDIGAN PUBLIC MARKET,FRUITS,Banana (Latundan) - 10-12PCS/KG,,2026-02-11T13:58:45.973116+08:00
2026-02-11,140000000,CAR (CORDILLERA ADMINISTRATIVE REGION),PINUKPUK PUBLIC MARKET,FRUITS,Banana (Latundan) - 10-12PCS/KG,,2026-02-11T13:58:45.973116+08:00
2026-02-11,140000000,CAR (CORDILLERA ADMINISTRATIVE REGION),STA. MARCELA PUBLIC MARKET,FRUITS,Banana (Latundan) - 10-12PCS/KG,,2026-02-11T13:58:45.973116+08:00
2026-02-11,140000000,CAR (CORDILLERA ADMINISTRATIVE REGION),A. LISTA PUBLIC MARKET,FRUITS,Banana (Saba) - KG,,2026-02-11T13:58:45.973116+08:00
2026-02-11,140000000,CAR (CORDILLERA ADMINISTRATIVE REGION),ABATAN PUBLIC MARKET,FRUITS,Banana (Saba) - KG,,2026-02-11T13:58:45.973116+08:00
2026-02-11,140000000,CAR (CORDILLERA ADMINISTRATIVE REGION),ABATAN PUBLIC MARKET (MT. PROVINCE),FRUITS,Banana (Saba) - KG,,2026-02-11T13:58:45.973116+08:00
2026-02-11,140000000,CAR (CORDILLERA ADMINISTRATIVE REGION),"ACOP, CAPONGA MARKET",FRUITS,Banana (Saba) - KG,,2026-02-11T13:58:45.973116+08:00
2026-02-11,140000000,CAR (CORDILLERA ADMINISTRATIVE REGION),ATOK PUBLIC MARKET,FRUITS,Banana (Saba) - KG,,2026-02-11T13:58:45.973116+08:00
2026-02-11,140000000,CAR (CORDILLERA ADMINISTRATIVE REGION),BONTOC PUBLIC MARKET,FRUITS,Banana (Saba) - KG,,2026-02-11T13:58:45.973116+08:00
2026-02-11,140000000,CAR (CORDILLERA ADMINISTRATIVE REGION),BULANAO PUBLIC MARKET,FRUITS,Banana (Saba) - KG,,2026-02-11T13:58:45.973116+08:00
2026-02-11,140000000,CAR (CORDILLERA ADMINISTRATIVE REGION),DAGUPAN TABUK CITY PUBLIC MARKET,FRUITS,Banana (Saba) - KG,,2026-02-11T13:58:45.973116+08:00
2026-02-11,140000000,CAR (CORDILLERA ADMINISTRATIVE REGION),FLORA PUBLIC MARKET,FRUITS,Banana (Saba) - KG,,2026-02-11T13:58:45.973116+08:00
2026-02-11,140000000,CAR (CORDILLERA ADMINISTRATIVE REGION),KAYANG MARKET,FRUITS,Banana (Saba) - KG,,2026-02-11T13:58:45.973116+08:00
2026-02-11,140000000,CAR (CORDILLERA ADMINISTRATIVE REGION),KIANGAN PUBLIC MARKET,FRUITS,Banana (Saba) - KG,,2026-02-11T13:58:45.973116+08:00
2026-02-11,140000000,CAR (CORDILLERA ADMINISTRATIVE REGION),LA TRINIDAD PUBLIC MARKET,FRUITS,Banana (Saba) - KG,,2026-02-11T13:58:45.973116+08:00
2026-02-11,140000000,CAR (CORDILLERA ADMINISTRATIVE REGION),LAGANGILANG PUBLIC MARKET,FRUITS,Banana (Saba) - KG,,2026-02-11T13:58:45.973116+08:00
2026-02-11,140000000,CAR (CORDILLERA ADMINISTRATIVE REGION),LAGAWE PUBLIC MARKET,FRUITS,Banana (Saba) - KG,,2026-02-11T13:58:45.973116+08:00
2026-02-11,140000000,CAR (CORDILLERA ADMINISTRATIVE REGION),LAMUT PUBLIC MARKET,FRUITS,Banana (Saba) - KG,,2026-02-11T13:58:45.973116+08:00
2026-02-11,140000000,CAR (CORDILLERA ADMINISTRATIVE REGION),LUNA PUBLIC MARKET,FRUITS,Banana (Saba) - KG,,2026-02-11T13:58:45.973116+08:00
2026-02-11,140000000,CAR (CORDILLERA ADMINISTRATIVE REGION),MABAAY PUBLIC MARKET,FRUITS,Banana (Saba) - KG,,2026-02-11T13:58:45.973116+08:00
2026-02-11,140000000,CAR (CORDILLERA ADMINISTRATIVE REGION),MANKAYAN PUBLIC MARKET,FRUITS,Banana (Saba) - KG,,2026-02-11T13:58:45.973116+08:00
2026-02-11,140000000,CAR (CORDILLERA ADMINISTRATIVE REGION),PIDIGAN PUBLIC MARKET,FRUITS,Banana (Saba) - KG,,2026-02-11T13:58:45.973116+08:00
2026-02-11,140000000,CAR (CORDILLERA ADMINISTRATIVE REGION),PINUKPUK PUBLIC MARKET,FRUITS,Banana (Saba) - KG,,2026-02-11T13:58:45.973116+08:00
2026-02-11,140000000,CAR (CORDILLERA ADMINISTRATIVE REGION),STA. MARCELA PUBLIC MARKET,FRUITS,Banana (Saba) - KG,,2026-02-11T13:58:45.973116+08:00
2026-02-11,140000000,CAR (CORDILLERA ADMINISTRATIVE REGION),A. LISTA PUBLIC MARKET,FRUITS,Calamansi - KG,,2026-02-11T13:58:45.973116+08:00
2026-02-11,140000000,CAR (CORDILLERA ADMINISTRATIVE REGION),ABATAN PUBLIC MARKET,FRUITS,Calamansi - KG,,2026-02-11T13:58:45.973116+08:00
2026-02-11,140000000,CAR (CORDILLERA ADMINISTRATIVE REGION),ABATAN PUBLIC MARKET (MT. PROVINCE),FRUITS,Calamansi - KG,,2026-02-11T13:58:45.973116+08:00
2026-02-11,140000000,CAR (CORDILLERA ADMINISTRATIVE REGION),"ACOP, CAPONGA MARKET",FRUITS,Calamansi - KG,,2026-02-11T13:58:45.973116+08:00
2026-02-11,140000000,CAR (CORDILLERA ADMINISTRATIVE REGION),ATOK PUBLIC MARKET,FRUITS,Calamansi - KG,,2026-02-11T13:58:45.973116+08:00
2026-02-11,140000000,CAR (CORDILLERA ADMINISTRATIVE REGION),BONTOC PUBLIC MARKET,FRUITS,Calamansi - KG,,2026-02-11T13:58:45.973116+08:00
2026-02-11,140000000,CAR (CORDILLERA ADMINISTRATIVE REGION),BULANAO PUBLIC MARKET,FRUITS,Calamansi - KG,,2026-02-11T13:58:45.973116+08:00
2026-02-11,140000000,CAR (CORDILLERA ADMINISTRATIVE REGION),DAGUPAN TABUK CITY PUBLIC MARKET,FRUITS,Calamansi - KG,,2026-02-11T13:58:45.973116+08:00
2026-02-11,140000000,CAR (CORDILLERA ADMINISTRATIVE REGION),FLORA PUBLIC MARKET,FRUITS,Calamansi - KG,,2026-02-11T13:58:45.973116+08:00
2026-02-11,140000000,CAR (CORDILLERA ADMINISTRATIVE REGION),KAYANG MARKET,FRUITS,Calamansi - KG,,2026-02-11T13:58:45.973116+08:00
2026-02-11,140000000,CAR (CORDILLERA ADMINISTRATIVE REGION),KIANGAN PUBLIC MARKET,FRUITS,Calamansi - KG,,2026-02-11T13:58:45.973116+08:00
2026-02-11,140000000,CAR (CORDILLERA ADMINISTRATIVE REGION),LA TRINIDAD PUBLIC MARKET,FRUITS,Calamansi - KG,,2026-02-11T13:58:45.973116+08:00
2026-02-11,140000000,CAR (CORDILLERA ADMINISTRATIVE REGION),LAGANGILANG PUBLIC MARKET,FRUITS,Calamansi - KG,,2026-02-11T13:58:45.973116+08:00
2026-02-11,140000000,CAR (CORDILLERA ADMINISTRATIVE REGION),LAGAWE PUBLIC MARKET,FRUITS,Calamansi - KG,,2026-02-11T13:58:45.973116+08:00
2026-02-11,140000000,CAR (CORDILLERA ADMINISTRATIVE REGION),LAMUT PUBLIC MARKET,FRUITS,Calamansi - KG,,2026-02-11T13:58:45.973116+08:00
2026-02-11,140000000,CAR (CORDILLERA ADMINISTRATIVE REGION),LUNA PUBLIC MARKET,FRUITS,Calamansi - KG,,2026-02-11T13:58:45.973116+08:00
2026-02-11,140000000,CAR (CORDILLERA ADMINISTRATIVE REGION),MABAAY PUBLIC MARKET,FRUITS,Calamansi - KG,,2026-02-11T13:58:45.973116+08:00
2026-02-11,140000000,CAR (CORDILLERA ADMINISTRATIVE REGION),MANKAYAN PUBLIC MARKET,FRUITS,Calamansi - KG,,2026-02-11T13:58:45.973116+08:00
2026-02-11,140000000,CAR (CORDILLERA ADMINISTRATIVE REGION),PIDIGAN PUBLIC MARKET,FRUITS,Calamansi - KG,,2026-02-11T13:58:45.973116+08:00
2026-02-11,140000000,CAR (CORDILLERA ADMINISTRATIVE REGION),PINUKPUK PUBLIC MARKET,FRUITS,Calamansi - KG,,2026-02-11T13:58:45.973116+08:00
2026-02-11,140000000,CAR (CORDILLERA ADMINISTRATIVE REGION),STA. MARCELA PUBLIC MARKET,FRUITS,Calamansi - KG,,2026-02-11T13:58:45.973116+08:00
2026-02-11,140000000,CAR (CORDILLERA ADMINISTRATIVE REGION),A. LISTA PUBLIC MARKET,FRUITS,"Mango (Carabao) - RIPE, 3-4PCS/KG",,2026-02-11T13:58:45.973116+08:00
2026-02-11,140000000,CAR (CORDILLERA ADMINISTRATIVE REGION),ABATAN PUBLIC MARKET,FRUITS,"Mango (Carabao) - RIPE, 3-4PCS/KG",,2026-02-11T13:58:45.973116+08:00
2026-02-11,140000000,CAR (CORDILLERA ADMINISTRATIVE REGION),ABATAN PUBLIC MARKET (MT. PROVINCE),FRUITS,"Mango (Carabao) - RIPE, 3-4PCS/KG",,2026-02-11T13:58:45.973116+08:00
2026-02-11,140000000,CAR (CORDILLERA ADMINISTRATIVE REGION),"ACOP, CAPONGA MARKET",FRUITS,"Mango (Carabao) - RIPE, 3-4PCS/KG",,2026-02-11T13:58:45.973116+08:00
2026-02-11,140000000,CAR (CORDILLERA ADMINISTRATIVE REGION),ATOK PUBLIC MARKET,FRUITS,"Mango (Carabao) - RIPE, 3-4PCS/KG",,2026-02-11T13:58:45.973116+08:00
2026-02-11,140000000,CAR (CORDILLERA ADMINISTRATIVE REGION),BANGUED PUBLIC MARKET,FRUITS,"Mango (Carabao) - RIPE, 3-4PCS/KG",,2026-02-11T13:58:45.973116+08:00
2026-02-11,140000000,CAR (CORDILLERA ADMINISTRATIVE REGION),BONTOC PUBLIC MARKET,FRUITS,"Mango (Carabao) - RIPE, 3-4PCS/KG",,2026-02-11T13:58:45.973116+08:00
2026-02-11,140000000,CAR (CORDILLERA ADMINISTRATIVE REGION),BULANAO PUBLIC MARKET,FRUITS,"Mango (Carabao) - RIPE, 3-4PCS/KG",,2026-02-11T13:58:45.973116+08:00
2026-02-11,140000000,CAR (CORDILLERA ADMINISTRATIVE REGION),DAGUPAN TABUK CITY PUBLIC MARKET,FRUITS,"Mango (Carabao) - RIPE, 3-4PCS/KG",,2026-02-11T13:58:45.973116+08:00
2026-02-11,140000000,CAR (CORDILLERA ADMINISTRATIVE REGION),FLORA PUBLIC MARKET,FRUITS,"Mango (Carabao) - RIPE, 3-4PCS/KG",,2026-02-11T13:58:45.973116+08:00
2026-02-11,140000000,CAR (CORDILLERA ADMINISTRATIVE REGION),KAYANG MARKET,FRUITS,"Mango (Carabao) - RIPE, 3-4PCS/KG",,2026-02-11T13:58:45.973116+08:00
2026-02-11,140000000,CAR (CORDILLERA ADMINISTRATIVE REGION),KIANGAN PUBLIC MARKET,FRUITS,"Mango (Carabao) - RIPE, 3-4PCS/KG",,2026-02-11T13:58:45.973116+08:00
2026-02-11,140000000,CAR (CORDILLERA ADMINISTRATIVE REGION),LA TRINIDAD PUBLIC MARKET,FRUITS,"Mango (Carabao) - RIPE, 3-4PCS/KG",,2026-02-11T13:58:45.973116+08:00
2026-02-11,140000000,CAR (CORDILLERA ADMINISTRATIVE REGION),LAGANGILANG PUBLIC MARKET,FRUITS,"Mango (Carabao) - RIPE, 3-4PCS/KG",,2026-02-11T13:58:45.973116+08:00
2026-02-11,140000000,CAR (CORDILLERA ADMINISTRATIVE REGION),LAGAWE PUBLIC MARKET,FRUITS,"Mango (Carabao) - RIPE, 3-4PCS/KG",,2026-02-11T13:58:45.973116+08:00
2026-02-11,140000000,CAR (CORDILLERA ADMINISTRATIVE REGION),LAMUT PUBLIC MARKET,FRUITS,"Mango (Carabao) - RIPE, 3-4PCS/KG",,2026-02-11T13:58:45.973116+08:00
2026-02-11,140000000,CAR (CORDILLERA ADMINISTRATIVE REGION),LUNA PUBLIC MARKET,FRUITS,"Mango (Carabao) - RIPE, 3-4PCS/KG",,2026-02-11T13:58:45.973116+08:00
2026-02-11,140000000,CAR (CORDILLERA ADMINISTRATIVE REGION),MABAAY PUBLIC MARKET,FRUITS,"Mango (Carabao) - RIPE, 3-4PCS/KG",,2026-02-11T13:58:45.973116+08:00
2026-02-11,140000000,CAR (CORDILLERA ADMINISTRATIVE REGION),MANKAYAN PUBLIC MARKET,FRUITS,"Mango (Carabao) - RIPE, 3-4PCS/KG",,2026-02-11T13:58:45.973116+08:00
2026-02-11,140000000,CAR (CORDILLERA ADMINISTRATIVE REGION),PIDIGAN PUBLIC MARKET,FRUITS,"Mango (Carabao) - RIPE, 3-4PCS/KG",,2026-02-11T13:58:45.973116+08:00
2026-02-11,140000000,CAR (CORDILLERA ADMINISTRATIVE REGION),PINUKPUK PUBLIC MARKET,FRUITS,"Mango (Carabao) - RIPE, 3-4PCS/KG",,2026-02-11T13:58:45.973116+08:00
2026-02-11,140000000,CAR (CORDILLERA ADMINISTRATIVE REGION),STA. MARCELA PUBLIC MARKET,FRUITS,"Mango (Carabao) - RIPE, 3-4PCS/KG",,2026-02-11T13:58:45.973116+08:00
2026-02-11,140000000,CAR (CORDILLERA ADMINISTRATIVE REGION),A. LISTA PUBLIC MARKET,FRUITS,Melon,,2026-02-11T13:58:45.973116+08:00
2026-02-11,140000000,CAR (CORDILLERA ADMINISTRATIVE REGION),ABATAN PUBLIC MARKET,FRUITS,Melon,,2026-02-11T13:58:45.973116+08:00
2026-02-11,140000000,CAR (CORDILLERA ADMINISTRATIVE REGION),ABATAN PUBLIC MARKET (MT. PROVINCE),FRUITS,Melon,,2026-02-11T13:58:45.973116+08:00
2026-02-11,140000000,CAR (CORDILLERA ADMINISTRATIVE REGION),"ACOP, CAPONGA MARKET",FRUITS,Melon,,2026-02-11T13:58:45.973116+08:00
2026-02-11,140000000,CAR (CORDILLERA ADMINISTRATIVE REGION),ATOK PUBLIC MARKET,FRUITS,Melon,,2026-02-11T13:58:45.973116+08:00
2026-02-11,140000000,CAR (CORDILLERA ADMINISTRATIVE REGION),BAGUIO CITY PUBLIC MARKET,FRUITS,Melon,,2026-02-11T13:58:45.973116+08:00
2026-02-11,140000000,CAR (CORDILLERA ADMINISTRATIVE REGION),BANGUED PUBLIC MARKET,FRUITS,Melon,,2026-02-11T13:58:45.973116+08:00
2026-02-11,140000000,CAR (CORDILLERA ADMINISTRATIVE REGION),BONTOC PUBLIC MARKET,FRUITS,Melon,,2026-02-11T13:58:45.973116+08:00
2026-02-11,140000000,CAR (CORDILLERA ADMINISTRATIVE REGION),BULANAO PUBLIC MARKET,FRUITS,Melon,,2026-02-11T13:58:45.973116+08:00
2026-02-11,140000000,CAR (CORDILLERA ADMINISTRATIVE REGION),DAGUPAN TABUK CITY PUBLIC MARKET,FRUITS,Melon,,2026-02-11T13:58:45.973116+08:00
2026-02-11,140000000,CAR (CORDILLERA ADMINISTRATIVE REGION),FLORA PUBLIC MARKET,FRUITS,Melon,,2026-02-11T13:58:45.973116+08:00
2026-02-11,140000000,CAR (CORDILLERA ADMINISTRATIVE REGION),KAYANG MARKET,FRUITS,Melon,,2026-02-11T13:58:45.973116+08:00
2026-02-11,140000000,CAR (CORDILLERA ADMINISTRATIVE REGION),KIANGAN PUBLIC MARKET,FRUITS,Melon,,2026-02-11T13:58:45.973116+08:00
2026-02-11,140000000,CAR (CORDILLERA ADMINISTRATIVE REGION),LA TRINIDAD PUBLIC MARKET,FRUITS,Melon,,2026-02-11T13:58:45.973116+08:00
2026-02-11,140000000,CAR (CORDILLERA ADMINISTRATIVE REGION),LAGANGILANG PUBLIC MARKET,FRUITS,Melon,,2026-02-11T13:58:45.973116+08:00
2026-02-11,140000000,CAR (CORDILLERA ADMINISTRATIVE REGION),LAGAWE PUBLIC MARKET,FRUITS,Melon,,2026-02-11T13:58:45.973116+08:00
2026-02-11,140000000,CAR (CORDILLERA ADMINISTRATIVE REGION),LAMUT PUBLIC MARKET,FRUITS,Melon,,2026-02-11T13:58:45.973116+08:00
2026-02-11,140000000,CAR (CORDILLERA ADMINISTRATIVE REGION),LUNA PUBLIC MARKET,FRUITS,Melon,,2026-02-11T13:58:45.973116+08:00
2026-02-11,140000000,CAR (CORDILLERA ADMINISTRATIVE REGION),MABAAY PUBLIC MARKET,FRUITS,Melon,,2026-02-11T13:58:45.973116+08:00
2026-02-11,140000000,CAR (CORDILLERA ADMINISTRATIVE REGION),MANKAYAN PUBLIC MARKET,FRUITS,Melon,,2026-02-11T13:58:45.973116+08:00
2026-02-11,140000000,CAR (CORDILLERA ADMINISTRATIVE REGION),PIDIGAN PUBLIC MARKET,FRUITS,Melon,,2026-02-11T13:58:45.973116+08:00
2026-02-11,140000000,CAR (CORDILLERA ADMINISTRATIVE REGION),PINUKPUK PUBLIC MARKET,FRUITS,Melon,,2026-02-11T13:58:45.973116+08:00
2026-02-11,140000000,CAR (CORDILLERA ADMINISTRATIVE REGION),STA. MARCELA PUBLIC MARKET,FRUITS,Melon,,2026-02-11T13:58:45.973116+08:00
2026-02-11,140000000,CAR (CORDILLERA ADMINISTRATIVE REGION),A. LISTA PUBLIC MARKET,FRUITS,"Papaya - SOLO, RIPE, 2-3PCS",,2026-02-11T13:58:45.973116+08:00
2026-02-11,140000000,CAR (CORDILLERA ADMINISTRATIVE REGION),ABATAN PUBLIC MARKET,FRUITS,"Papaya - SOLO, RIPE, 2-3PCS",,2026-02-11T13:58:45.973116+08:00
2026-02-11,140000000,CAR (CORDILLERA ADMINISTRATIVE REGION),ABATAN PUBLIC MARKET (MT. PROVINCE),FRUITS,"Papaya - SOLO, RIPE, 2-3PCS",,2026-02-11T13:58:45.973116+08:00
2026-02-11,140000000,CAR (CORDILLERA ADMINISTRATIVE REGION),"ACOP, CAPONGA MARKET",FRUITS,"Papaya - SOLO, RIPE, 2-3PCS",,2026-02-11T13:58:45.973116+08:00
2026-02-11,140000000,CAR (CORDILLERA ADMINISTRATIVE REGION),ATOK PUBLIC MARKET,FRUITS,"Papaya - SOLO, RIPE, 2-3PCS",,2026-02-11T13:58:45.973116+08:00
2026-02-11,140000000,CAR (CORDILLERA ADMINISTRATIVE REGION),BANGUED PUBLIC MARKET,FRUITS,"Papaya - SOLO, RIPE, 2-3PCS",,2026-02-11T13:58:45.973116+08:00
2026-02-11,140000000,CAR (CORDILLERA ADMINISTRATIVE REGION),BONTOC PUBLIC MARKET,FRUITS,"Papaya - SOLO, RIPE, 2-3PCS",,2026-02-11T13:58:45.973116+08:00
2026-02-11,140000000,CAR (CORDILLERA ADMINISTRATIVE REGION),BULANAO PUBLIC MARKET,FRUITS,"Papaya - SOLO, RIPE, 2-3PCS",,2026-02-11T13:58:45.973116+08:00
2026-02-11,140000000,CAR (CORDILLERA ADMINISTRATIVE REGION),DAGUPAN TABUK CITY PUBLIC MARKET,FRUITS,"Papaya - SOLO, RIPE, 2-3PCS",,2026-02-11T13:58:45.973116+08:00
2026-02-11,140000000,CAR (CORDILLERA ADMINISTRATIVE REGION),FLORA PUBLIC MARKET,FRUITS,"Papaya - SOLO, RIPE, 2-3PCS",,2026-02-11T13:58:45.973116+08:00
2026-02-11,140000000,CAR (CORDILLERA ADMINISTRATIVE REGION),KAYANG MARKET,FRUITS,"Papaya - SOLO, RIPE, 2-3PCS",,2026-02-11T13:58:45.973116+08:00
2026-02-11,140000000,CAR (CORDILLERA ADMINISTRATIVE REGION),KIANGAN PUBLIC MARKET,FRUITS,"Papaya - SOLO, RIPE, 2-3PCS",,2026-02-11T13:58:45.973116+08:00
2026-02-11,140000000,CAR (CORDILLERA ADMINISTRATIVE REGION),LA TRINIDAD PUBLIC MARKET,FRUITS,"Papaya - SOLO, RIPE, 2-3PCS",,2026-02-11T13:58:45.973116+08:00
2026-02-11,140000000,CAR (CORDILLERA ADMINISTRATIVE REGION),LAGANGILANG PUBLIC MARKET,FRUITS,"Papaya - SOLO, RIPE, 2-3PCS",,2026-02-11T13:58:45.973116+08:00
2026-02-11,140000000,CAR (CORDILLERA ADMINISTRATIVE REGION),LAGAWE PUBLIC MARKET,FRUITS,"Papaya - SOLO, RIPE, 2-3PCS",,2026-02-11T13:58:45.973116+08:00
2026-02-11,140000000,CAR (CORDILLERA ADMINISTRATIVE REGION),LAMUT PUBLIC MARKET,FRUITS,"Papaya - SOLO, RIPE, 2-3PCS",,2026-02-11T13:58:45.973116+08:00
2026-02-11,140000000,CAR (CORDILLERA ADMINISTRATIVE REGION),LUNA PUBLIC MARKET,FRUITS,"Papaya - SOLO, RIPE, 2-3PCS",,2026-02-11T13:58:45.973116+08:00
2026-02-11,140000000,CAR (CORDILLERA ADMINISTRATIVE REGION),MABAAY PUBLIC MARKET,FRUITS,"Papaya - SOLO, RIPE, 2-3PCS",,2026-02-11T13:58:45.973116+08:00
2026-02-11,140000000,CAR (CORDILLERA ADMINISTRATIVE REGION),MANKAYAN PUBLIC MARKET,FRUITS,"Papaya - SOLO, RIPE, 2-3PCS",,2026-02-11T13:58:45.973116+08:00
2026-02-11,140000000,CAR (CORDILLERA ADMINISTRATIVE REGION),PIDIGAN PUBLIC MARKET,FRUITS,"Papaya - SOLO, RIPE, 2-3PCS",,2026-02-11T13:58:45.973116+08:00
2026-02-11,140000000,CAR (CORDILLERA ADMINISTRATIVE REGION),PINUKPUK PUBLIC MARKET,FRUITS,"Papaya - SOLO, RIPE, 2-3PCS",,2026-02-11T13:58:45.973116+08:00
2026-02-11,140000000,CAR (CORDILLERA ADMINISTRATIVE REGION),STA. MARCELA PUBLIC MARKET,FRUITS,"Papaya - SOLO, RIPE, 2-3PCS",,2026-02-11T13:58:45.973116+08:00
2026-02-11,140000000,CAR (CORDILLERA ADMINISTRATIVE REGION),A. LISTA PUBLIC MARKET,FRUITS,Pomelo - KG,,2026-02-11T13:58:45.973116+08:00
2026-02-11,140000000,CAR (CORDILLERA ADMINISTRATIVE REGION),ABATAN PUBLIC MARKET,FRUITS,Pomelo - KG,,2026-02-11T13:58:45.973116+08:00
2026-02-11,140000000,CAR (CORDILLERA ADMINISTRATIVE REGION),ABATAN PUBLIC MARKET (MT. PROVINCE),FRUITS,Pomelo - KG,,2026-02-11T13:58:45.973116+08:00
2026-02-11,140000000,CAR (CORDILLERA ADMINISTRATIVE REGION),"ACOP, CAPONGA MARKET",FRUITS,Pomelo - KG,,2026-02-11T13:58:45.973116+08:00
2026-02-11,140000000,CAR (CORDILLERA ADMINISTRATIVE REGION),ATOK PUBLIC MARKET,FRUITS,Pomelo - KG,,2026-02-11T13:58:45.973116+08:00
2026-02-11,140000000,CAR (CORDILLERA ADMINISTRATIVE REGION),BAGUIO CITY PUBLIC MARKET,FRUITS,Pomelo - KG,,2026-02-11T13:58:45.973116+08:00
2026-02-11,140000000,CAR (CORDILLERA ADMINISTRATIVE REGION),BANGUED PUBLIC MARKET,FRUITS,Pomelo - KG,,2026-02-11T13:58:45.973116+08:00
2026-02-11,140000000,CAR (CORDILLERA ADMINISTRATIVE REGION),BONTOC PUBLIC MARKET,FRUITS,Pomelo - KG,,2026-02-11T13:58:45.973116+08:00
2026-02-11,140000000,CAR (CORDILLERA ADMINISTRATIVE REGION),BULANAO PUBLIC MARKET,FRUITS,Pomelo - KG,,2026-02-11T13:58:45.973116+08:00
2026-02-11,140000000,CAR (CORDILLERA ADMINISTRATIVE REGION),DAGUPAN TABUK CITY PUBLIC MARKET,FRUITS,Pomelo - KG,,2026-02-11T13:58:45.973116+08:00
2026-02-11,140000000,CAR (CORDILLERA ADMINISTRATIVE REGION),FLORA PUBLIC MARKET,FRUITS,Pomelo - KG,,2026-02-11T13:58:45.973116+08:00
2026-02-11,140000000,CAR (CORDILLERA ADMINISTRATIVE REGION),KAYANG MARKET,FRUITS,Pomelo - KG,,2026-02-11T13:58:45.973116+08:00
2026-02-11,140000000,CAR (CORDILLERA ADMINISTRATIVE REGION),KIANGAN PUBLIC MARKET,FRUITS,Pomelo - KG,,2026-02-11T13:58:45.973116+08:00
2026-02-11,140000000,CAR (CORDILLERA ADMINISTRATIVE REGION),LA TRINIDAD PUBLIC MARKET,FRUITS,Pomelo - KG,,2026-02-11T13:58:45.973116+08:00
2026-02-11,140000000,CAR (CORDILLERA ADMINISTRATIVE REGION),LAGANGILANG PUBLIC MARKET,FRUITS,Pomelo - KG,,2026-02-11T13:58:45.973116+08:00
2026-02-11,140000000,CAR (CORDILLERA ADMINISTRATIVE REGION),LAGAWE PUBLIC MARKET,FRUITS,Pomelo - KG,,2026-02-11T13:58:45.973116+08:00
2026-02-11,140000000,CAR (CORDILLERA ADMINISTRATIVE REGION),LAMUT PUBLIC MARKET,FRUITS,Pomelo - KG,,2026-02-11T13:58:45.973116+08:00
2026-02-11,140000000,CAR (CORDILLERA ADMINISTRATIVE REGION),LUNA PUBLIC MARKET,FRUITS,Pomelo - KG,,2026-02-11T13:58:45.973116+08:00
2026-02-11,140000000,CAR (CORDILLERA ADMINISTRATIVE REGION),MABAAY PUBLIC MARKET,FRUITS,Pomelo - KG,,2026-02-11T13:58:45.973116+08:00
2026-02-11,140000000,CAR (CORDILLERA ADMINISTRATIVE REGION),MANKAYAN PUBLIC MARKET,FRUITS,Pomelo - KG,,2026-02-11T13:58:45.973116+08:00
2026-02-11,140000000,CAR (CORDILLERA ADMINISTRATIVE REGION),PIDIGAN PUBLIC MARKET,FRUITS,Pomelo - KG,,2026-02-11T13:58:45.973116+08:00
2026-02-11,140000000,CAR (CORDILLERA ADMINISTRATIVE REGION),PINUKPUK PUBLIC MARKET,FRUITS,Pomelo - KG,,2026-02-11T13:58:45.973116+08:00
2026-02-11,140000000,CAR (CORDILLERA ADMINISTRATIVE REGION),STA. MARCELA PUBLIC MARKET,FRUITS,Pomelo - KG,,2026-02-11T13:58:45.973116+08:00
2026-02-11,140000000,CAR (CORDILLERA ADMINISTRATIVE REGION),A. LISTA PUBLIC MARKET,FRUITS,Watermelon - KG,,2026-02-11T13:58:45.973116+08:00
2026-02-11,140000000,CAR (CORDILLERA ADMINISTRATIVE REGION),ABATAN PUBLIC MARKET,FRUITS,Watermelon - KG,,2026-02-11T13:58:45.973116+08:00
2026-02-11,140000000,CAR (CORDILLERA ADMINISTRATIVE REGION),ABATAN PUBLIC MARKET (MT. PROVINCE),FRUITS,Watermelon - KG,,2026-02-11T13:58:45.973116+08:00
2026-02-11,140000000,CAR (CORDILLERA ADMINISTRATIVE REGION),"ACOP, CAPONGA MARKET",FRUITS,Watermelon - KG,,2026-02-11T13:58:45.973116+08:00
2026-02-11,140000000,CAR (CORDILLERA ADMINISTRATIVE REGION),ATOK PUBLIC MARKET,FRUITS,Watermelon - KG,,2026-02-11T13:58:45.973116+08:00
2026-02-11,140000000,CAR (CORDILLERA ADMINISTRATIVE REGION),BANGUED PUBLIC MARKET,FRUITS,Watermelon - KG,,2026-02-11T13:58:45.973116+08:00
2026-02-11,140000000,CAR (CORDILLERA ADMINISTRATIVE REGION),BONTOC PUBLIC MARKET,FRUITS,Watermelon - KG,,2026-02-11T13:58:45.973116+08:00
2026-02-11,140000000,CAR (CORDILLERA ADMINISTRATIVE REGION),BULANAO PUBLIC MARKET,FRUITS,Watermelon - KG,,2026-02-11T13:58:45.973116+08:00
2026-02-11,140000000,CAR (CORDILLERA ADMINISTRATIVE REGION),DAGUPAN TABUK CITY PUBLIC MARKET,FRUITS,Watermelon - KG,,2026-02-11T13:58:45.973116+08:00
2026-02-11,140000000,CAR (CORDILLERA ADMINISTRATIVE REGION),FLORA PUBLIC MARKET,FRUITS,Watermelon - KG,,2026-02-11T13:58:45.973116+08:00
2026-02-11,140000000,CAR (CORDILLERA ADMINISTRATIVE REGION),KAYANG MARKET,FRUITS,Watermelon - KG,,2026-02-11T13:58:45.973116+08:00
2026-02-11,140000000,CAR (CORDILLERA ADMINISTRATIVE REGION),KIANGAN PUBLIC MARKET,FRUITS,Watermelon - KG,,2026-02-11T13:58:45.973116+08:00
2026-02-11,140000000,CAR (CORDILLERA ADMINISTRATIVE REGION),LA TRINIDAD PUBLIC MARKET,FRUITS,Watermelon - KG,,2026-02-11T13:58:45.973116+08:00
2026-02-11,140000000,CAR (CORDILLERA ADMINISTRATIVE REGION),LAGANGILANG PUBLIC MARKET,FRUITS,Watermelon - KG,,2026-02-11T13:58:45.973116+08:00
2026-02-11,140000000,CAR (CORDILLERA ADMINISTRATIVE REGION),LAGAWE PUBLIC MARKET,FRUITS,Watermelon - KG,,2026-02-11T13:58:45.973116+08:00
2026-02-11,140000000,CAR (CORDILLERA ADMINISTRATIVE REGION),LAMUT PUBLIC MARKET,FRUITS,Watermelon - KG,,2026-02-11T13:58:45.973116+08:00
2026-02-11,140000000,CAR (CORDILLERA ADMINISTRATIVE REGION),LUNA PUBLIC MARKET,FRUITS,Watermelon - KG,,2026-02-11T13:58:45.973116+08:00
2026-02-11,140000000,CAR (CORDILLERA ADMINISTRATIVE REGION),MABAAY PUBLIC MARKET,FRUITS,Watermelon - KG,,2026-02-11T13:58:45.973116+08:00
2026-02-11,140000000,CAR (CORDILLERA ADMINISTRATIVE REGION),MANKAYAN PUBLIC MARKET,FRUITS,Watermelon - KG,,2026-02-11T13:58:45.973116+08:00
2026-02-11,140000000,CAR (CORDILLERA ADMINISTRATIVE REGION),PIDIGAN PUBLIC MARKET,FRUITS,Watermelon - KG,,2026-02-11T13:58:45.973116+08:00
2026-02-11,140000000,CAR (CORDILLERA ADMINISTRATIVE REGION),PINUKPUK PUBLIC MARKET,FRUITS,Watermelon - KG,,2026-02-11T13:58:45.973116+08:00
2026-02-11,140000000,CAR (CORDILLERA ADMINISTRATIVE REGION),STA. MARCELA PUBLIC MARKET,FRUITS,Watermelon - KG,,2026-02-11T13:58:45.973116+08:00
2026-02-11,140000000,CAR (CORDILLERA ADMINISTRATIVE REGION),A. LISTA PUBLIC MARKET,HIGHLAND VEGETABLES,Bell Pepper (Green) - MEDIUM (151-250GM/PC),,2026-02-11T13:58:45.973116+08:00
2026-02-11,140000000,CAR (CORDILLERA ADMINISTRATIVE REGION),ABATAN PUBLIC MARKET,HIGHLAND VEGETABLES,Bell Pepper (Green) - MEDIUM (151-250GM/PC),,2026-02-11T13:58:45.973116+08:00
2026-02-11,140000000,CAR (CORDILLERA ADMINISTRATIVE REGION),ABATAN PUBLIC MARKET (MT. PROVINCE),HIGHLAND VEGETABLES,Bell Pepper (Green) - MEDIUM (151-250GM/PC),,2026-02-11T13:58:45.973116+08:00
2026-02-11,140000000,CAR (CORDILLERA ADMINISTRATIVE REGION),"ACOP, CAPONGA MARKET",HIGHLAND VEGETABLES,Bell Pepper (Green) - MEDIUM (151-250GM/PC),,2026-02-11T13:58:45.973116+08:00
2026-02-11,140000000,CAR (CORDILLERA ADMINISTRATIVE REGION),ATOK PUBLIC MARKET,HIGHLAND VEGETABLES,Bell Pepper (Green) - MEDIUM (151-250GM/PC),,2026-02-11T13:58:45.973116+08:00
2026-02-11,140000000,CAR (CORDILLERA ADMINISTRATIVE REGION),BAGUIO CITY PUBLIC MARKET,HIGHLAND VEGETABLES,Bell Pepper (Green) - MEDIUM (151-250GM/PC),,2026-02-11T13:58:45.973116+08:00
2026-02-11,140000000,CAR (CORDILLERA ADMINISTRATIVE REGION),BONTOC PUBLIC MARKET,HIGHLAND VEGETABLES,Bell Pepper (Green) - MEDIUM (151-250GM/PC),,2026-02-11T13:58:45.973116+08:00
2026-02-11,140000000,CAR (CORDILLERA ADMINISTRATIVE REGION),BULANAO PUBLIC MARKET,HIGHLAND VEGETABLES,Bell Pepper (Green) - MEDIUM (151-250GM/PC),,2026-02-11T13:58:45.973116+08:00
2026-02-11,140000000,CAR (CORDILLERA ADMINISTRATIVE REGION),DAGUPAN TABUK CITY PUBLIC MARKET,HIGHLAND VEGETABLES,Bell Pepper (Green) - MEDIUM (151-250GM/PC),,2026-02-11T13:58:45.973116+08:00
2026-02-11,140000000,CAR (CORDILLERA ADMINISTRATIVE REGION),FLORA PUBLIC MARKET,HIGHLAND VEGETABLES,Bell Pepper (Green) - MEDIUM (151-250GM/PC),,2026-02-11T13:58:45.973116+08:00
2026-02-11,140000000,CAR (CORDILLERA ADMINISTRATIVE REGION),KAYANG MARKET,HIGHLAND VEGETABLES,Bell Pepper (Green) - MEDIUM (151-250GM/PC),,2026-02-11T13:58:45.973116+08:00
2026-02-11,140000000,CAR (CORDILLERA ADMINISTRATIVE REGION),KIANGAN PUBLIC MARKET,HIGHLAND VEGETABLES,Bell Pepper (Green) - MEDIUM (151-250GM/PC),,2026-02-11T13:58:45.973116+08:00
2026-02-11,140000000,CAR (CORDILLERA ADMINISTRATIVE REGION),LA TRINIDAD PUBLIC MARKET,HIGHLAND VEGETABLES,Bell Pepper (Green) - MEDIUM (151-250GM/PC),,2026-02-11T13:58:45.973116+08:00
2026-02-11,140000000,CAR (CORDILLERA ADMINISTRATIVE REGION),LAGANGILANG PUBLIC MARKET,HIGHLAND VEGETABLES,Bell Pepper (Green) - MEDIUM (151-250GM/PC),,2026-02-11T13:58:45.973116+08:00
2026-02-11,140000000,CAR (CORDILLERA ADMINISTRATIVE REGION),LAGAWE PUBLIC MARKET,HIGHLAND VEGETABLES,Bell Pepper (Green) - MEDIUM (151-250GM/PC),,2026-02-11T13:58:45.973116+08:00
2026-02-11,140000000,CAR (CORDILLERA ADMINISTRATIVE REGION),LAMUT PUBLIC MARKET,HIGHLAND VEGETABLES,Bell Pepper (Green) - MEDIUM (151-250GM/PC),,2026-02-11T13:58:45.973116+08:00
2026-02-11,140000000,CAR (CORDILLERA ADMINISTRATIVE REGION),LUNA PUBLIC MARKET,HIGHLAND VEGETABLES,Bell Pepper (Green) - MEDIUM (151-250GM/PC),,2026-02-11T13:58:45.973116+08:00
2026-02-11,140000000,CAR (CORDILLERA ADMINISTRATIVE REGION),MABAAY PUBLIC MARKET,HIGHLAND VEGETABLES,Bell Pepper (Green) - MEDIUM (151-250GM/PC),,2026-02-11T13:58:45.973116+08:00
2026-02-11,140000000,CAR (CORDILLERA ADMINISTRATIVE REGION),MANKAYAN PUBLIC MARKET,HIGHLAND VEGETABLES,Bell Pepper (Green) - MEDIUM (151-250GM/PC),,2026-02-11T13:58:45.973116+08:00
2026-02-11,140000000,CAR (CORDILLERA ADMINISTRATIVE REGION),PIDIGAN PUBLIC MARKET,HIGHLAND VEGETABLES,Bell Pepper (Green) - MEDIUM (151-250GM/PC),,2026-02-11T13:58:45.973116+08:00
2026-02-11,140000000,CAR (CORDILLERA ADMINISTRATIVE REGION),PINUKPUK PUBLIC MARKET,HIGHLAND VEGETABLES,Bell Pepper (Green) - MEDIUM (151-250GM/PC),,2026-02-11T13:58:45.973116+08:00
2026-02-11,140000000,CAR (CORDILLERA ADMINISTRATIVE REGION),STA. MARCELA PUBLIC MARKET,HIGHLAND VEGETABLES,Bell Pepper (Green) - MEDIUM (151-250GM/PC),,2026-02-11T13:58:45.973116+08:00
2026-02-11,140000000,CAR (CORDILLERA ADMINISTRATIVE REGION),A. LISTA PUBLIC MARKET,HIGHLAND VEGETABLES,Bell Pepper (Red) - MEDIUM (151-250GM/PC),,2026-02-11T13:58:45.973116+08:00
2026-02-11,140000000,CAR (CORDILLERA ADMINISTRATIVE REGION),ABATAN PUBLIC MARKET,HIGHLAND VEGETABLES,Bell Pepper (Red) - MEDIUM (151-250GM/PC),,2026-02-11T13:58:45.973116+08:00
2026-02-11,140000000,CAR (CORDILLERA ADMINISTRATIVE REGION),ABATAN PUBLIC MARKET (MT. PROVINCE),HIGHLAND VEGETABLES,Bell Pepper (Red) - MEDIUM (151-250GM/PC),,2026-02-11T13:58:45.973116+08:00
2026-02-11,140000000,CAR (CORDILLERA ADMINISTRATIVE REGION),"ACOP, CAPONGA MARKET",HIGHLAND VEGETABLES,Bell Pepper (Red) - MEDIUM (151-250GM/PC),,2026-02-11T13:58:45.973116+08:00
2026-02-11,140000000,CAR (CORDILLERA ADMINISTRATIVE REGION),ATOK PUBLIC MARKET,HIGHLAND VEGETABLES,Bell Pepper (Red) - MEDIUM (151-250GM/PC),,2026-02-11T13:58:45.973116+08:00
2026-02-11,140000000,CAR (CORDILLERA ADMINISTRATIVE REGION),BAGUIO CITY PUBLIC MARKET,HIGHLAND VEGETABLES,Bell Pepper (Red) - MEDIUM (151-250GM/PC),,2026-02-11T13:58:45.973116+08:00
2026-02-11,140000000,CAR (CORDILLERA ADMINISTRATIVE REGION),BONTOC PUBLIC MARKET,HIGHLAND VEGETABLES,Bell Pepper (Red) - MEDIUM (151-250GM/PC),,2026-02-11T13:58:45.973116+08:00
2026-02-11,140000000,CAR (CORDILLERA ADMINISTRATIVE REGION),BULANAO PUBLIC MARKET,HIGHLAND VEGETABLES,Bell Pepper (Red) - MEDIUM (151-250GM/PC),,2026-02-11T13:58:45.973116+08:00
2026-02-11,140000000,CAR (CORDILLERA ADMINISTRATIVE REGION),DAGUPAN TABUK CITY PUBLIC MARKET,HIGHLAND VEGETABLES,Bell Pepper (Red) - MEDIUM (151-250GM/PC),,2026-02-11T13:58:45.973116+08:00
2026-02-11,140000000,CAR (CORDILLERA ADMINISTRATIVE REGION),FLORA PUBLIC MARKET,HIGHLAND VEGETABLES,Bell Pepper (Red) - MEDIUM (151-250GM/PC),,2026-02-11T13:58:45.973116+08:00
2026-02-11,140000000,CAR (CORDILLERA ADMINISTRATIVE REGION),KAYANG MARKET,HIGHLAND VEGETABLES,Bell Pepper (Red) - MEDIUM (151-250GM/PC),,2026-02-11T13:58:45.973116+08:00
2026-02-11,140000000,CAR (CORDILLERA ADMINISTRATIVE REGION),KIANGAN PUBLIC MARKET,HIGHLAND VEGETABLES,Bell Pepper (Red) - MEDIUM (151-250GM/PC),,2026-02-11T13:58:45.973116+08:00
2026-02-11,140000000,CAR (CORDILLERA ADMINISTRATIVE REGION),LA TRINIDAD PUBLIC MARKET,HIGHLAND VEGETABLES,Bell Pepper (Red) - MEDIUM (151-250GM/PC),,2026-02-11T13:58:45.973116+08:00
2026-02-11,140000000,CAR (CORDILLERA ADMINISTRATIVE REGION),LAGANGILANG PUBLIC MARKET,HIGHLAND VEGETABLES,Bell Pepper (Red) - MEDIUM (151-250GM/PC),,2026-02-11T13:58:45.973116+08:00
2026-02-11,140000000,CAR (CORDILLERA ADMINISTRATIVE REGION),LAGAWE PUBLIC MARKET,HIGHLAND VEGETABLES,Bell Pepper (Red) - MEDIUM (151-250GM/PC),,2026-02-11T13:58:45.973116+08:00
2026-02-11,140000000,CAR (CORDILLERA ADMINISTRATIVE REGION),LAMUT PUBLIC MARKET,HIGHLAND VEGETABLES,Bell Pepper (Red) - MEDIUM (151-250GM/PC),,2026-02-11T13:58:45.973116+08:00
2026-02-11,140000000,CAR (CORDILLERA ADMINISTRATIVE REGION),LUNA PUBLIC MARKET,HIGHLAND VEGETABLES,Bell Pepper (Red) - MEDIUM (151-250GM/PC),,2026-02-11T13:58:45.973116+08:00
2026-02-11,140000000,CAR (CORDILLERA ADMINISTRATIVE REGION),MABAAY PUBLIC MARKET,HIGHLAND VEGETABLES,Bell Pepper (Red) - MEDIUM (151-250GM/PC),,2026-02-11T13:58:45.973116+08:00
2026-02-11,140000000,CAR (CORDILLERA ADMINISTRATIVE REGION),MANKAYAN PUBLIC MARKET,HIGHLAND VEGETABLES,Bell Pepper (Red) - MEDIUM (151-250GM/PC),,2026-02-11T13:58:45.973116+08:00
2026-02-11,140000000,CAR (CORDILLERA ADMINISTRATIVE REGION),PIDIGAN PUBLIC MARKET,HIGHLAND VEGETABLES,Bell Pepper (Red) - MEDIUM (151-250GM/PC),,2026-02-11T13:58:45.973116+08:00
2026-02-11,140000000,CAR (CORDILLERA ADMINISTRATIVE REGION),PINUKPUK PUBLIC MARKET,HIGHLAND VEGETABLES,Bell Pepper (Red) - MEDIUM (151-250GM/PC),,2026-02-11T13:58:45.973116+08:00
2026-02-11,140000000,CAR (CORDILLERA ADMINISTRATIVE REGION),STA. MARCELA PUBLIC MARKET,HIGHLAND VEGETABLES,Bell Pepper (Red) - MEDIUM (151-250GM/PC),,2026-02-11T13:58:45.973116+08:00
2026-02-11,140000000,CAR (CORDILLERA ADMINISTRATIVE REGION),A. LISTA PUBLIC MARKET,HIGHLAND VEGETABLES,Broccoli - MEDIUM (8-10CM DIAMETER/BUNCH HD),,2026-02-11T13:58:45.973116+08:00
2026-02-11,140000000,CAR (CORDILLERA ADMINISTRATIVE REGION),ABATAN PUBLIC MARKET,HIGHLAND VEGETABLES,Broccoli - MEDIUM (8-10CM DIAMETER/BUNCH HD),,2026-02-11T13:58:45.973116+08:00
2026-02-11,140000000,CAR (CORDILLERA ADMINISTRATIVE REGION),ABATAN PUBLIC MARKET (MT. PROVINCE),HIGHLAND VEGETABLES,Broccoli - MEDIUM (8-10CM DIAMETER/BUNCH HD),,2026-02-11T13:58:45.973116+08:00
2026-02-11,140000000,CAR (CORDILLERA ADMINISTRATIVE REGION),"ACOP, CAPONGA MARKET",HIGHLAND VEGETABLES,Broccoli - MEDIUM (8-10CM DIAMETER/BUNCH HD),,2026-02-11T13:58:45.973116+08:00
2026-02-11,140000000,CAR (CORDILLERA ADMINISTRATIVE REGION),ATOK PUBLIC MARKET,HIGHLAND VEGETABLES,Broccoli - MEDIUM (8-10CM DIAMETER/BUNCH HD),,2026-02-11T13:58:45.973116+08:00
2026-02-11,140000000,CAR (CORDILLERA ADMINISTRATIVE REGION),BAGUIO CITY PUBLIC MARKET,HIGHLAND VEGETABLES,Broccoli - MEDIUM (8-10CM DIAMETER/BUNCH HD),,2026-02-11T13:58:45.973116+08:00
2026-02-11,140000000,CAR (CORDILLERA ADMINISTRATIVE REGION),BONTOC PUBLIC MARKET,HIGHLAND VEGETABLES,Broccoli - MEDIUM (8-10CM DIAMETER/BUNCH HD),,2026-02-11T13:58:45.973116+08:00
2026-02-11,140000000,CAR (CORDILLERA ADMINISTRATIVE REGION),BULANAO PUBLIC MARKET,HIGHLAND VEGETABLES,Broccoli - MEDIUM (8-10CM DIAMETER/BUNCH HD),,2026-02-11T13:58:45.973116+08:00
2026-02-11,140000000,CAR (CORDILLERA ADMINISTRATIVE REGION),DAGUPAN TABUK CITY PUBLIC MARKET,HIGHLAND VEGETABLES,Broccoli - MEDIUM (8-10CM DIAMETER/BUNCH HD),,2026-02-11T13:58:45.973116+08:00
2026-02-11,140000000,CAR (CORDILLERA ADMINISTRATIVE REGION),FLORA PUBLIC MARKET,HIGHLAND VEGETABLES,Broccoli - MEDIUM (8-10CM DIAMETER/BUNCH HD),,2026-02-11T13:58:45.973116+08:00
2026-02-11,140000000,CAR (CORDILLERA ADMINISTRATIVE REGION),KAYANG MARKET,HIGHLAND VEGETABLES,Broccoli - MEDIUM (8-10CM DIAMETER/BUNCH HD),,2026-02-11T13:58:45.973116+08:00
2026-02-11,140000000,CAR (CORDILLERA ADMINISTRATIVE REGION),KIANGAN PUBLIC MARKET,HIGHLAND VEGETABLES,Broccoli - MEDIUM (8-10CM DIAMETER/BUNCH HD),,2026-02-11T13:58:45.973116+08:00
2026-02-11,140000000,CAR (CORDILLERA ADMINISTRATIVE REGION),LA TRINIDAD PUBLIC MARKET,HIGHLAND VEGETABLES,Broccoli - MEDIUM (8-10CM DIAMETER/BUNCH HD),,2026-02-11T13:58:45.973116+08:00
2026-02-11,140000000,CAR (CORDILLERA ADMINISTRATIVE REGION),LAGANGILANG PUBLIC MARKET,HIGHLAND VEGETABLES,Broccoli - MEDIUM (8-10CM DIAMETER/BUNCH HD),,2026-02-11T13:58:45.973116+08:00
2026-02-11,140000000,CAR (CORDILLERA ADMINISTRATIVE REGION),LAGAWE PUBLIC MARKET,HIGHLAND VEGETABLES,Broccoli - MEDIUM (8-10CM DIAMETER/BUNCH HD),,2026-02-11T13:58:45.973116+08:00
2026-02-11,140000000,CAR (CORDILLERA ADMINISTRATIVE REGION),LAMUT PUBLIC MARKET,HIGHLAND VEGETABLES,Broccoli - MEDIUM (8-10CM DIAMETER/BUNCH HD),,2026-02-11T13:58:45.973116+08:00
2026-02-11,140000000,CAR (CORDILLERA ADMINISTRATIVE REGION),LUNA PUBLIC MARKET,HIGHLAND VEGETABLES,Broccoli - MEDIUM (8-10CM DIAMETER/BUNCH HD),,2026-02-11T13:58:45.973116+08:00
2026-02-11,140000000,CAR (CORDILLERA ADMINISTRATIVE REGION),MABAAY PUBLIC MARKET,HIGHLAND VEGETABLES,Broccoli - MEDIUM (8-10CM DIAMETER/BUNCH HD),,2026-02-11T13:58:45.973116+08:00
2026-02-11,140000000,CAR (CORDILLERA ADMINISTRATIVE REGION),MANKAYAN PUBLIC MARKET,HIGHLAND VEGETABLES,Broccoli - MEDIUM (8-10CM DIAMETER/BUNCH HD),,2026-02-11T13:58:45.973116+08:00
2026-02-11,140000000,CAR (CORDILLERA ADMINISTRATIVE REGION),PIDIGAN PUBLIC MARKET,HIGHLAND VEGETABLES,Broccoli - MEDIUM (8-10CM DIAMETER/BUNCH HD),,2026-02-11T13:58:45.973116+08:00
2026-02-11,140000000,CAR (CORDILLERA ADMINISTRATIVE REGION),PINUKPUK PUBLIC MARKET,HIGHLAND VEGETABLES,Broccoli - MEDIUM (8-10CM DIAMETER/BUNCH HD),,2026-02-11T13:58:45.973116+08:00
2026-02-11,140000000,CAR (CORDILLERA ADMINISTRATIVE REGION),STA. MARCELA PUBLIC MARKET,HIGHLAND VEGETABLES,Broccoli - MEDIUM (8-10CM DIAMETER/BUNCH HD),,2026-02-11T13:58:45.973116+08:00
2026-02-11,140000000,CAR (CORDILLERA ADMINISTRATIVE REGION),A. LISTA PUBLIC MARKET,HIGHLAND VEGETABLES,Cabbage (Rare Ball) - 510GM-1KG/HEAD,,2026-02-11T13:58:45.973116+08:00
2026-02-11,140000000,CAR (CORDILLERA ADMINISTRATIVE REGION),ABATAN PUBLIC MARKET,HIGHLAND VEGETABLES,Cabbage (Rare Ball) - 510GM-1KG/HEAD,,2026-02-11T13:58:45.973116+08:00
2026-02-11,140000000,CAR (CORDILLERA ADMINISTRATIVE REGION),ABATAN PUBLIC MARKET (MT. PROVINCE),HIGHLAND VEGETABLES,Cabbage (Rare Ball) - 510GM-1KG/HEAD,,2026-02-11T13:58:45.973116+08:00
2026-02-11,140000000,CAR (CORDILLERA ADMINISTRATIVE REGION),"ACOP, CAPONGA MARKET",HIGHLAND VEGETABLES,Cabbage (Rare Ball) - 510GM-1KG/HEAD,,2026-02-11T13:58:45.973116+08:00
2026-02-11,140000000,CAR (CORDILLERA ADMINISTRATIVE REGION),ATOK PUBLIC MARKET,HIGHLAND VEGETABLES,Cabbage (Rare Ball) - 510GM-1KG/HEAD,,2026-02-11T13:58:45.973116+08:00
2026-02-11,140000000,CAR (CORDILLERA ADMINISTRATIVE REGION),BAGUIO CITY PUBLIC MARKET,HIGHLAND VEGETABLES,Cabbage (Rare Ball) - 510GM-1KG/HEAD,,2026-02-11T13:58:45.973116+08:00
2026-02-11,140000000,CAR (CORDILLERA ADMINISTRATIVE REGION),BANGUED PUBLIC MARKET,HIGHLAND VEGETABLES,Cabbage (Rare Ball) - 510GM-1KG/HEAD,,2026-02-11T13:58:45.973116+08:00
2026-02-11,140000000,CAR (CORDILLERA ADMINISTRATIVE REGION),BONTOC PUBLIC MARKET,HIGHLAND VEGETABLES,Cabbage (Rare Ball) - 510GM-1KG/HEAD,,2026-02-11T13:58:45.973116+08:00
2026-02-11,140000000,CAR (CORDILLERA ADMINISTRATIVE REGION),BULANAO PUBLIC MARKET,HIGHLAND VEGETABLES,Cabbage (Rare Ball) - 510GM-1KG/HEAD,,2026-02-11T13:58:45.973116+08:00
2026-02-11,140000000,CAR (CORDILLERA ADMINISTRATIVE REGION),DAGUPAN TABUK CITY PUBLIC MARKET,HIGHLAND VEGETABLES,Cabbage (Rare Ball) - 510GM-1KG/HEAD,,2026-02-11T13:58:45.973116+08:00
2026-02-11,140000000,CAR (CORDILLERA ADMINISTRATIVE REGION),FLORA PUBLIC MARKET,HIGHLAND VEGETABLES,Cabbage (Rare Ball) - 510GM-1KG/HEAD,,2026-02-11T13:58:45.973116+08:00
2026-02-11,140000000,CAR (CORDILLERA ADMINISTRATIVE REGION),KAYANG MARKET,HIGHLAND VEGETABLES,Cabbage (Rare Ball) - 510GM-1KG/HEAD,,2026-02-11T13:58:45.973116+08:00
2026-02-11,140000000,CAR (CORDILLERA ADMINISTRATIVE REGION),KIANGAN PUBLIC MARKET,HIGHLAND VEGETABLES,Cabbage (Rare Ball) - 510GM-1KG/HEAD,,2026-02-11T13:58:45.973116+08:00
2026-02-11,140000000,CAR (CORDILLERA ADMINISTRATIVE REGION),LA TRINIDAD PUBLIC MARKET,HIGHLAND VEGETABLES,Cabbage (Rare Ball) - 510GM-1KG/HEAD,,2026-02-11T13:58:45.973116+08:00
2026-02-11,140000000,CAR (CORDILLERA ADMINISTRATIVE REGION),LAGANGILANG PUBLIC MARKET,HIGHLAND VEGETABLES,Cabbage (Rare Ball) - 510GM-1KG/HEAD,,2026-02-11T13:58:45.973116+08:00
2026-02-11,140000000,CAR (CORDILLERA ADMINISTRATIVE REGION),LAGAWE PUBLIC MARKET,HIGHLAND VEGETABLES,Cabbage (Rare Ball) - 510GM-1KG/HEAD,,2026-02-11T13:58:45.973116+08:00
2026-02-11,140000000,CAR (CORDILLERA ADMINISTRATIVE REGION),LAMUT PUBLIC MARKET,HIGHLAND VEGETABLES,Cabbage (Rare Ball) - 510GM-1KG/HEAD,,2026-02-11T13:58:45.973116+08:00
2026-02-11,140000000,CAR (CORDILLERA ADMINISTRATIVE REGION),LUNA PUBLIC MARKET,HIGHLAND VEGETABLES,Cabbage (Rare Ball) - 510GM-1KG/HEAD,,2026-02-11T13:58:45.973116+08:00
2026-02-11,140000000,CAR (CORDILLERA ADMINISTRATIVE REGION),MABAAY PUBLIC MARKET,HIGHLAND VEGETABLES,Cabbage (Rare Ball) - 510GM-1KG/HEAD,,2026-02-11T13:58:45.973116+08:00
2026-02-11,140000000,CAR (CORDILLERA ADMINISTRATIVE REGION),MANKAYAN PUBLIC MARKET,HIGHLAND VEGETABLES,Cabbage (Rare Ball) - 510GM-1KG/HEAD,,2026-02-11T13:58:45.973116+08:00
2026-02-11,140000000,CAR (CORDILLERA ADMINISTRATIVE REGION),PIDIGAN PUBLIC MARKET,HIGHLAND VEGETABLES,Cabbage (Rare Ball) - 510GM-1KG/HEAD,,2026-02-11T13:58:45.973116+08:00
2026-02-11,140000000,CAR (CORDILLERA ADMINISTRATIVE REGION),PINUKPUK PUBLIC MARKET,HIGHLAND VEGETABLES,Cabbage (Rare Ball) - 510GM-1KG/HEAD,,2026-02-11T13:58:45.973116+08:00
2026-02-11,140000000,CAR (CORDILLERA ADMINISTRATIVE REGION),STA. MARCELA PUBLIC MARKET,HIGHLAND VEGETABLES,Cabbage (Rare Ball) - 510GM-1KG/HEAD,,2026-02-11T13:58:45.973116+08:00
2026-02-11,140000000,CAR (CORDILLERA ADMINISTRATIVE REGION),A. LISTA PUBLIC MARKET,HIGHLAND VEGETABLES,Cabbage (Scorpio) - 750GM-1KG/HEAD,,2026-02-11T13:58:45.973116+08:00
2026-02-11,140000000,CAR (CORDILLERA ADMINISTRATIVE REGION),ABATAN PUBLIC MARKET,HIGHLAND VEGETABLES,Cabbage (Scorpio) - 750GM-1KG/HEAD,,2026-02-11T13:58:45.973116+08:00
2026-02-11,140000000,CAR (CORDILLERA ADMINISTRATIVE REGION),ABATAN PUBLIC MARKET (MT. PROVINCE),HIGHLAND VEGETABLES,Cabbage (Scorpio) - 750GM-1KG/HEAD,,2026-02-11T13:58:45.973116+08:00
2026-02-11,140000000,CAR (CORDILLERA ADMINISTRATIVE REGION),"ACOP, CAPONGA MARKET",HIGHLAND VEGETABLES,Cabbage (Scorpio) - 750GM-1KG/HEAD,,2026-02-11T13:58:45.973116+08:00
2026-02-11,140000000,CAR (CORDILLERA ADMINISTRATIVE REGION),ATOK PUBLIC MARKET,HIGHLAND VEGETABLES,Cabbage (Scorpio) - 750GM-1KG/HEAD,,2026-02-11T13:58:45.973116+08:00
2026-02-11,140000000,CAR (CORDILLERA ADMINISTRATIVE REGION),BAGUIO CITY PUBLIC MARKET,HIGHLAND VEGETABLES,Cabbage (Scorpio) - 750GM-1KG/HEAD,,2026-02-11T13:58:45.973116+08:00
2026-02-11,140000000,CAR (CORDILLERA ADMINISTRATIVE REGION),BONTOC PUBLIC MARKET,HIGHLAND VEGETABLES,Cabbage (Scorpio) - 750GM-1KG/HEAD,,2026-02-11T13:58:45.973116+08:00
2026-02-11,140000000,CAR (CORDILLERA ADMINISTRATIVE REGION),BULANAO PUBLIC MARKET,HIGHLAND VEGETABLES,Cabbage (Scorpio) - 750GM-1KG/HEAD,,2026-02-11T13:58:45.973116+08:00
2026-02-11,140000000,CAR (CORDILLERA ADMINISTRATIVE REGION),DAGUPAN TABUK CITY PUBLIC MARKET,HIGHLAND VEGETABLES,Cabbage (Scorpio) - 750GM-1KG/HEAD,,2026-02-11T13:58:45.973116+08:00
2026-02-11,140000000,CAR (CORDILLERA ADMINISTRATIVE REGION),FLORA PUBLIC MARKET,HIGHLAND VEGETABLES,Cabbage (Scorpio) - 750GM-1KG/HEAD,,2026-02-11T13:58:45.973116+08:00
2026-02-11,140000000,CAR (CORDILLERA ADMINISTRATIVE REGION),KAYANG MARKET,HIGHLAND VEGETABLES,Cabbage (Scorpio) - 750GM-1KG/HEAD,,2026-02-11T13:58:45.973116+08:00
2026-02-11,140000000,CAR (CORDILLERA ADMINISTRATIVE REGION),KIANGAN PUBLIC MARKET,HIGHLAND VEGETABLES,Cabbage (Scorpio) - 750GM-1KG/HEAD,,2026-02-11T13:58:45.973116+08:00
2026-02-11,140000000,CAR (CORDILLERA ADMINISTRATIVE REGION),LA TRINIDAD PUBLIC MARKET,HIGHLAND VEGETABLES,Cabbage (Scorpio) - 750GM-1KG/HEAD,,2026-02-11T13:58:45.973116+08:00
2026-02-11,140000000,CAR (CORDILLERA ADMINISTRATIVE REGION),LAGANGILANG PUBLIC MARKET,HIGHLAND VEGETABLES,Cabbage (Scorpio) - 750GM-1KG/HEAD,,2026-02-11T13:58:45.973116+08:00
2026-02-11,140000000,CAR (CORDILLERA ADMINISTRATIVE REGION),LAGAWE PUBLIC MARKET,HIGHLAND VEGETABLES,Cabbage (Scorpio) - 750GM-1KG/HEAD,,2026-02-11T13:58:45.973116+08:00
2026-02-11,140000000,CAR (CORDILLERA ADMINISTRATIVE REGION),LAMUT PUBLIC MARKET,HIGHLAND VEGETABLES,Cabbage (Scorpio) - 750GM-1KG/HEAD,,2026-02-11T13:58:45.973116+08:00
2026-02-11,140000000,CAR (CORDILLERA ADMINISTRATIVE REGION),LUNA PUBLIC MARKET,HIGHLAND VEGETABLES,Cabbage (Scorpio) - 750GM-1KG/HEAD,,2026-02-11T13:58:45.973116+08:00
2026-02-11,140000000,CAR (CORDILLERA ADMINISTRATIVE REGION),MABAAY PUBLIC MARKET,HIGHLAND VEGETABLES,Cabbage (Scorpio) - 750GM-1KG/HEAD,,2026-02-11T13:58:45.973116+08:00
2026-02-11,140000000,CAR (CORDILLERA ADMINISTRATIVE REGION),MANKAYAN PUBLIC MARKET,HIGHLAND VEGETABLES,Cabbage (Scorpio) - 750GM-1KG/HEAD,,2026-02-11T13:58:45.973116+08:00
2026-02-11,140000000,CAR (CORDILLERA ADMINISTRATIVE REGION),PIDIGAN PUBLIC MARKET,HIGHLAND VEGETABLES,Cabbage (Scorpio) - 750GM-1KG/HEAD,,2026-02-11T13:58:45.973116+08:00
2026-02-11,140000000,CAR (CORDILLERA ADMINISTRATIVE REGION),PINUKPUK PUBLIC MARKET,HIGHLAND VEGETABLES,Cabbage (Scorpio) - 750GM-1KG/HEAD,,2026-02-11T13:58:45.973116+08:00
2026-02-11,140000000,CAR (CORDILLERA ADMINISTRATIVE REGION),STA. MARCELA PUBLIC MARKET,HIGHLAND VEGETABLES,Cabbage (Scorpio) - 750GM-1KG/HEAD,,2026-02-11T13:58:45.973116+08:00
2026-02-11,140000000,CAR (CORDILLERA ADMINISTRATIVE REGION),A. LISTA PUBLIC MARKET,HIGHLAND VEGETABLES,Cabbage (Wonder Ball) - 510GM-1KG/HEAD,,2026-02-11T13:58:45.973116+08:00
2026-02-11,140000000,CAR (CORDILLERA ADMINISTRATIVE REGION),ABATAN PUBLIC MARKET,HIGHLAND VEGETABLES,Cabbage (Wonder Ball) - 510GM-1KG/HEAD,,2026-02-11T13:58:45.973116+08:00
2026-02-11,140000000,CAR (CORDILLERA ADMINISTRATIVE REGION),ABATAN PUBLIC MARKET (MT. PROVINCE),HIGHLAND VEGETABLES,Cabbage (Wonder Ball) - 510GM-1KG/HEAD,,2026-02-11T13:58:45.973116+08:00
2026-02-11,140000000,CAR (CORDILLERA ADMINISTRATIVE REGION),"ACOP, CAPONGA MARKET",HIGHLAND VEGETABLES,Cabbage (Wonder Ball) - 510GM-1KG/HEAD,,2026-02-11T13:58:45.973116+08:00
2026-02-11,140000000,CAR (CORDILLERA ADMINISTRATIVE REGION),ATOK PUBLIC MARKET,HIGHLAND VEGETABLES,Cabbage (Wonder Ball) - 510GM-1KG/HEAD,,2026-02-11T13:58:45.973116+08:00
2026-02-11,140000000,CAR (CORDILLERA ADMINISTRATIVE REGION),BANGUED PUBLIC MARKET,HIGHLAND VEGETABLES,Cabbage (Wonder Ball) - 510GM-1KG/HEAD,,2026-02-11T13:58:45.973116+08:00
2026-02-11,140000000,CAR (CORDILLERA ADMINISTRATIVE REGION),BONTOC PUBLIC MARKET,HIGHLAND VEGETABLES,Cabbage (Wonder Ball) - 510GM-1KG/HEAD,,2026-02-11T13:58:45.973116+08:00
2026-02-11,140000000,CAR (CORDILLERA ADMINISTRATIVE REGION),BULANAO PUBLIC MARKET,HIGHLAND VEGETABLES,Cabbage (Wonder Ball) - 510GM-1KG/HEAD,,2026-02-11T13:58:45.973116+08:00
2026-02-11,140000000,CAR (CORDILLERA ADMINISTRATIVE REGION),DAGUPAN TABUK CITY PUBLIC MARKET,HIGHLAND VEGETABLES,Cabbage (Wonder Ball) - 510GM-1KG/HEAD,,2026-02-11T13:58:45.973116+08:00
2026-02-11,140000000,CAR (CORDILLERA ADMINISTRATIVE REGION),FLORA PUBLIC MARKET,HIGHLAND VEGETABLES,Cabbage (Wonder Ball) - 510GM-1KG/HEAD,,2026-02-11T13:58:45.973116+08:00
2026-02-11,140000000,CAR (CORDILLERA ADMINISTRATIVE REGION),KAYANG MARKET,HIGHLAND VEGETABLES,Cabbage (Wonder Ball) - 510GM-1KG/HEAD,,2026-02-11T13:58:45.973116+08:00
2026-02-11,140000000,CAR (CORDILLERA ADMINISTRATIVE REGION),KIANGAN PUBLIC MARKET,HIGHLAND VEGETABLES,Cabbage (Wonder Ball) - 510GM-1KG/HEAD,,2026-02-11T13:58:45.973116+08:00
2026-02-11,140000000,CAR (CORDILLERA ADMINISTRATIVE REGION),LA TRINIDAD PUBLIC MARKET,HIGHLAND VEGETABLES,Cabbage (Wonder Ball) - 510GM-1KG/HEAD,,2026-02-11T13:58:45.973116+08:00
2026-02-11,140000000,CAR (CORDILLERA ADMINISTRATIVE REGION),LAGANGILANG PUBLIC MARKET,HIGHLAND VEGETABLES,Cabbage (Wonder Ball) - 510GM-1KG/HEAD,,2026-02-11T13:58:45.973116+08:00
2026-02-11,140000000,CAR (CORDILLERA ADMINISTRATIVE REGION),LAGAWE PUBLIC MARKET,HIGHLAND VEGETABLES,Cabbage (Wonder Ball) - 510GM-1KG/HEAD,,2026-02-11T13:58:45.973116+08:00
2026-02-11,140000000,CAR (CORDILLERA ADMINISTRATIVE REGION),LAMUT PUBLIC MARKET,HIGHLAND VEGETABLES,Cabbage (Wonder Ball) - 510GM-1KG/HEAD,,2026-02-11T13:58:45.973116+08:00
2026-02-11,140000000,CAR (CORDILLERA ADMINISTRATIVE REGION),LUNA PUBLIC MARKET,HIGHLAND VEGETABLES,Cabbage (Wonder Ball) - 510GM-1KG/HEAD,,2026-02-11T13:58:45.973116+08:00
2026-02-11,140000000,CAR (CORDILLERA ADMINISTRATIVE REGION),MABAAY PUBLIC MARKET,HIGHLAND VEGETABLES,Cabbage (Wonder Ball) - 510GM-1KG/HEAD,,2026-02-11T13:58:45.973116+08:00
2026-02-11,140000000,CAR (CORDILLERA ADMINISTRATIVE REGION),MANKAYAN PUBLIC MARKET,HIGHLAND VEGETABLES,Cabbage (Wonder Ball) - 510GM-1KG/HEAD,,2026-02-11T13:58:45.973116+08:00
2026-02-11,140000000,CAR (CORDILLERA ADMINISTRATIVE REGION),PIDIGAN PUBLIC MARKET,HIGHLAND VEGETABLES,Cabbage (Wonder Ball) - 510GM-1KG/HEAD,,2026-02-11T13:58:45.973116+08:00
2026-02-11,140000000,CAR (CORDILLERA ADMINISTRATIVE REGION),PINUKPUK PUBLIC MARKET,HIGHLAND VEGETABLES,Cabbage (Wonder Ball) - 510GM-1KG/HEAD,,2026-02-11T13:58:45.973116+08:00
2026-02-11,140000000,CAR (CORDILLERA ADMINISTRATIVE REGION),STA. MARCELA PUBLIC MARKET,HIGHLAND VEGETABLES,Cabbage (Wonder Ball) - 510GM-1KG/HEAD,,2026-02-11T13:58:45.973116+08:00
2026-02-11,140000000,CAR (CORDILLERA ADMINISTRATIVE REGION),A. LISTA PUBLIC MARKET,HIGHLAND VEGETABLES,Carrots - 8-10PCS/KG,,2026-02-11T13:58:45.973116+08:00
2026-02-11,140000000,CAR (CORDILLERA ADMINISTRATIVE REGION),ABATAN PUBLIC MARKET,HIGHLAND VEGETABLES,Carrots - 8-10PCS/KG,,2026-02-11T13:58:45.973116+08:00
2026-02-11,140000000,CAR (CORDILLERA ADMINISTRATIVE REGION),ABATAN PUBLIC MARKET (MT. PROVINCE),HIGHLAND VEGETABLES,Carrots - 8-10PCS/KG,,2026-02-11T13:58:45.973116+08:00
2026-02-11,140000000,CAR (CORDILLERA ADMINISTRATIVE REGION),"ACOP, CAPONGA MARKET",HIGHLAND VEGETABLES,Carrots - 8-10PCS/KG,,2026-02-11T13:58:45.973116+08:00
2026-02-11,140000000,CAR (CORDILLERA ADMINISTRATIVE REGION),ATOK PUBLIC MARKET,HIGHLAND VEGETABLES,Carrots - 8-10PCS/KG,,2026-02-11T13:58:45.973116+08:00
2026-02-11,140000000,CAR (CORDILLERA ADMINISTRATIVE REGION),BONTOC PUBLIC MARKET,HIGHLAND VEGETABLES,Carrots - 8-10PCS/KG,,2026-02-11T13:58:45.973116+08:00
2026-02-11,140000000,CAR (CORDILLERA ADMINISTRATIVE REGION),BULANAO PUBLIC MARKET,HIGHLAND VEGETABLES,Carrots - 8-10PCS/KG,,2026-02-11T13:58:45.973116+08:00
2026-02-11,140000000,CAR (CORDILLERA ADMINISTRATIVE REGION),DAGUPAN TABUK CITY PUBLIC MARKET,HIGHLAND VEGETABLES,Carrots - 8-10PCS/KG,,2026-02-11T13:58:45.973116+08:00
2026-02-11,140000000,CAR (CORDILLERA ADMINISTRATIVE REGION),FLORA PUBLIC MARKET,HIGHLAND VEGETABLES,Carrots - 8-10PCS/KG,,2026-02-11T13:58:45.973116+08:00
2026-02-11,140000000,CAR (CORDILLERA ADMINISTRATIVE REGION),KAYANG MARKET,HIGHLAND VEGETABLES,Carrots - 8-10PCS/KG,,2026-02-11T13:58:45.973116+08:00
2026-02-11,140000000,CAR (CORDILLERA ADMINISTRATIVE REGION),KIANGAN PUBLIC MARKET,HIGHLAND VEGETABLES,Carrots - 8-10PCS/KG,,2026-02-11T13:58:45.973116+08:00
2026-02-11,140000000,CAR (CORDILLERA ADMINISTRATIVE REGION),LA TRINIDAD PUBLIC MARKET,HIGHLAND VEGETABLES,Carrots - 8-10PCS/KG,,2026-02-11T13:58:45.973116+08:00
2026-02-11,140000000,CAR (CORDILLERA ADMINISTRATIVE REGION),LAGANGILANG PUBLIC MARKET,HIGHLAND VEGETABLES,Carrots - 8-10PCS/KG,,2026-02-11T13:58:45.973116+08:00
2026-02-11,140000000,CAR (CORDILLERA ADMINISTRATIVE REGION),LAGAWE PUBLIC MARKET,HIGHLAND VEGETABLES,Carrots - 8-10PCS/KG,,2026-02-11T13:58:45.973116+08:00
2026-02-11,140000000,CAR (CORDILLERA ADMINISTRATIVE REGION),LAMUT PUBLIC MARKET,HIGHLAND VEGETABLES,Carrots - 8-10PCS/KG,,2026-02-11T13:58:45.973116+08:00
2026-02-11,140000000,CAR (CORDILLERA ADMINISTRATIVE REGION),LUNA PUBLIC MARKET,HIGHLAND VEGETABLES,Carrots - 8-10PCS/KG,,2026-02-11T13:58:45.973116+08:00
2026-02-11,140000000,CAR (CORDILLERA ADMINISTRATIVE REGION),MABAAY PUBLIC MARKET,HIGHLAND VEGETABLES,Carrots - 8-10PCS/KG,,2026-02-11T13:58:45.973116+08:00
2026-02-11,140000000,CAR (CORDILLERA ADMINISTRATIVE REGION),MANKAYAN PUBLIC MARKET,HIGHLAND VEGETABLES,Carrots - 8-10PCS/KG,,2026-02-11T13:58:45.973116+08:00
2026-02-11,140000000,CAR (CORDILLERA ADMINISTRATIVE REGION),PIDIGAN PUBLIC MARKET,HIGHLAND VEGETABLES,Carrots - 8-10PCS/KG,,2026-02-11T13:58:45.973116+08:00
2026-02-11,140000000,CAR (CORDILLERA ADMINISTRATIVE REGION),PINUKPUK PUBLIC MARKET,HIGHLAND VEGETABLES,Carrots - 8-10PCS/KG,,2026-02-11T13:58:45.973116+08:00
2026-02-11,140000000,CAR (CORDILLERA ADMINISTRATIVE REGION),STA. MARCELA PUBLIC MARKET,HIGHLAND VEGETABLES,Carrots - 8-10PCS/KG,,2026-02-11T13:58:45.973116+08:00
2026-02-11,140000000,CAR (CORDILLERA ADMINISTRATIVE REGION),A. LISTA PUBLIC MARKET,HIGHLAND VEGETABLES,Cauliflower - MEDIUM (8-10CM DIAMETER/BUNCH HD),,2026-02-11T13:58:45.973116+08:00
2026-02-11,140000000,CAR (CORDILLERA ADMINISTRATIVE REGION),ABATAN PUBLIC MARKET,HIGHLAND VEGETABLES,Cauliflower - MEDIUM (8-10CM DIAMETER/BUNCH HD),,2026-02-11T13:58:45.973116+08:00
2026-02-11,140000000,CAR (CORDILLERA ADMINISTRATIVE REGION),ABATAN PUBLIC MARKET (MT. PROVINCE),HIGHLAND VEGETABLES,Cauliflower - MEDIUM (8-10CM DIAMETER/BUNCH HD),,2026-02-11T13:58:45.973116+08:00
2026-02-11,140000000,CAR (CORDILLERA ADMINISTRATIVE REGION),"ACOP, CAPONGA MARKET",HIGHLAND VEGETABLES,Cauliflower - MEDIUM (8-10CM DIAMETER/BUNCH HD),,2026-02-11T13:58:45.973116+08:00
2026-02-11,140000000,CAR (CORDILLERA ADMINISTRATIVE REGION),ATOK PUBLIC MARKET,HIGHLAND VEGETABLES,Cauliflower - MEDIUM (8-10CM DIAMETER/BUNCH HD),,2026-02-11T13:58:45.973116+08:00
2026-02-11,140000000,CAR (CORDILLERA ADMINISTRATIVE REGION),BAGUIO CITY PUBLIC MARKET,HIGHLAND VEGETABLES,Cauliflower - MEDIUM (8-10CM DIAMETER/BUNCH HD),,2026-02-11T13:58:45.973116+08:00
2026-02-11,140000000,CAR (CORDILLERA ADMINISTRATIVE REGION),BONTOC PUBLIC MARKET,HIGHLAND VEGETABLES,Cauliflower - MEDIUM (8-10CM DIAMETER/BUNCH HD),,2026-02-11T13:58:45.973116+08:00
2026-02-11,140000000,CAR (CORDILLERA ADMINISTRATIVE REGION),BULANAO PUBLIC MARKET,HIGHLAND VEGETABLES,Cauliflower - MEDIUM (8-10CM DIAMETER/BUNCH HD),,2026-02-11T13:58:45.973116+08:00
2026-02-11,140000000,CAR (CORDILLERA ADMINISTRATIVE REGION),DAGUPAN TABUK CITY PUBLIC MARKET,HIGHLAND VEGETABLES,Cauliflower - MEDIUM (8-10CM DIAMETER/BUNCH HD),,2026-02-11T13:58:45.973116+08:00
2026-02-11,140000000,CAR (CORDILLERA ADMINISTRATIVE REGION),FLORA PUBLIC MARKET,HIGHLAND VEGETABLES,Cauliflower - MEDIUM (8-10CM DIAMETER/BUNCH HD),,2026-02-11T13:58:45.973116+08:00
2026-02-11,140000000,CAR (CORDILLERA ADMINISTRATIVE REGION),KAYANG MARKET,HIGHLAND VEGETABLES,Cauliflower - MEDIUM (8-10CM DIAMETER/BUNCH HD),,2026-02-11T13:58:45.973116+08:00
2026-02-11,140000000,CAR (CORDILLERA ADMINISTRATIVE REGION),KIANGAN PUBLIC MARKET,HIGHLAND VEGETABLES,Cauliflower - MEDIUM (8-10CM DIAMETER/BUNCH HD),,2026-02-11T13:58:45.973116+08:00
2026-02-11,140000000,CAR (CORDILLERA ADMINISTRATIVE REGION),LA TRINIDAD PUBLIC MARKET,HIGHLAND VEGETABLES,Cauliflower - MEDIUM (8-10CM DIAMETER/BUNCH HD),,2026-02-11T13:58:45.973116+08:00
2026-02-11,140000000,CAR (CORDILLERA ADMINISTRATIVE REGION),LAGANGILANG PUBLIC MARKET,HIGHLAND VEGETABLES,Cauliflower - MEDIUM (8-10CM DIAMETER/BUNCH HD),,2026-02-11T13:58:45.973116+08:00
2026-02-11,140000000,CAR (CORDILLERA ADMINISTRATIVE REGION),LAGAWE PUBLIC MARKET,HIGHLAND VEGETABLES,Cauliflower - MEDIUM (8-10CM DIAMETER/BUNCH HD),,2026-02-11T13:58:45.973116+08:00
2026-02-11,140000000,CAR (CORDILLERA ADMINISTRATIVE REGION),LAMUT PUBLIC MARKET,HIGHLAND VEGETABLES,Cauliflower - MEDIUM (8-10CM DIAMETER/BUNCH HD),,2026-02-11T13:58:45.973116+08:00
2026-02-11,140000000,CAR (CORDILLERA ADMINISTRATIVE REGION),LUNA PUBLIC MARKET,HIGHLAND VEGETABLES,Cauliflower - MEDIUM (8-10CM DIAMETER/BUNCH HD),,2026-02-11T13:58:45.973116+08:00
2026-02-11,140000000,CAR (CORDILLERA ADMINISTRATIVE REGION),MABAAY PUBLIC MARKET,HIGHLAND VEGETABLES,Cauliflower - MEDIUM (8-10CM DIAMETER/BUNCH HD),,2026-02-11T13:58:45.973116+08:00
2026-02-11,140000000,CAR (CORDILLERA ADMINISTRATIVE REGION),MANKAYAN PUBLIC MARKET,HIGHLAND VEGETABLES,Cauliflower - MEDIUM (8-10CM DIAMETER/BUNCH HD),,2026-02-11T13:58:45.973116+08:00
2026-02-11,140000000,CAR (CORDILLERA ADMINISTRATIVE REGION),PIDIGAN PUBLIC MARKET,HIGHLAND VEGETABLES,Cauliflower - MEDIUM (8-10CM DIAMETER/BUNCH HD),,2026-02-11T13:58:45.973116+08:00
2026-02-11,140000000,CAR (CORDILLERA ADMINISTRATIVE REGION),PINUKPUK PUBLIC MARKET,HIGHLAND VEGETABLES,Cauliflower - MEDIUM (8-10CM DIAMETER/BUNCH HD),,2026-02-11T13:58:45.973116+08:00
2026-02-11,140000000,CAR (CORDILLERA ADMINISTRATIVE REGION),STA. MARCELA PUBLIC MARKET,HIGHLAND VEGETABLES,Cauliflower - MEDIUM (8-10CM DIAMETER/BUNCH HD),,2026-02-11T13:58:45.973116+08:00
2026-02-11,140000000,CAR (CORDILLERA ADMINISTRATIVE REGION),A. LISTA PUBLIC MARKET,HIGHLAND VEGETABLES,Celery - MEDIUM (501-800 G),,2026-02-11T13:58:45.973116+08:00
2026-02-11,140000000,CAR (CORDILLERA ADMINISTRATIVE REGION),ABATAN PUBLIC MARKET,HIGHLAND VEGETABLES,Celery - MEDIUM (501-800 G),,2026-02-11T13:58:45.973116+08:00
2026-02-11,140000000,CAR (CORDILLERA ADMINISTRATIVE REGION),ABATAN PUBLIC MARKET (MT. PROVINCE),HIGHLAND VEGETABLES,Celery - MEDIUM (501-800 G),,2026-02-11T13:58:45.973116+08:00
2026-02-11,140000000,CAR (CORDILLERA ADMINISTRATIVE REGION),"ACOP, CAPONGA MARKET",HIGHLAND VEGETABLES,Celery - MEDIUM (501-800 G),,2026-02-11T13:58:45.973116+08:00
2026-02-11,140000000,CAR (CORDILLERA ADMINISTRATIVE REGION),ATOK PUBLIC MARKET,HIGHLAND VEGETABLES,Celery - MEDIUM (501-800 G),,2026-02-11T13:58:45.973116+08:00
2026-02-11,140000000,CAR (CORDILLERA ADMINISTRATIVE REGION),BAGUIO CITY PUBLIC MARKET,HIGHLAND VEGETABLES,Celery - MEDIUM (501-800 G),,2026-02-11T13:58:45.973116+08:00
2026-02-11,140000000,CAR (CORDILLERA ADMINISTRATIVE REGION),BONTOC PUBLIC MARKET,HIGHLAND VEGETABLES,Celery - MEDIUM (501-800 G),,2026-02-11T13:58:45.973116+08:00
2026-02-11,140000000,CAR (CORDILLERA ADMINISTRATIVE REGION),BULANAO PUBLIC MARKET,HIGHLAND VEGETABLES,Celery - MEDIUM (501-800 G),,2026-02-11T13:58:45.973116+08:00
2026-02-11,140000000,CAR (CORDILLERA ADMINISTRATIVE REGION),DAGUPAN TABUK CITY PUBLIC MARKET,HIGHLAND VEGETABLES,Celery - MEDIUM (501-800 G),,2026-02-11T13:58:45.973116+08:00
2026-02-11,140000000,CAR (CORDILLERA ADMINISTRATIVE REGION),FLORA PUBLIC MARKET,HIGHLAND VEGETABLES,Celery - MEDIUM (501-800 G),,2026-02-11T13:58:45.973116+08:00
2026-02-11,140000000,CAR (CORDILLERA ADMINISTRATIVE REGION),KAYANG MARKET,HIGHLAND VEGETABLES,Celery - MEDIUM (501-800 G),,2026-02-11T13:58:45.973116+08:00
2026-02-11,140000000,CAR (CORDILLERA ADMINISTRATIVE REGION),KIANGAN PUBLIC MARKET,HIGHLAND VEGETABLES,Celery - MEDIUM (501-800 G),,2026-02-11T13:58:45.973116+08:00
2026-02-11,140000000,CAR (CORDILLERA ADMINISTRATIVE REGION),LA TRINIDAD PUBLIC MARKET,HIGHLAND VEGETABLES,Celery - MEDIUM (501-800 G),,2026-02-11T13:58:45.973116+08:00
2026-02-11,140000000,CAR (CORDILLERA ADMINISTRATIVE REGION),LAGANGILANG PUBLIC MARKET,HIGHLAND VEGETABLES,Celery - MEDIUM (501-800 G),,2026-02-11T13:58:45.973116+08:00
2026-02-11,140000000,CAR (CORDILLERA ADMINISTRATIVE REGION),LAGAWE PUBLIC MARKET,HIGHLAND VEGETABLES,Celery - MEDIUM (501-800 G),,2026-02-11T13:58:45.973116+08:00
2026-02-11,140000000,CAR (CORDILLERA ADMINISTRATIVE REGION),LAMUT PUBLIC MARKET,HIGHLAND VEGETABLES,Celery - MEDIUM (501-800 G),,2026-02-11T13:58:45.973116+08:00
2026-02-11,140000000,CAR (CORDILLERA ADMINISTRATIVE REGION),LUNA PUBLIC MARKET,HIGHLAND VEGETABLES,Celery - MEDIUM (501-800 G),,2026-02-11T13:58:45.973116+08:00
2026-02-11,140000000,CAR (CORDILLERA ADMINISTRATIVE REGION),MABAAY PUBLIC MARKET,HIGHLAND VEGETABLES,Celery - MEDIUM (501-800 G),,2026-02-11T13:58:45.973116+08:00
2026-02-11,140000000,CAR (CORDILLERA ADMINISTRATIVE REGION),MANKAYAN PUBLIC MARKET,HIGHLAND VEGETABLES,Celery - MEDIUM (501-800 G),,2026-02-11T13:58:45.973116+08:00
2026-02-11,140000000,CAR (CORDILLERA ADMINISTRATIVE REGION),PIDIGAN PUBLIC MARKET,HIGHLAND VEGETABLES,Celery - MEDIUM (501-800 G),,2026-02-11T13:58:45.973116+08:00
2026-02-11,140000000,CAR (CORDILLERA ADMINISTRATIVE REGION),PINUKPUK PUBLIC MARKET,HIGHLAND VEGETABLES,Celery - MEDIUM (501-800 G),,2026-02-11T13:58:45.973116+08:00
2026-02-11,140000000,CAR (CORDILLERA ADMINISTRATIVE REGION),STA. MARCELA PUBLIC MARKET,HIGHLAND VEGETABLES,Celery - MEDIUM (501-800 G),,2026-02-11T13:58:45.973116+08:00
2026-02-11,140000000,CAR (CORDILLERA ADMINISTRATIVE REGION),A. LISTA PUBLIC MARKET,HIGHLAND VEGETABLES,Chayote - KG,,2026-02-11T13:58:45.973116+08:00
2026-02-11,140000000,CAR (CORDILLERA ADMINISTRATIVE REGION),ABATAN PUBLIC MARKET,HIGHLAND VEGETABLES,Chayote - KG,,2026-02-11T13:58:45.973116+08:00
2026-02-11,140000000,CAR (CORDILLERA ADMINISTRATIVE REGION),ABATAN PUBLIC MARKET (MT. PROVINCE),HIGHLAND VEGETABLES,Chayote - KG,,2026-02-11T13:58:45.973116+08:00
2026-02-11,140000000,CAR (CORDILLERA ADMINISTRATIVE REGION),"ACOP, CAPONGA MARKET",HIGHLAND VEGETABLES,Chayote - KG,,2026-02-11T13:58:45.973116+08:00
2026-02-11,140000000,CAR (CORDILLERA ADMINISTRATIVE REGION),ATOK PUBLIC MARKET,HIGHLAND VEGETABLES,Chayote - KG,,2026-02-11T13:58:45.973116+08:00
2026-02-11,140000000,CAR (CORDILLERA ADMINISTRATIVE REGION),BONTOC PUBLIC MARKET,HIGHLAND VEGETABLES,Chayote - KG,,2026-02-11T13:58:45.973116+08:00
2026-02-11,140000000,CAR (CORDILLERA ADMINISTRATIVE REGION),BULANAO PUBLIC MARKET,HIGHLAND VEGETABLES,Chayote - KG,,2026-02-11T13:58:45.973116+08:00
2026-02-11,140000000,CAR (CORDILLERA ADMINISTRATIVE REGION),DAGUPAN TABUK CITY PUBLIC MARKET,HIGHLAND VEGETABLES,Chayote - KG,,2026-02-11T13:58:45.973116+08:00
2026-02-11,140000000,CAR (CORDILLERA ADMINISTRATIVE REGION),FLORA PUBLIC MARKET,HIGHLAND VEGETABLES,Chayote - KG,,2026-02-11T13:58:45.973116+08:00
2026-02-11,140000000,CAR (CORDILLERA ADMINISTRATIVE REGION),KAYANG MARKET,HIGHLAND VEGETABLES,Chayote - KG,,2026-02-11T13:58:45.973116+08:00
2026-02-11,140000000,CAR (CORDILLERA ADMINISTRATIVE REGION),KIANGAN PUBLIC MARKET,HIGHLAND VEGETABLES,Chayote - KG,,2026-02-11T13:58:45.973116+08:00
2026-02-11,140000000,CAR (CORDILLERA ADMINISTRATIVE REGION),LA TRINIDAD PUBLIC MARKET,HIGHLAND VEGETABLES,Chayote - KG,,2026-02-11T13:58:45.973116+08:00
2026-02-11,140000000,CAR (CORDILLERA ADMINISTRATIVE REGION),LAGANGILANG PUBLIC MARKET,HIGHLAND VEGETABLES,Chayote - KG,,2026-02-11T13:58:45.973116+08:00
2026-02-11,140000000,CAR (CORDILLERA ADMINISTRATIVE REGION),LAGAWE PUBLIC MARKET,HIGHLAND VEGETABLES,Chayote - KG,,2026-02-11T13:58:45.973116+08:00
2026-02-11,140000000,CAR (CORDILLERA ADMINISTRATIVE REGION),LAMUT PUBLIC MARKET,HIGHLAND VEGETABLES,Chayote - KG,,2026-02-11T13:58:45.973116+08:00
2026-02-11,140000000,CAR (CORDILLERA ADMINISTRATIVE REGION),LUNA PUBLIC MARKET,HIGHLAND VEGETABLES,Chayote - KG,,2026-02-11T13:58:45.973116+08:00
2026-02-11,140000000,CAR (CORDILLERA ADMINISTRATIVE REGION),MABAAY PUBLIC MARKET,HIGHLAND VEGETABLES,Chayote - KG,,2026-02-11T13:58:45.973116+08:00
2026-02-11,140000000,CAR (CORDILLERA ADMINISTRATIVE REGION),MANKAYAN PUBLIC MARKET,HIGHLAND VEGETABLES,Chayote - KG,,2026-02-11T13:58:45.973116+08:00
2026-02-11,140000000,CAR (CORDILLERA ADMINISTRATIVE REGION),PIDIGAN PUBLIC MARKET,HIGHLAND VEGETABLES,Chayote - KG,,2026-02-11T13:58:45.973116+08:00
2026-02-11,140000000,CAR (CORDILLERA ADMINISTRATIVE REGION),PINUKPUK PUBLIC MARKET,HIGHLAND VEGETABLES,Chayote - KG,,2026-02-11T13:58:45.973116+08:00
2026-02-11,140000000,CAR (CORDILLERA ADMINISTRATIVE REGION),STA. MARCELA PUBLIC MARKET,HIGHLAND VEGETABLES,Chayote - KG,,2026-02-11T13:58:45.973116+08:00
2026-02-11,140000000,CAR (CORDILLERA ADMINISTRATIVE REGION),A. LISTA PUBLIC MARKET,HIGHLAND VEGETABLES,Habichuelas (Baguio Bean) - KG,,2026-02-11T13:58:45.973116+08:00
2026-02-11,140000000,CAR (CORDILLERA ADMINISTRATIVE REGION),ABATAN PUBLIC MARKET,HIGHLAND VEGETABLES,Habichuelas (Baguio Bean) - KG,,2026-02-11T13:58:45.973116+08:00
2026-02-11,140000000,CAR (CORDILLERA ADMINISTRATIVE REGION),ABATAN PUBLIC MARKET (MT. PROVINCE),HIGHLAND VEGETABLES,Habichuelas (Baguio Bean) - KG,,2026-02-11T13:58:45.973116+08:00
2026-02-11,140000000,CAR (CORDILLERA ADMINISTRATIVE REGION),"ACOP, CAPONGA MARKET",HIGHLAND VEGETABLES,Habichuelas (Baguio Bean) - KG,,2026-02-11T13:58:45.973116+08:00
2026-02-11,140000000,CAR (CORDILLERA ADMINISTRATIVE REGION),ATOK PUBLIC MARKET,HIGHLAND VEGETABLES,Habichuelas (Baguio Bean) - KG,,2026-02-11T13:58:45.973116+08:00
2026-02-11,140000000,CAR (CORDILLERA ADMINISTRATIVE REGION),BONTOC PUBLIC MARKET,HIGHLAND VEGETABLES,Habichuelas (Baguio Bean) - KG,,2026-02-11T13:58:45.973116+08:00
2026-02-11,140000000,CAR (CORDILLERA ADMINISTRATIVE REGION),BULANAO PUBLIC MARKET,HIGHLAND VEGETABLES,Habichuelas (Baguio Bean) - KG,,2026-02-11T13:58:45.973116+08:00
2026-02-11,140000000,CAR (CORDILLERA ADMINISTRATIVE REGION),DAGUPAN TABUK CITY PUBLIC MARKET,HIGHLAND VEGETABLES,Habichuelas (Baguio Bean) - KG,,2026-02-11T13:58:45.973116+08:00
2026-02-11,140000000,CAR (CORDILLERA ADMINISTRATIVE REGION),FLORA PUBLIC MARKET,HIGHLAND VEGETABLES,Habichuelas (Baguio Bean) - KG,,2026-02-11T13:58:45.973116+08:00
2026-02-11,140000000,CAR (CORDILLERA ADMINISTRATIVE REGION),KAYANG MARKET,HIGHLAND VEGETABLES,Habichuelas (Baguio Bean) - KG,,2026-02-11T13:58:45.973116+08:00
2026-02-11,140000000,CAR (CORDILLERA ADMINISTRATIVE REGION),KIANGAN PUBLIC MARKET,HIGHLAND VEGETABLES,Habichuelas (Baguio Bean) - KG,,2026-02-11T13:58:45.973116+08:00
2026-02-11,140000000,CAR (CORDILLERA ADMINISTRATIVE REGION),LA TRINIDAD PUBLIC MARKET,HIGHLAND VEGETABLES,Habichuelas (Baguio Bean) - KG,,2026-02-11T13:58:45.973116+08:00
2026-02-11,140000000,CAR (CORDILLERA ADMINISTRATIVE REGION),LAGANGILANG PUBLIC MARKET,HIGHLAND VEGETABLES,Habichuelas (Baguio Bean) - KG,,2026-02-11T13:58:45.973116+08:00
2026-02-11,140000000,CAR (CORDILLERA ADMINISTRATIVE REGION),LAGAWE PUBLIC MARKET,HIGHLAND VEGETABLES,Habichuelas (Baguio Bean) - KG,,2026-02-11T13:58:45.973116+08:00
2026-02-11,140000000,CAR (CORDILLERA ADMINISTRATIVE REGION),LAMUT PUBLIC MARKET,HIGHLAND VEGETABLES,Habichuelas (Baguio Bean) - KG,,2026-02-11T13:58:45.973116+08:00
2026-02-11,140000000,CAR (CORDILLERA ADMINISTRATIVE REGION),LUNA PUBLIC MARKET,HIGHLAND VEGETABLES,Habichuelas (Baguio Bean) - KG,,2026-02-11T13:58:45.973116+08:00
2026-02-11,140000000,CAR (CORDILLERA ADMINISTRATIVE REGION),MABAAY PUBLIC MARKET,HIGHLAND VEGETABLES,Habichuelas (Baguio Bean) - KG,,2026-02-11T13:58:45.973116+08:00
2026-02-11,140000000,CAR (CORDILLERA ADMINISTRATIVE REGION),MANKAYAN PUBLIC MARKET,HIGHLAND VEGETABLES,Habichuelas (Baguio Bean) - KG,,2026-02-11T13:58:45.973116+08:00
2026-02-11,140000000,CAR (CORDILLERA ADMINISTRATIVE REGION),PIDIGAN PUBLIC MARKET,HIGHLAND VEGETABLES,Habichuelas (Baguio Bean) - KG,,2026-02-11T13:58:45.973116+08:00
2026-02-11,140000000,CAR (CORDILLERA ADMINISTRATIVE REGION),PINUKPUK PUBLIC MARKET,HIGHLAND VEGETABLES,Habichuelas (Baguio Bean) - KG,,2026-02-11T13:58:45.973116+08:00
2026-02-11,140000000,CAR (CORDILLERA ADMINISTRATIVE REGION),STA. MARCELA PUBLIC MARKET,HIGHLAND VEGETABLES,Habichuelas (Baguio Bean) - KG,,2026-02-11T13:58:45.973116+08:00
2026-02-11,140000000,CAR (CORDILLERA ADMINISTRATIVE REGION),A. LISTA PUBLIC MARKET,HIGHLAND VEGETABLES,Lettuce (Green Ice),,2026-02-11T13:58:45.973116+08:00
2026-02-11,140000000,CAR (CORDILLERA ADMINISTRATIVE REGION),ABATAN PUBLIC MARKET,HIGHLAND VEGETABLES,Lettuce (Green Ice),,2026-02-11T13:58:45.973116+08:00
2026-02-11,140000000,CAR (CORDILLERA ADMINISTRATIVE REGION),ABATAN PUBLIC MARKET (MT. PROVINCE),HIGHLAND VEGETABLES,Lettuce (Green Ice),,2026-02-11T13:58:45.973116+08:00
2026-02-11,140000000,CAR (CORDILLERA ADMINISTRATIVE REGION),"ACOP, CAPONGA MARKET",HIGHLAND VEGETABLES,Lettuce (Green Ice),,2026-02-11T13:58:45.973116+08:00
2026-02-11,140000000,CAR (CORDILLERA ADMINISTRATIVE REGION),ATOK PUBLIC MARKET,HIGHLAND VEGETABLES,Lettuce (Green Ice),,2026-02-11T13:58:45.973116+08:00
2026-02-11,140000000,CAR (CORDILLERA ADMINISTRATIVE REGION),BAGUIO CITY PUBLIC MARKET,HIGHLAND VEGETABLES,Lettuce (Green Ice),,2026-02-11T13:58:45.973116+08:00
2026-02-11,140000000,CAR (CORDILLERA ADMINISTRATIVE REGION),BANGUED PUBLIC MARKET,HIGHLAND VEGETABLES,Lettuce (Green Ice),,2026-02-11T13:58:45.973116+08:00
2026-02-11,140000000,CAR (CORDILLERA ADMINISTRATIVE REGION),BONTOC PUBLIC MARKET,HIGHLAND VEGETABLES,Lettuce (Green Ice),,2026-02-11T13:58:45.973116+08:00
2026-02-11,140000000,CAR (CORDILLERA ADMINISTRATIVE REGION),BULANAO PUBLIC MARKET,HIGHLAND VEGETABLES,Lettuce (Green Ice),,2026-02-11T13:58:45.973116+08:00
2026-02-11,140000000,CAR (CORDILLERA ADMINISTRATIVE REGION),DAGUPAN TABUK CITY PUBLIC MARKET,HIGHLAND VEGETABLES,Lettuce (Green Ice),,2026-02-11T13:58:45.973116+08:00
2026-02-11,140000000,CAR (CORDILLERA ADMINISTRATIVE REGION),FLORA PUBLIC MARKET,HIGHLAND VEGETABLES,Lettuce (Green Ice),,2026-02-11T13:58:45.973116+08:00
2026-02-11,140000000,CAR (CORDILLERA ADMINISTRATIVE REGION),KAYANG MARKET,HIGHLAND VEGETABLES,Lettuce (Green Ice),,2026-02-11T13:58:45.973116+08:00
2026-02-11,140000000,CAR (CORDILLERA ADMINISTRATIVE REGION),KIANGAN PUBLIC MARKET,HIGHLAND VEGETABLES,Lettuce (Green Ice),,2026-02-11T13:58:45.973116+08:00
2026-02-11,140000000,CAR (CORDILLERA ADMINISTRATIVE REGION),LA TRINIDAD PUBLIC MARKET,HIGHLAND VEGETABLES,Lettuce (Green Ice),,2026-02-11T13:58:45.973116+08:00
2026-02-11,140000000,CAR (CORDILLERA ADMINISTRATIVE REGION),LAGANGILANG PUBLIC MARKET,HIGHLAND VEGETABLES,Lettuce (Green Ice),,2026-02-11T13:58:45.973116+08:00
2026-02-11,140000000,CAR (CORDILLERA ADMINISTRATIVE REGION),LAGAWE PUBLIC MARKET,HIGHLAND VEGETABLES,Lettuce (Green Ice),,2026-02-11T13:58:45.973116+08:00
2026-02-11,140000000,CAR (CORDILLERA ADMINISTRATIVE REGION),LAMUT PUBLIC MARKET,HIGHLAND VEGETABLES,Lettuce (Green Ice),,2026-02-11T13:58:45.973116+08:00
2026-02-11,140000000,CAR (CORDILLERA ADMINISTRATIVE REGION),LUNA PUBLIC MARKET,HIGHLAND VEGETABLES,Lettuce (Green Ice),,2026-02-11T13:58:45.973116+08:00
2026-02-11,140000000,CAR (CORDILLERA ADMINISTRATIVE REGION),MABAAY PUBLIC MARKET,HIGHLAND VEGETABLES,Lettuce (Green Ice),,2026-02-11T13:58:45.973116+08:00
2026-02-11,140000000,CAR (CORDILLERA ADMINISTRATIVE REGION),MANKAYAN PUBLIC MARKET,HIGHLAND VEGETABLES,Lettuce (Green Ice),,2026-02-11T13:58:45.973116+08:00
2026-02-11,140000000,CAR (CORDILLERA ADMINISTRATIVE REGION),PIDIGAN PUBLIC MARKET,HIGHLAND VEGETABLES,Lettuce (Green Ice),,2026-02-11T13:58:45.973116+08:00
2026-02-11,140000000,CAR (CORDILLERA ADMINISTRATIVE REGION),PINUKPUK PUBLIC MARKET,HIGHLAND VEGETABLES,Lettuce (Green Ice),,2026-02-11T13:58:45.973116+08:00
2026-02-11,140000000,CAR (CORDILLERA ADMINISTRATIVE REGION),STA. MARCELA PUBLIC MARKET,HIGHLAND VEGETABLES,Lettuce (Green Ice),,2026-02-11T13:58:45.973116+08:00
2026-02-11,140000000,CAR (CORDILLERA ADMINISTRATIVE REGION),A. LISTA PUBLIC MARKET,HIGHLAND VEGETABLES,Lettuce (Iceberg) - MEDIUM(301-450CM DIAMETER/BUNCH HD),,2026-02-11T13:58:45.973116+08:00
2026-02-11,140000000,CAR (CORDILLERA ADMINISTRATIVE REGION),ABATAN PUBLIC MARKET,HIGHLAND VEGETABLES,Lettuce (Iceberg) - MEDIUM(301-450CM DIAMETER/BUNCH HD),,2026-02-11T13:58:45.973116+08:00
2026-02-11,140000000,CAR (CORDILLERA ADMINISTRATIVE REGION),ABATAN PUBLIC MARKET (MT. PROVINCE),HIGHLAND VEGETABLES,Lettuce (Iceberg) - MEDIUM(301-450CM DIAMETER/BUNCH HD),,2026-02-11T13:58:45.973116+08:00
2026-02-11,140000000,CAR (CORDILLERA ADMINISTRATIVE REGION),"ACOP, CAPONGA MARKET",HIGHLAND VEGETABLES,Lettuce (Iceberg) - MEDIUM(301-450CM DIAMETER/BUNCH HD),,2026-02-11T13:58:45.973116+08:00
2026-02-11,140000000,CAR (CORDILLERA ADMINISTRATIVE REGION),ATOK PUBLIC MARKET,HIGHLAND VEGETABLES,Lettuce (Iceberg) - MEDIUM(301-450CM DIAMETER/BUNCH HD),,2026-02-11T13:58:45.973116+08:00
2026-02-11,140000000,CAR (CORDILLERA ADMINISTRATIVE REGION),BAGUIO CITY PUBLIC MARKET,HIGHLAND VEGETABLES,Lettuce (Iceberg) - MEDIUM(301-450CM DIAMETER/BUNCH HD),,2026-02-11T13:58:45.973116+08:00
2026-02-11,140000000,CAR (CORDILLERA ADMINISTRATIVE REGION),BANGUED PUBLIC MARKET,HIGHLAND VEGETABLES,Lettuce (Iceberg) - MEDIUM(301-450CM DIAMETER/BUNCH HD),,2026-02-11T13:58:45.973116+08:00
2026-02-11,140000000,CAR (CORDILLERA ADMINISTRATIVE REGION),BONTOC PUBLIC MARKET,HIGHLAND VEGETABLES,Lettuce (Iceberg) - MEDIUM(301-450CM DIAMETER/BUNCH HD),,2026-02-11T13:58:45.973116+08:00
2026-02-11,140000000,CAR (CORDILLERA ADMINISTRATIVE REGION),BULANAO PUBLIC MARKET,HIGHLAND VEGETABLES,Lettuce (Iceberg) - MEDIUM(301-450CM DIAMETER/BUNCH HD),,2026-02-11T13:58:45.973116+08:00
2026-02-11,140000000,CAR (CORDILLERA ADMINISTRATIVE REGION),DAGUPAN TABUK CITY PUBLIC MARKET,HIGHLAND VEGETABLES,Lettuce (Iceberg) - MEDIUM(301-450CM DIAMETER/BUNCH HD),,2026-02-11T13:58:45.973116+08:00
2026-02-11,140000000,CAR (CORDILLERA ADMINISTRATIVE REGION),FLORA PUBLIC MARKET,HIGHLAND VEGETABLES,Lettuce (Iceberg) - MEDIUM(301-450CM DIAMETER/BUNCH HD),,2026-02-11T13:58:45.973116+08:00
2026-02-11,140000000,CAR (CORDILLERA ADMINISTRATIVE REGION),KAYANG MARKET,HIGHLAND VEGETABLES,Lettuce (Iceberg) - MEDIUM(301-450CM DIAMETER/BUNCH HD),,2026-02-11T13:58:45.973116+08:00
2026-02-11,140000000,CAR (CORDILLERA ADMINISTRATIVE REGION),KIANGAN PUBLIC MARKET,HIGHLAND VEGETABLES,Lettuce (Iceberg) - MEDIUM(301-450CM DIAMETER/BUNCH HD),,2026-02-11T13:58:45.973116+08:00
2026-02-11,140000000,CAR (CORDILLERA ADMINISTRATIVE REGION),LA TRINIDAD PUBLIC MARKET,HIGHLAND VEGETABLES,Lettuce (Iceberg) - MEDIUM(301-450CM DIAMETER/BUNCH HD),,2026-02-11T13:58:45.973116+08:00
2026-02-11,140000000,CAR (CORDILLERA ADMINISTRATIVE REGION),LAGANGILANG PUBLIC MARKET,HIGHLAND VEGETABLES,Lettuce (Iceberg) - MEDIUM(301-450CM DIAMETER/BUNCH HD),,2026-02-11T13:58:45.973116+08:00
2026-02-11,140000000,CAR (CORDILLERA ADMINISTRATIVE REGION),LAGAWE PUBLIC MARKET,HIGHLAND VEGETABLES,Lettuce (Iceberg) - MEDIUM(301-450CM DIAMETER/BUNCH HD),,2026-02-11T13:58:45.973116+08:00
2026-02-11,140000000,CAR (CORDILLERA ADMINISTRATIVE REGION),LAMUT PUBLIC MARKET,HIGHLAND VEGETABLES,Lettuce (Iceberg) - MEDIUM(301-450CM DIAMETER/BUNCH HD),,2026-02-11T13:58:45.973116+08:00
2026-02-11,140000000,CAR (CORDILLERA ADMINISTRATIVE REGION),LUNA PUBLIC MARKET,HIGHLAND VEGETABLES,Lettuce (Iceberg) - MEDIUM(301-450CM DIAMETER/BUNCH HD),,2026-02-11T13:58:45.973116+08:00
2026-02-11,140000000,CAR (CORDILLERA ADMINISTRATIVE REGION),MABAAY PUBLIC MARKET,HIGHLAND VEGETABLES,Lettuce (Iceberg) - MEDIUM(301-450CM DIAMETER/BUNCH HD),,2026-02-11T13:58:45.973116+08:00
2026-02-11,140000000,CAR (CORDILLERA ADMINISTRATIVE REGION),MANKAYAN PUBLIC MARKET,HIGHLAND VEGETABLES,Lettuce (Iceberg) - MEDIUM(301-450CM DIAMETER/BUNCH HD),,2026-02-11T13:58:45.973116+08:00
2026-02-11,140000000,CAR (CORDILLERA ADMINISTRATIVE REGION),PIDIGAN PUBLIC MARKET,HIGHLAND VEGETABLES,Lettuce (Iceberg) - MEDIUM(301-450CM DIAMETER/BUNCH HD),,2026-02-11T13:58:45.973116+08:00
2026-02-11,140000000,CAR (CORDILLERA ADMINISTRATIVE REGION),PINUKPUK PUBLIC MARKET,HIGHLAND VEGETABLES,Lettuce (Iceberg) - MEDIUM(301-450CM DIAMETER/BUNCH HD),,2026-02-11T13:58:45.973116+08:00
2026-02-11,140000000,CAR (CORDILLERA ADMINISTRATIVE REGION),STA. MARCELA PUBLIC MARKET,HIGHLAND VEGETABLES,Lettuce (Iceberg) - MEDIUM(301-450CM DIAMETER/BUNCH HD),,2026-02-11T13:58:45.973116+08:00
2026-02-11,140000000,CAR (CORDILLERA ADMINISTRATIVE REGION),A. LISTA PUBLIC MARKET,HIGHLAND VEGETABLES,Lettuce (Romaine),,2026-02-11T13:58:45.973116+08:00
2026-02-11,140000000,CAR (CORDILLERA ADMINISTRATIVE REGION),ABATAN PUBLIC MARKET,HIGHLAND VEGETABLES,Lettuce (Romaine),,2026-02-11T13:58:45.973116+08:00
2026-02-11,140000000,CAR (CORDILLERA ADMINISTRATIVE REGION),ABATAN PUBLIC MARKET (MT. PROVINCE),HIGHLAND VEGETABLES,Lettuce (Romaine),,2026-02-11T13:58:45.973116+08:00
2026-02-11,140000000,CAR (CORDILLERA ADMINISTRATIVE REGION),"ACOP, CAPONGA MARKET",HIGHLAND VEGETABLES,Lettuce (Romaine),,2026-02-11T13:58:45.973116+08:00
2026-02-11,140000000,CAR (CORDILLERA ADMINISTRATIVE REGION),ATOK PUBLIC MARKET,HIGHLAND VEGETABLES,Lettuce (Romaine),,2026-02-11T13:58:45.973116+08:00
2026-02-11,140000000,CAR (CORDILLERA ADMINISTRATIVE REGION),BAGUIO CITY PUBLIC MARKET,HIGHLAND VEGETABLES,Lettuce (Romaine),,2026-02-11T13:58:45.973116+08:00
2026-02-11,140000000,CAR (CORDILLERA ADMINISTRATIVE REGION),BANGUED PUBLIC MARKET,HIGHLAND VEGETABLES,Lettuce (Romaine),,2026-02-11T13:58:45.973116+08:00
2026-02-11,140000000,CAR (CORDILLERA ADMINISTRATIVE REGION),BONTOC PUBLIC MARKET,HIGHLAND VEGETABLES,Lettuce (Romaine),,2026-02-11T13:58:45.973116+08:00
2026-02-11,140000000,CAR (CORDILLERA ADMINISTRATIVE REGION),BULANAO PUBLIC MARKET,HIGHLAND VEGETABLES,Lettuce (Romaine),,2026-02-11T13:58:45.973116+08:00
2026-02-11,140000000,CAR (CORDILLERA ADMINISTRATIVE REGION),DAGUPAN TABUK CITY PUBLIC MARKET,HIGHLAND VEGETABLES,Lettuce (Romaine),,2026-02-11T13:58:45.973116+08:00
2026-02-11,140000000,CAR (CORDILLERA ADMINISTRATIVE REGION),FLORA PUBLIC MARKET,HIGHLAND VEGETABLES,Lettuce (Romaine),,2026-02-11T13:58:45.973116+08:00
2026-02-11,140000000,CAR (CORDILLERA ADMINISTRATIVE REGION),KAYANG MARKET,HIGHLAND VEGETABLES,Lettuce (Romaine),,2026-02-11T13:58:45.973116+08:00
2026-02-11,140000000,CAR (CORDILLERA ADMINISTRATIVE REGION),KIANGAN PUBLIC MARKET,HIGHLAND VEGETABLES,Lettuce (Romaine),,2026-02-11T13:58:45.973116+08:00
2026-02-11,140000000,CAR (CORDILLERA ADMINISTRATIVE REGION),LA TRINIDAD PUBLIC MARKET,HIGHLAND VEGETABLES,Lettuce (Romaine),,2026-02-11T13:58:45.973116+08:00
2026-02-11,140000000,CAR (CORDILLERA ADMINISTRATIVE REGION),LAGANGILANG PUBLIC MARKET,HIGHLAND VEGETABLES,Lettuce (Romaine),,2026-02-11T13:58:45.973116+08:00
2026-02-11,140000000,CAR (CORDILLERA ADMINISTRATIVE REGION),LAGAWE PUBLIC MARKET,HIGHLAND VEGETABLES,Lettuce (Romaine),,2026-02-11T13:58:45.973116+08:00
2026-02-11,140000000,CAR (CORDILLERA ADMINISTRATIVE REGION),LAMUT PUBLIC MARKET,HIGHLAND VEGETABLES,Lettuce (Romaine),,2026-02-11T13:58:45.973116+08:00
2026-02-11,140000000,CAR (CORDILLERA ADMINISTRATIVE REGION),LUNA PUBLIC MARKET,HIGHLAND VEGETABLES,Lettuce (Romaine),,2026-02-11T13:58:45.973116+08:00
2026-02-11,140000000,CAR (CORDILLERA ADMINISTRATIVE REGION),MABAAY PUBLIC MARKET,HIGHLAND VEGETABLES,Lettuce (Romaine),,2026-02-11T13:58:45.973116+08:00
2026-02-11,140000000,CAR (CORDILLERA ADMINISTRATIVE REGION),MANKAYAN PUBLIC MARKET,HIGHLAND VEGETABLES,Lettuce (Romaine),,2026-02-11T13:58:45.973116+08:00
2026-02-11,140000000,CAR (CORDILLERA ADMINISTRATIVE REGION),PIDIGAN PUBLIC MARKET,HIGHLAND VEGETABLES,Lettuce (Romaine),,2026-02-11T13:58:45.973116+08:00
2026-02-11,140000000,CAR (CORDILLERA ADMINISTRATIVE REGION),PINUKPUK PUBLIC MARKET,HIGHLAND VEGETABLES,Lettuce (Romaine),,2026-02-11T13:58:45.973116+08:00
2026-02-11,140000000,CAR (CORDILLERA ADMINISTRATIVE REGION),STA. MARCELA PUBLIC MARKET,HIGHLAND VEGETABLES,Lettuce (Romaine),,2026-02-11T13:58:45.973116+08:00
2026-02-11,140000000,CAR (CORDILLERA ADMINISTRATIVE REGION),A. LISTA PUBLIC MARKET,HIGHLAND VEGETABLES,Pechay (Baguio) - KG,,2026-02-11T13:58:45.973116+08:00
2026-02-11,140000000,CAR (CORDILLERA ADMINISTRATIVE REGION),ABATAN PUBLIC MARKET,HIGHLAND VEGETABLES,Pechay (Baguio) - KG,,2026-02-11T13:58:45.973116+08:00
2026-02-11,140000000,CAR (CORDILLERA ADMINISTRATIVE REGION),ABATAN PUBLIC MARKET (MT. PROVINCE),HIGHLAND VEGETABLES,Pechay (Baguio) - KG,,2026-02-11T13:58:45.973116+08:00
2026-02-11,140000000,CAR (CORDILLERA ADMINISTRATIVE REGION),"ACOP, CAPONGA MARKET",HIGHLAND VEGETABLES,Pechay (Baguio) - KG,,2026-02-11T13:58:45.973116+08:00
2026-02-11,140000000,CAR (CORDILLERA ADMINISTRATIVE REGION),ATOK PUBLIC MARKET,HIGHLAND VEGETABLES,Pechay (Baguio) - KG,,2026-02-11T13:58:45.973116+08:00
2026-02-11,140000000,CAR (CORDILLERA ADMINISTRATIVE REGION),BONTOC PUBLIC MARKET,HIGHLAND VEGETABLES,Pechay (Baguio) - KG,,2026-02-11T13:58:45.973116+08:00
2026-02-11,140000000,CAR (CORDILLERA ADMINISTRATIVE REGION),BULANAO PUBLIC MARKET,HIGHLAND VEGETABLES,Pechay (Baguio) - KG,,2026-02-11T13:58:45.973116+08:00
2026-02-11,140000000,CAR (CORDILLERA ADMINISTRATIVE REGION),DAGUPAN TABUK CITY PUBLIC MARKET,HIGHLAND VEGETABLES,Pechay (Baguio) - KG,,2026-02-11T13:58:45.973116+08:00
2026-02-11,140000000,CAR (CORDILLERA ADMINISTRATIVE REGION),FLORA PUBLIC MARKET,HIGHLAND VEGETABLES,Pechay (Baguio) - KG,,2026-02-11T13:58:45.973116+08:00
2026-02-11,140000000,CAR (CORDILLERA ADMINISTRATIVE REGION),KAYANG MARKET,HIGHLAND VEGETABLES,Pechay (Baguio) - KG,,2026-02-11T13:58:45.973116+08:00
2026-02-11,140000000,CAR (CORDILLERA ADMINISTRATIVE REGION),KIANGAN PUBLIC MARKET,HIGHLAND VEGETABLES,Pechay (Baguio) - KG,,2026-02-11T13:58:45.973116+08:00
2026-02-11,140000000,CAR (CORDILLERA ADMINISTRATIVE REGION),LA TRINIDAD PUBLIC MARKET,HIGHLAND VEGETABLES,Pechay (Baguio) - KG,,2026-02-11T13:58:45.973116+08:00
2026-02-11,140000000,CAR (CORDILLERA ADMINISTRATIVE REGION),LAGANGILANG PUBLIC MARKET,HIGHLAND VEGETABLES,Pechay (Baguio) - KG,,2026-02-11T13:58:45.973116+08:00
2026-02-11,140000000,CAR (CORDILLERA ADMINISTRATIVE REGION),LAGAWE PUBLIC MARKET,HIGHLAND VEGETABLES,Pechay (Baguio) - KG,,2026-02-11T13:58:45.973116+08:00
2026-02-11,140000000,CAR (CORDILLERA ADMINISTRATIVE REGION),LAMUT PUBLIC MARKET,HIGHLAND VEGETABLES,Pechay (Baguio) - KG,,2026-02-11T13:58:45.973116+08:00
2026-02-11,140000000,CAR (CORDILLERA ADMINISTRATIVE REGION),LUNA PUBLIC MARKET,HIGHLAND VEGETABLES,Pechay (Baguio) - KG,,2026-02-11T13:58:45.973116+08:00
2026-02-11,140000000,CAR (CORDILLERA ADMINISTRATIVE REGION),MABAAY PUBLIC MARKET,HIGHLAND VEGETABLES,Pechay (Baguio) - KG,,2026-02-11T13:58:45.973116+08:00
2026-02-11,140000000,CAR (CORDILLERA ADMINISTRATIVE REGION),MANKAYAN PUBLIC MARKET,HIGHLAND VEGETABLES,Pechay (Baguio) - KG,,2026-02-11T13:58:45.973116+08:00
2026-02-11,140000000,CAR (CORDILLERA ADMINISTRATIVE REGION),PIDIGAN PUBLIC MARKET,HIGHLAND VEGETABLES,Pechay (Baguio) - KG,,2026-02-11T13:58:45.973116+08:00
2026-02-11,140000000,CAR (CORDILLERA ADMINISTRATIVE REGION),PINUKPUK PUBLIC MARKET,HIGHLAND VEGETABLES,Pechay (Baguio) - KG,,2026-02-11T13:58:45.973116+08:00
2026-02-11,140000000,CAR (CORDILLERA ADMINISTRATIVE REGION),STA. MARCELA PUBLIC MARKET,HIGHLAND VEGETABLES,Pechay (Baguio) - KG,,2026-02-11T13:58:45.973116+08:00
2026-02-11,140000000,CAR (CORDILLERA ADMINISTRATIVE REGION),A. LISTA PUBLIC MARKET,HIGHLAND VEGETABLES,White Potato - 10-12PCS/KG,,2026-02-11T13:58:45.973116+08:00
2026-02-11,140000000,CAR (CORDILLERA ADMINISTRATIVE REGION),ABATAN PUBLIC MARKET,HIGHLAND VEGETABLES,White Potato - 10-12PCS/KG,,2026-02-11T13:58:45.973116+08:00
2026-02-11,140000000,CAR (CORDILLERA ADMINISTRATIVE REGION),ABATAN PUBLIC MARKET (MT. PROVINCE),HIGHLAND VEGETABLES,White Potato - 10-12PCS/KG,,2026-02-11T13:58:45.973116+08:00
2026-02-11,140000000,CAR (CORDILLERA ADMINISTRATIVE REGION),"ACOP, CAPONGA MARKET",HIGHLAND VEGETABLES,White Potato - 10-12PCS/KG,,2026-02-11T13:58:45.973116+08:00
2026-02-11,140000000,CAR (CORDILLERA ADMINISTRATIVE REGION),ATOK PUBLIC MARKET,HIGHLAND VEGETABLES,White Potato - 10-12PCS/KG,,2026-02-11T13:58:45.973116+08:00
2026-02-11,140000000,CAR (CORDILLERA ADMINISTRATIVE REGION),BONTOC PUBLIC MARKET,HIGHLAND VEGETABLES,White Potato - 10-12PCS/KG,,2026-02-11T13:58:45.973116+08:00
2026-02-11,140000000,CAR (CORDILLERA ADMINISTRATIVE REGION),BULANAO PUBLIC MARKET,HIGHLAND VEGETABLES,White Potato - 10-12PCS/KG,,2026-02-11T13:58:45.973116+08:00
2026-02-11,140000000,CAR (CORDILLERA ADMINISTRATIVE REGION),DAGUPAN TABUK CITY PUBLIC MARKET,HIGHLAND VEGETABLES,White Potato - 10-12PCS/KG,,2026-02-11T13:58:45.973116+08:00
2026-02-11,140000000,CAR (CORDILLERA ADMINISTRATIVE REGION),FLORA PUBLIC MARKET,HIGHLAND VEGETABLES,White Potato - 10-12PCS/KG,,2026-02-11T13:58:45.973116+08:00
2026-02-11,140000000,CAR (CORDILLERA ADMINISTRATIVE REGION),KAYANG MARKET,HIGHLAND VEGETABLES,White Potato - 10-12PCS/KG,,2026-02-11T13:58:45.973116+08:00
2026-02-11,140000000,CAR (CORDILLERA ADMINISTRATIVE REGION),KIANGAN PUBLIC MARKET,HIGHLAND VEGETABLES,White Potato - 10-12PCS/KG,,2026-02-11T13:58:45.973116+08:00
2026-02-11,140000000,CAR (CORDILLERA ADMINISTRATIVE REGION),LA TRINIDAD PUBLIC MARKET,HIGHLAND VEGETABLES,White Potato - 10-12PCS/KG,,2026-02-11T13:58:45.973116+08:00
2026-02-11,140000000,CAR (CORDILLERA ADMINISTRATIVE REGION),LAGANGILANG PUBLIC MARKET,HIGHLAND VEGETABLES,White Potato - 10-12PCS/KG,,2026-02-11T13:58:45.973116+08:00
2026-02-11,140000000,CAR (CORDILLERA ADMINISTRATIVE REGION),LAGAWE PUBLIC MARKET,HIGHLAND VEGETABLES,White Potato - 10-12PCS/KG,,2026-02-11T13:58:45.973116+08:00
2026-02-11,140000000,CAR (CORDILLERA ADMINISTRATIVE REGION),LAMUT PUBLIC MARKET,HIGHLAND VEGETABLES,White Potato - 10-12PCS/KG,,2026-02-11T13:58:45.973116+08:00
2026-02-11,140000000,CAR (CORDILLERA ADMINISTRATIVE REGION),LUNA PUBLIC MARKET,HIGHLAND VEGETABLES,White Potato - 10-12PCS/KG,,2026-02-11T13:58:45.973116+08:00
2026-02-11,140000000,CAR (CORDILLERA ADMINISTRATIVE REGION),MABAAY PUBLIC MARKET,HIGHLAND VEGETABLES,White Potato - 10-12PCS/KG,,2026-02-11T13:58:45.973116+08:00
2026-02-11,140000000,CAR (CORDILLERA ADMINISTRATIVE REGION),MANKAYAN PUBLIC MARKET,HIGHLAND VEGETABLES,White Potato - 10-12PCS/KG,,2026-02-11T13:58:45.973116+08:00
2026-02-11,140000000,CAR (CORDILLERA ADMINISTRATIVE REGION),PIDIGAN PUBLIC MARKET,HIGHLAND VEGETABLES,White Potato - 10-12PCS/KG,,2026-02-11T13:58:45.973116+08:00
2026-02-11,140000000,CAR (CORDILLERA ADMINISTRATIVE REGION),PINUKPUK PUBLIC MARKET,HIGHLAND VEGETABLES,White Potato - 10-12PCS/KG,,2026-02-11T13:58:45.973116+08:00
2026-02-11,140000000,CAR (CORDILLERA ADMINISTRATIVE REGION),STA. MARCELA PUBLIC MARKET,HIGHLAND VEGETABLES,White Potato - 10-12PCS/KG,,2026-02-11T13:58:45.973116+08:00
2026-02-11,140000000,CAR (CORDILLERA ADMINISTRATIVE REGION),A. LISTA PUBLIC MARKET,LEGUMES,Mungbean - KG,,2026-02-11T13:58:45.973116+08:00
2026-02-11,140000000,CAR (CORDILLERA ADMINISTRATIVE REGION),ABATAN PUBLIC MARKET,LEGUMES,Mungbean - KG,,2026-02-11T13:58:45.973116+08:00
2026-02-11,140000000,CAR (CORDILLERA ADMINISTRATIVE REGION),ABATAN PUBLIC MARKET (MT. PROVINCE),LEGUMES,Mungbean - KG,,2026-02-11T13:58:45.973116+08:00
2026-02-11,140000000,CAR (CORDILLERA ADMINISTRATIVE REGION),"ACOP, CAPONGA MARKET",LEGUMES,Mungbean - KG,,2026-02-11T13:58:45.973116+08:00
2026-02-11,140000000,CAR (CORDILLERA ADMINISTRATIVE REGION),ATOK PUBLIC MARKET,LEGUMES,Mungbean - KG,,2026-02-11T13:58:45.973116+08:00
2026-02-11,140000000,CAR (CORDILLERA ADMINISTRATIVE REGION),BONTOC PUBLIC MARKET,LEGUMES,Mungbean - KG,,2026-02-11T13:58:45.973116+08:00
2026-02-11,140000000,CAR (CORDILLERA ADMINISTRATIVE REGION),BULANAO PUBLIC MARKET,LEGUMES,Mungbean - KG,,2026-02-11T13:58:45.973116+08:00
2026-02-11,140000000,CAR (CORDILLERA ADMINISTRATIVE REGION),DAGUPAN TABUK CITY PUBLIC MARKET,LEGUMES,Mungbean - KG,,2026-02-11T13:58:45.973116+08:00
2026-02-11,140000000,CAR (CORDILLERA ADMINISTRATIVE REGION),FLORA PUBLIC MARKET,LEGUMES,Mungbean - KG,,2026-02-11T13:58:45.973116+08:00
2026-02-11,140000000,CAR (CORDILLERA ADMINISTRATIVE REGION),KAYANG MARKET,LEGUMES,Mungbean - KG,,2026-02-11T13:58:45.973116+08:00
2026-02-11,140000000,CAR (CORDILLERA ADMINISTRATIVE REGION),KIANGAN PUBLIC MARKET,LEGUMES,Mungbean - KG,,2026-02-11T13:58:45.973116+08:00
2026-02-11,140000000,CAR (CORDILLERA ADMINISTRATIVE REGION),LA TRINIDAD PUBLIC MARKET,LEGUMES,Mungbean - KG,,2026-02-11T13:58:45.973116+08:00
2026-02-11,140000000,CAR (CORDILLERA ADMINISTRATIVE REGION),LAGANGILANG PUBLIC MARKET,LEGUMES,Mungbean - KG,,2026-02-11T13:58:45.973116+08:00
2026-02-11,140000000,CAR (CORDILLERA ADMINISTRATIVE REGION),LAGAWE PUBLIC MARKET,LEGUMES,Mungbean - KG,,2026-02-11T13:58:45.973116+08:00
2026-02-11,140000000,CAR (CORDILLERA ADMINISTRATIVE REGION),LAMUT PUBLIC MARKET,LEGUMES,Mungbean - KG,,2026-02-11T13:58:45.973116+08:00
2026-02-11,140000000,CAR (CORDILLERA ADMINISTRATIVE REGION),LUNA PUBLIC MARKET,LEGUMES,Mungbean - KG,,2026-02-11T13:58:45.973116+08:00
2026-02-11,140000000,CAR (CORDILLERA ADMINISTRATIVE REGION),MABAAY PUBLIC MARKET,LEGUMES,Mungbean - KG,,2026-02-11T13:58:45.973116+08:00
2026-02-11,140000000,CAR (CORDILLERA ADMINISTRATIVE REGION),MANKAYAN PUBLIC MARKET,LEGUMES,Mungbean - KG,,2026-02-11T13:58:45.973116+08:00
2026-02-11,140000000,CAR (CORDILLERA ADMINISTRATIVE REGION),PIDIGAN PUBLIC MARKET,LEGUMES,Mungbean - KG,,2026-02-11T13:58:45.973116+08:00
2026-02-11,140000000,CAR (CORDILLERA ADMINISTRATIVE REGION),PINUKPUK PUBLIC MARKET,LEGUMES,Mungbean - KG,,2026-02-11T13:58:45.973116+08:00
2026-02-11,140000000,CAR (CORDILLERA ADMINISTRATIVE REGION),STA. MARCELA PUBLIC MARKET,LEGUMES,Mungbean - KG,,2026-02-11T13:58:45.973116+08:00
2026-02-11,140000000,CAR (CORDILLERA ADMINISTRATIVE REGION),A. LISTA PUBLIC MARKET,LOWLAND VEGETABLES,Ampalaya - 4-5 PCS/KG,,2026-02-11T13:58:45.973116+08:00
2026-02-11,140000000,CAR (CORDILLERA ADMINISTRATIVE REGION),ABATAN PUBLIC MARKET,LOWLAND VEGETABLES,Ampalaya - 4-5 PCS/KG,,2026-02-11T13:58:45.973116+08:00
2026-02-11,140000000,CAR (CORDILLERA ADMINISTRATIVE REGION),ABATAN PUBLIC MARKET (MT. PROVINCE),LOWLAND VEGETABLES,Ampalaya - 4-5 PCS/KG,,2026-02-11T13:58:45.973116+08:00
2026-02-11,140000000,CAR (CORDILLERA ADMINISTRATIVE REGION),"ACOP, CAPONGA MARKET",LOWLAND VEGETABLES,Ampalaya - 4-5 PCS/KG,,2026-02-11T13:58:45.973116+08:00
2026-02-11,140000000,CAR (CORDILLERA ADMINISTRATIVE REGION),ATOK PUBLIC MARKET,LOWLAND VEGETABLES,Ampalaya - 4-5 PCS/KG,,2026-02-11T13:58:45.973116+08:00
2026-02-11,140000000,CAR (CORDILLERA ADMINISTRATIVE REGION),BONTOC PUBLIC MARKET,LOWLAND VEGETABLES,Ampalaya - 4-5 PCS/KG,,2026-02-11T13:58:45.973116+08:00
2026-02-11,140000000,CAR (CORDILLERA ADMINISTRATIVE REGION),BULANAO PUBLIC MARKET,LOWLAND VEGETABLES,Ampalaya - 4-5 PCS/KG,,2026-02-11T13:58:45.973116+08:00
2026-02-11,140000000,CAR (CORDILLERA ADMINISTRATIVE REGION),DAGUPAN TABUK CITY PUBLIC MARKET,LOWLAND VEGETABLES,Ampalaya - 4-5 PCS/KG,,2026-02-11T13:58:45.973116+08:00
2026-02-11,140000000,CAR (CORDILLERA ADMINISTRATIVE REGION),FLORA PUBLIC MARKET,LOWLAND VEGETABLES,Ampalaya - 4-5 PCS/KG,,2026-02-11T13:58:45.973116+08:00
2026-02-11,140000000,CAR (CORDILLERA ADMINISTRATIVE REGION),KAYANG MARKET,LOWLAND VEGETABLES,Ampalaya - 4-5 PCS/KG,,2026-02-11T13:58:45.973116+08:00
2026-02-11,140000000,CAR (CORDILLERA ADMINISTRATIVE REGION),KIANGAN PUBLIC MARKET,LOWLAND VEGETABLES,Ampalaya - 4-5 PCS/KG,,2026-02-11T13:58:45.973116+08:00
2026-02-11,140000000,CAR (CORDILLERA ADMINISTRATIVE REGION),LA TRINIDAD PUBLIC MARKET,LOWLAND VEGETABLES,Ampalaya - 4-5 PCS/KG,,2026-02-11T13:58:45.973116+08:00
2026-02-11,140000000,CAR (CORDILLERA ADMINISTRATIVE REGION),LAGANGILANG PUBLIC MARKET,LOWLAND VEGETABLES,Ampalaya - 4-5 PCS/KG,,2026-02-11T13:58:45.973116+08:00
2026-02-11,140000000,CAR (CORDILLERA ADMINISTRATIVE REGION),LAGAWE PUBLIC MARKET,LOWLAND VEGETABLES,Ampalaya - 4-5 PCS/KG,,2026-02-11T13:58:45.973116+08:00
2026-02-11,140000000,CAR (CORDILLERA ADMINISTRATIVE REGION),LAMUT PUBLIC MARKET,LOWLAND VEGETABLES,Ampalaya - 4-5 PCS/KG,,2026-02-11T13:58:45.973116+08:00
2026-02-11,140000000,CAR (CORDILLERA ADMINISTRATIVE REGION),LUNA PUBLIC MARKET,LOWLAND VEGETABLES,Ampalaya - 4-5 PCS/KG,,2026-02-11T13:58:45.973116+08:00
2026-02-11,140000000,CAR (CORDILLERA ADMINISTRATIVE REGION),MABAAY PUBLIC MARKET,LOWLAND VEGETABLES,Ampalaya - 4-5 PCS/KG,,2026-02-11T13:58:45.973116+08:00
2026-02-11,140000000,CAR (CORDILLERA ADMINISTRATIVE REGION),MANKAYAN PUBLIC MARKET,LOWLAND VEGETABLES,Ampalaya - 4-5 PCS/KG,,2026-02-11T13:58:45.973116+08:00
2026-02-11,140000000,CAR (CORDILLERA ADMINISTRATIVE REGION),PIDIGAN PUBLIC MARKET,LOWLAND VEGETABLES,Ampalaya - 4-5 PCS/KG,,2026-02-11T13:58:45.973116+08:00
2026-02-11,140000000,CAR (CORDILLERA ADMINISTRATIVE REGION),PINUKPUK PUBLIC MARKET,LOWLAND VEGETABLES,Ampalaya - 4-5 PCS/KG,,2026-02-11T13:58:45.973116+08:00
2026-02-11,140000000,CAR (CORDILLERA ADMINISTRATIVE REGION),STA. MARCELA PUBLIC MARKET,LOWLAND VEGETABLES,Ampalaya - 4-5 PCS/KG,,2026-02-11T13:58:45.973116+08:00
2026-02-11,140000000,CAR (CORDILLERA ADMINISTRATIVE REGION),A. LISTA PUBLIC MARKET,LOWLAND VEGETABLES,Eggplant - 3-4 SMALL BUNDLES/KG,,2026-02-11T13:58:45.973116+08:00
2026-02-11,140000000,CAR (CORDILLERA ADMINISTRATIVE REGION),ABATAN PUBLIC MARKET,LOWLAND VEGETABLES,Eggplant - 3-4 SMALL BUNDLES/KG,,2026-02-11T13:58:45.973116+08:00
2026-02-11,140000000,CAR (CORDILLERA ADMINISTRATIVE REGION),ABATAN PUBLIC MARKET (MT. PROVINCE),LOWLAND VEGETABLES,Eggplant - 3-4 SMALL BUNDLES/KG,,2026-02-11T13:58:45.973116+08:00
2026-02-11,140000000,CAR (CORDILLERA ADMINISTRATIVE REGION),"ACOP, CAPONGA MARKET",LOWLAND VEGETABLES,Eggplant - 3-4 SMALL BUNDLES/KG,,2026-02-11T13:58:45.973116+08:00
2026-02-11,140000000,CAR (CORDILLERA ADMINISTRATIVE REGION),ATOK PUBLIC MARKET,LOWLAND VEGETABLES,Eggplant - 3-4 SMALL BUNDLES/KG,,2026-02-11T13:58:45.973116+08:00
2026-02-11,140000000,CAR (CORDILLERA ADMINISTRATIVE REGION),BONTOC PUBLIC MARKET,LOWLAND VEGETABLES,Eggplant - 3-4 SMALL BUNDLES/KG,,2026-02-11T13:58:45.973116+08:00
2026-02-11,140000000,CAR (CORDILLERA ADMINISTRATIVE REGION),BULANAO PUBLIC MARKET,LOWLAND VEGETABLES,Eggplant - 3-4 SMALL BUNDLES/KG,,2026-02-11T13:58:45.973116+08:00
2026-02-11,140000000,CAR (CORDILLERA ADMINISTRATIVE REGION),DAGUPAN TABUK CITY PUBLIC MARKET,LOWLAND VEGETABLES,Eggplant - 3-4 SMALL BUNDLES/KG,,2026-02-11T13:58:45.973116+08:00
2026-02-11,140000000,CAR (CORDILLERA ADMINISTRATIVE REGION),FLORA PUBLIC MARKET,LOWLAND VEGETABLES,Eggplant - 3-4 SMALL BUNDLES/KG,,2026-02-11T13:58:45.973116+08:00
2026-02-11,140000000,CAR (CORDILLERA ADMINISTRATIVE REGION),KAYANG MARKET,LOWLAND VEGETABLES,Eggplant - 3-4 SMALL BUNDLES/KG,,2026-02-11T13:58:45.973116+08:00
2026-02-11,140000000,CAR (CORDILLERA ADMINISTRATIVE REGION),KIANGAN PUBLIC MARKET,LOWLAND VEGETABLES,Eggplant - 3-4 SMALL BUNDLES/KG,,2026-02-11T13:58:45.973116+08:00
2026-02-11,140000000,CAR (CORDILLERA ADMINISTRATIVE REGION),LA TRINIDAD PUBLIC MARKET,LOWLAND VEGETABLES,Eggplant - 3-4 SMALL BUNDLES/KG,,2026-02-11T13:58:45.973116+08:00
2026-02-11,140000000,CAR (CORDILLERA ADMINISTRATIVE REGION),LAGANGILANG PUBLIC MARKET,LOWLAND VEGETABLES,Eggplant - 3-4 SMALL BUNDLES/KG,,2026-02-11T13:58:45.973116+08:00
2026-02-11,140000000,CAR (CORDILLERA ADMINISTRATIVE REGION),LAGAWE PUBLIC MARKET,LOWLAND VEGETABLES,Eggplant - 3-4 SMALL BUNDLES/KG,,2026-02-11T13:58:45.973116+08:00
2026-02-11,140000000,CAR (CORDILLERA ADMINISTRATIVE REGION),LAMUT PUBLIC MARKET,LOWLAND VEGETABLES,Eggplant - 3-4 SMALL BUNDLES/KG,,2026-02-11T13:58:45.973116+08:00
2026-02-11,140000000,CAR (CORDILLERA ADMINISTRATIVE REGION),LUNA PUBLIC MARKET,LOWLAND VEGETABLES,Eggplant - 3-4 SMALL BUNDLES/KG,,2026-02-11T13:58:45.973116+08:00
2026-02-11,140000000,CAR (CORDILLERA ADMINISTRATIVE REGION),MABAAY PUBLIC MARKET,LOWLAND VEGETABLES,Eggplant - 3-4 SMALL BUNDLES/KG,,2026-02-11T13:58:45.973116+08:00
2026-02-11,140000000,CAR (CORDILLERA ADMINISTRATIVE REGION),MANKAYAN PUBLIC MARKET,LOWLAND VEGETABLES,Eggplant - 3-4 SMALL BUNDLES/KG,,2026-02-11T13:58:45.973116+08:00
2026-02-11,140000000,CAR (CORDILLERA ADMINISTRATIVE REGION),PIDIGAN PUBLIC MARKET,LOWLAND VEGETABLES,Eggplant - 3-4 SMALL BUNDLES/KG,,2026-02-11T13:58:45.973116+08:00
2026-02-11,140000000,CAR (CORDILLERA ADMINISTRATIVE REGION),PINUKPUK PUBLIC MARKET,LOWLAND VEGETABLES,Eggplant - 3-4 SMALL BUNDLES/KG,,2026-02-11T13:58:45.973116+08:00
2026-02-11,140000000,CAR (CORDILLERA ADMINISTRATIVE REGION),STA. MARCELA PUBLIC MARKET,LOWLAND VEGETABLES,Eggplant - 3-4 SMALL BUNDLES/KG,,2026-02-11T13:58:45.973116+08:00
2026-02-11,140000000,CAR (CORDILLERA ADMINISTRATIVE REGION),A. LISTA PUBLIC MARKET,LOWLAND VEGETABLES,Pechay (Native) - 3-4 SMALL BUNDLES/KG,,2026-02-11T13:58:45.973116+08:00
2026-02-11,140000000,CAR (CORDILLERA ADMINISTRATIVE REGION),ABATAN PUBLIC MARKET,LOWLAND VEGETABLES,Pechay (Native) - 3-4 SMALL BUNDLES/KG,,2026-02-11T13:58:45.973116+08:00
2026-02-11,140000000,CAR (CORDILLERA ADMINISTRATIVE REGION),ABATAN PUBLIC MARKET (MT. PROVINCE),LOWLAND VEGETABLES,Pechay (Native) - 3-4 SMALL BUNDLES/KG,,2026-02-11T13:58:45.973116+08:00
2026-02-11,140000000,CAR (CORDILLERA ADMINISTRATIVE REGION),"ACOP, CAPONGA MARKET",LOWLAND VEGETABLES,Pechay (Native) - 3-4 SMALL BUNDLES/KG,,2026-02-11T13:58:45.973116+08:00
2026-02-11,140000000,CAR (CORDILLERA ADMINISTRATIVE REGION),ATOK PUBLIC MARKET,LOWLAND VEGETABLES,Pechay (Native) - 3-4 SMALL BUNDLES/KG,,2026-02-11T13:58:45.973116+08:00
2026-02-11,140000000,CAR (CORDILLERA ADMINISTRATIVE REGION),BONTOC PUBLIC MARKET,LOWLAND VEGETABLES,Pechay (Native) - 3-4 SMALL BUNDLES/KG,,2026-02-11T13:58:45.973116+08:00
2026-02-11,140000000,CAR (CORDILLERA ADMINISTRATIVE REGION),BULANAO PUBLIC MARKET,LOWLAND VEGETABLES,Pechay (Native) - 3-4 SMALL BUNDLES/KG,,2026-02-11T13:58:45.973116+08:00
2026-02-11,140000000,CAR (CORDILLERA ADMINISTRATIVE REGION),DAGUPAN TABUK CITY PUBLIC MARKET,LOWLAND VEGETABLES,Pechay (Native) - 3-4 SMALL BUNDLES/KG,,2026-02-11T13:58:45.973116+08:00
2026-02-11,140000000,CAR (CORDILLERA ADMINISTRATIVE REGION),FLORA PUBLIC MARKET,LOWLAND VEGETABLES,Pechay (Native) - 3-4 SMALL BUNDLES/KG,,2026-02-11T13:58:45.973116+08:00
2026-02-11,140000000,CAR (CORDILLERA ADMINISTRATIVE REGION),KAYANG MARKET,LOWLAND VEGETABLES,Pechay (Native) - 3-4 SMALL BUNDLES/KG,,2026-02-11T13:58:45.973116+08:00
2026-02-11,140000000,CAR (CORDILLERA ADMINISTRATIVE REGION),KIANGAN PUBLIC MARKET,LOWLAND VEGETABLES,Pechay (Native) - 3-4 SMALL BUNDLES/KG,,2026-02-11T13:58:45.973116+08:00
2026-02-11,140000000,CAR (CORDILLERA ADMINISTRATIVE REGION),LA TRINIDAD PUBLIC MARKET,LOWLAND VEGETABLES,Pechay (Native) - 3-4 SMALL BUNDLES/KG,,2026-02-11T13:58:45.973116+08:00
2026-02-11,140000000,CAR (CORDILLERA ADMINISTRATIVE REGION),LAGANGILANG PUBLIC MARKET,LOWLAND VEGETABLES,Pechay (Native) - 3-4 SMALL BUNDLES/KG,,2026-02-11T13:58:45.973116+08:00
2026-02-11,140000000,CAR (CORDILLERA ADMINISTRATIVE REGION),LAGAWE PUBLIC MARKET,LOWLAND VEGETABLES,Pechay (Native) - 3-4 SMALL BUNDLES/KG,,2026-02-11T13:58:45.973116+08:00
2026-02-11,140000000,CAR (CORDILLERA ADMINISTRATIVE REGION),LAMUT PUBLIC MARKET,LOWLAND VEGETABLES,Pechay (Native) - 3-4 SMALL BUNDLES/KG,,2026-02-11T13:58:45.973116+08:00
2026-02-11,140000000,CAR (CORDILLERA ADMINISTRATIVE REGION),LUNA PUBLIC MARKET,LOWLAND VEGETABLES,Pechay (Native) - 3-4 SMALL BUNDLES/KG,,2026-02-11T13:58:45.973116+08:00
2026-02-11,140000000,CAR (CORDILLERA ADMINISTRATIVE REGION),MABAAY PUBLIC MARKET,LOWLAND VEGETABLES,Pechay (Native) - 3-4 SMALL BUNDLES/KG,,2026-02-11T13:58:45.973116+08:00
2026-02-11,140000000,CAR (CORDILLERA ADMINISTRATIVE REGION),MANKAYAN PUBLIC MARKET,LOWLAND VEGETABLES,Pechay (Native) - 3-4 SMALL BUNDLES/KG,,2026-02-11T13:58:45.973116+08:00
2026-02-11,140000000,CAR (CORDILLERA ADMINISTRATIVE REGION),PIDIGAN PUBLIC MARKET,LOWLAND VEGETABLES,Pechay (Native) - 3-4 SMALL BUNDLES/KG,,2026-02-11T13:58:45.973116+08:00
2026-02-11,140000000,CAR (CORDILLERA ADMINISTRATIVE REGION),PINUKPUK PUBLIC MARKET,LOWLAND VEGETABLES,Pechay (Native) - 3-4 SMALL BUNDLES/KG,,2026-02-11T13:58:45.973116+08:00
2026-02-11,140000000,CAR (CORDILLERA ADMINISTRATIVE REGION),STA. MARCELA PUBLIC MARKET,LOWLAND VEGETABLES,Pechay (Native) - 3-4 SMALL BUNDLES/KG,,2026-02-11T13:58:45.973116+08:00
2026-02-11,140000000,CAR (CORDILLERA ADMINISTRATIVE REGION),A. LISTA PUBLIC MARKET,LOWLAND VEGETABLES,Sitao - 3-4 SMALL BUNDLES/KG,,2026-02-11T13:58:45.973116+08:00
2026-02-11,140000000,CAR (CORDILLERA ADMINISTRATIVE REGION),ABATAN PUBLIC MARKET,LOWLAND VEGETABLES,Sitao - 3-4 SMALL BUNDLES/KG,,2026-02-11T13:58:45.973116+08:00
2026-02-11,140000000,CAR (CORDILLERA ADMINISTRATIVE REGION),ABATAN PUBLIC MARKET (MT. PROVINCE),LOWLAND VEGETABLES,Sitao - 3-4 SMALL BUNDLES/KG,,2026-02-11T13:58:45.973116+08:00
2026-02-11,140000000,CAR (CORDILLERA ADMINISTRATIVE REGION),"ACOP, CAPONGA MARKET",LOWLAND VEGETABLES,Sitao - 3-4 SMALL BUNDLES/KG,,2026-02-11T13:58:45.973116+08:00
2026-02-11,140000000,CAR (CORDILLERA ADMINISTRATIVE REGION),ATOK PUBLIC MARKET,LOWLAND VEGETABLES,Sitao - 3-4 SMALL BUNDLES/KG,,2026-02-11T13:58:45.973116+08:00
2026-02-11,140000000,CAR (CORDILLERA ADMINISTRATIVE REGION),BONTOC PUBLIC MARKET,LOWLAND VEGETABLES,Sitao - 3-4 SMALL BUNDLES/KG,,2026-02-11T13:58:45.973116+08:00
2026-02-11,140000000,CAR (CORDILLERA ADMINISTRATIVE REGION),BULANAO PUBLIC MARKET,LOWLAND VEGETABLES,Sitao - 3-4 SMALL BUNDLES/KG,,2026-02-11T13:58:45.973116+08:00
2026-02-11,140000000,CAR (CORDILLERA ADMINISTRATIVE REGION),DAGUPAN TABUK CITY PUBLIC MARKET,LOWLAND VEGETABLES,Sitao - 3-4 SMALL BUNDLES/KG,,2026-02-11T13:58:45.973116+08:00
2026-02-11,140000000,CAR (CORDILLERA ADMINISTRATIVE REGION),FLORA PUBLIC MARKET,LOWLAND VEGETABLES,Sitao - 3-4 SMALL BUNDLES/KG,,2026-02-11T13:58:45.973116+08:00
2026-02-11,140000000,CAR (CORDILLERA ADMINISTRATIVE REGION),KAYANG MARKET,LOWLAND VEGETABLES,Sitao - 3-4 SMALL BUNDLES/KG,,2026-02-11T13:58:45.973116+08:00
2026-02-11,140000000,CAR (CORDILLERA ADMINISTRATIVE REGION),KIANGAN PUBLIC MARKET,LOWLAND VEGETABLES,Sitao - 3-4 SMALL BUNDLES/KG,,2026-02-11T13:58:45.973116+08:00
2026-02-11,140000000,CAR (CORDILLERA ADMINISTRATIVE REGION),LA TRINIDAD PUBLIC MARKET,LOWLAND VEGETABLES,Sitao - 3-4 SMALL BUNDLES/KG,,2026-02-11T13:58:45.973116+08:00
2026-02-11,140000000,CAR (CORDILLERA ADMINISTRATIVE REGION),LAGANGILANG PUBLIC MARKET,LOWLAND VEGETABLES,Sitao - 3-4 SMALL BUNDLES/KG,,2026-02-11T13:58:45.973116+08:00
2026-02-11,140000000,CAR (CORDILLERA ADMINISTRATIVE REGION),LAGAWE PUBLIC MARKET,LOWLAND VEGETABLES,Sitao - 3-4 SMALL BUNDLES/KG,,2026-02-11T13:58:45.973116+08:00
2026-02-11,140000000,CAR (CORDILLERA ADMINISTRATIVE REGION),LAMUT PUBLIC MARKET,LOWLAND VEGETABLES,Sitao - 3-4 SMALL BUNDLES/KG,,2026-02-11T13:58:45.973116+08:00
2026-02-11,140000000,CAR (CORDILLERA ADMINISTRATIVE REGION),LUNA PUBLIC MARKET,LOWLAND VEGETABLES,Sitao - 3-4 SMALL BUNDLES/KG,,2026-02-11T13:58:45.973116+08:00
2026-02-11,140000000,CAR (CORDILLERA ADMINISTRATIVE REGION),MABAAY PUBLIC MARKET,LOWLAND VEGETABLES,Sitao - 3-4 SMALL BUNDLES/KG,,2026-02-11T13:58:45.973116+08:00
2026-02-11,140000000,CAR (CORDILLERA ADMINISTRATIVE REGION),MANKAYAN PUBLIC MARKET,LOWLAND VEGETABLES,Sitao - 3-4 SMALL BUNDLES/KG,,2026-02-11T13:58:45.973116+08:00
2026-02-11,140000000,CAR (CORDILLERA ADMINISTRATIVE REGION),PIDIGAN PUBLIC MARKET,LOWLAND VEGETABLES,Sitao - 3-4 SMALL BUNDLES/KG,,2026-02-11T13:58:45.973116+08:00
2026-02-11,140000000,CAR (CORDILLERA ADMINISTRATIVE REGION),PINUKPUK PUBLIC MARKET,LOWLAND VEGETABLES,Sitao - 3-4 SMALL BUNDLES/KG,,2026-02-11T13:58:45.973116+08:00
2026-02-11,140000000,CAR (CORDILLERA ADMINISTRATIVE REGION),STA. MARCELA PUBLIC MARKET,LOWLAND VEGETABLES,Sitao - 3-4 SMALL BUNDLES/KG,,2026-02-11T13:58:45.973116+08:00
2026-02-11,140000000,CAR (CORDILLERA ADMINISTRATIVE REGION),A. LISTA PUBLIC MARKET,LOWLAND VEGETABLES,Squash - SUPREMA VARIETY,,2026-02-11T13:58:45.973116+08:00
2026-02-11,140000000,CAR (CORDILLERA ADMINISTRATIVE REGION),ABATAN PUBLIC MARKET,LOWLAND VEGETABLES,Squash - SUPREMA VARIETY,,2026-02-11T13:58:45.973116+08:00
2026-02-11,140000000,CAR (CORDILLERA ADMINISTRATIVE REGION),ABATAN PUBLIC MARKET (MT. PROVINCE),LOWLAND VEGETABLES,Squash - SUPREMA VARIETY,,2026-02-11T13:58:45.973116+08:00
2026-02-11,140000000,CAR (CORDILLERA ADMINISTRATIVE REGION),"ACOP, CAPONGA MARKET",LOWLAND VEGETABLES,Squash - SUPREMA VARIETY,,2026-02-11T13:58:45.973116+08:00
2026-02-11,140000000,CAR (CORDILLERA ADMINISTRATIVE REGION),ATOK PUBLIC MARKET,LOWLAND VEGETABLES,Squash - SUPREMA VARIETY,,2026-02-11T13:58:45.973116+08:00
2026-02-11,140000000,CAR (CORDILLERA ADMINISTRATIVE REGION),BONTOC PUBLIC MARKET,LOWLAND VEGETABLES,Squash - SUPREMA VARIETY,,2026-02-11T13:58:45.973116+08:00
2026-02-11,140000000,CAR (CORDILLERA ADMINISTRATIVE REGION),BULANAO PUBLIC MARKET,LOWLAND VEGETABLES,Squash - SUPREMA VARIETY,,2026-02-11T13:58:45.973116+08:00
2026-02-11,140000000,CAR (CORDILLERA ADMINISTRATIVE REGION),DAGUPAN TABUK CITY PUBLIC MARKET,LOWLAND VEGETABLES,Squash - SUPREMA VARIETY,,2026-02-11T13:58:45.973116+08:00
2026-02-11,140000000,CAR (CORDILLERA ADMINISTRATIVE REGION),FLORA PUBLIC MARKET,LOWLAND VEGETABLES,Squash - SUPREMA VARIETY,,2026-02-11T13:58:45.973116+08:00
2026-02-11,140000000,CAR (CORDILLERA ADMINISTRATIVE REGION),KAYANG MARKET,LOWLAND VEGETABLES,Squash - SUPREMA VARIETY,,2026-02-11T13:58:45.973116+08:00
2026-02-11,140000000,CAR (CORDILLERA ADMINISTRATIVE REGION),KIANGAN PUBLIC MARKET,LOWLAND VEGETABLES,Squash - SUPREMA VARIETY,,2026-02-11T13:58:45.973116+08:00
2026-02-11,140000000,CAR (CORDILLERA ADMINISTRATIVE REGION),LA TRINIDAD PUBLIC MARKET,LOWLAND VEGETABLES,Squash - SUPREMA VARIETY,,2026-02-11T13:58:45.973116+08:00
2026-02-11,140000000,CAR (CORDILLERA ADMINISTRATIVE REGION),LAGANGILANG PUBLIC MARKET,LOWLAND VEGETABLES,Squash - SUPREMA VARIETY,,2026-02-11T13:58:45.973116+08:00
2026-02-11,140000000,CAR (CORDILLERA ADMINISTRATIVE REGION),LAGAWE PUBLIC MARKET,LOWLAND VEGETABLES,Squash - SUPREMA VARIETY,,2026-02-11T13:58:45.973116+08:00
2026-02-11,140000000,CAR (CORDILLERA ADMINISTRATIVE REGION),LAMUT PUBLIC MARKET,LOWLAND VEGETABLES,Squash - SUPREMA VARIETY,,2026-02-11T13:58:45.973116+08:00
2026-02-11,140000000,CAR (CORDILLERA ADMINISTRATIVE REGION),LUNA PUBLIC MARKET,LOWLAND VEGETABLES,Squash - SUPREMA VARIETY,,2026-02-11T13:58:45.973116+08:00
2026-02-11,140000000,CAR (CORDILLERA ADMINISTRATIVE REGION),MABAAY PUBLIC MARKET,LOWLAND VEGETABLES,Squash - SUPREMA VARIETY,,2026-02-11T13:58:45.973116+08:00
2026-02-11,140000000,CAR (CORDILLERA ADMINISTRATIVE REGION),MANKAYAN PUBLIC MARKET,LOWLAND VEGETABLES,Squash - SUPREMA VARIETY,,2026-02-11T13:58:45.973116+08:00
2026-02-11,140000000,CAR (CORDILLERA ADMINISTRATIVE REGION),PIDIGAN PUBLIC MARKET,LOWLAND VEGETABLES,Squash - SUPREMA VARIETY,,2026-02-11T13:58:45.973116+08:00
2026-02-11,140000000,CAR (CORDILLERA ADMINISTRATIVE REGION),PINUKPUK PUBLIC MARKET,LOWLAND VEGETABLES,Squash - SUPREMA VARIETY,,2026-02-11T13:58:45.973116+08:00
2026-02-11,140000000,CAR (CORDILLERA ADMINISTRATIVE REGION),STA. MARCELA PUBLIC MARKET,LOWLAND VEGETABLES,Squash - SUPREMA VARIETY,,2026-02-11T13:58:45.973116+08:00
2026-02-11,140000000,CAR (CORDILLERA ADMINISTRATIVE REGION),A. LISTA PUBLIC MARKET,LOWLAND VEGETABLES,Tomato - 15-18 PCS/KG,,2026-02-11T13:58:45.973116+08:00
2026-02-11,140000000,CAR (CORDILLERA ADMINISTRATIVE REGION),ABATAN PUBLIC MARKET,LOWLAND VEGETABLES,Tomato - 15-18 PCS/KG,,2026-02-11T13:58:45.973116+08:00
2026-02-11,140000000,CAR (CORDILLERA ADMINISTRATIVE REGION),ABATAN PUBLIC MARKET (MT. PROVINCE),LOWLAND VEGETABLES,Tomato - 15-18 PCS/KG,,2026-02-11T13:58:45.973116+08:00
2026-02-11,140000000,CAR (CORDILLERA ADMINISTRATIVE REGION),"ACOP, CAPONGA MARKET",LOWLAND VEGETABLES,Tomato - 15-18 PCS/KG,,2026-02-11T13:58:45.973116+08:00
2026-02-11,140000000,CAR (CORDILLERA ADMINISTRATIVE REGION),ATOK PUBLIC MARKET,LOWLAND VEGETABLES,Tomato - 15-18 PCS/KG,,2026-02-11T13:58:45.973116+08:00
2026-02-11,140000000,CAR (CORDILLERA ADMINISTRATIVE REGION),BONTOC PUBLIC MARKET,LOWLAND VEGETABLES,Tomato - 15-18 PCS/KG,,2026-02-11T13:58:45.973116+08:00
2026-02-11,140000000,CAR (CORDILLERA ADMINISTRATIVE REGION),BULANAO PUBLIC MARKET,LOWLAND VEGETABLES,Tomato - 15-18 PCS/KG,,2026-02-11T13:58:45.973116+08:00
2026-02-11,140000000,CAR (CORDILLERA ADMINISTRATIVE REGION),DAGUPAN TABUK CITY PUBLIC MARKET,LOWLAND VEGETABLES,Tomato - 15-18 PCS/KG,,2026-02-11T13:58:45.973116+08:00
2026-02-11,140000000,CAR (CORDILLERA ADMINISTRATIVE REGION),FLORA PUBLIC MARKET,LOWLAND VEGETABLES,Tomato - 15-18 PCS/KG,,2026-02-11T13:58:45.973116+08:00
2026-02-11,140000000,CAR (CORDILLERA ADMINISTRATIVE REGION),KAYANG MARKET,LOWLAND VEGETABLES,Tomato - 15-18 PCS/KG,,2026-02-11T13:58:45.973116+08:00
2026-02-11,140000000,CAR (CORDILLERA ADMINISTRATIVE REGION),KIANGAN PUBLIC MARKET,LOWLAND VEGETABLES,Tomato - 15-18 PCS/KG,,2026-02-11T13:58:45.973116+08:00
2026-02-11,140000000,CAR (CORDILLERA ADMINISTRATIVE REGION),LA TRINIDAD PUBLIC MARKET,LOWLAND VEGETABLES,Tomato - 15-18 PCS/KG,,2026-02-11T13:58:45.973116+08:00
2026-02-11,140000000,CAR (CORDILLERA ADMINISTRATIVE REGION),LAGANGILANG PUBLIC MARKET,LOWLAND VEGETABLES,Tomato - 15-18 PCS/KG,,2026-02-11T13:58:45.973116+08:00
2026-02-11,140000000,CAR (CORDILLERA ADMINISTRATIVE REGION),LAGAWE PUBLIC MARKET,LOWLAND VEGETABLES,Tomato - 15-18 PCS/KG,,2026-02-11T13:58:45.973116+08:00
2026-02-11,140000000,CAR (CORDILLERA ADMINISTRATIVE REGION),LAMUT PUBLIC MARKET,LOWLAND VEGETABLES,Tomato - 15-18 PCS/KG,,2026-02-11T13:58:45.973116+08:00
2026-02-11,140000000,CAR (CORDILLERA ADMINISTRATIVE REGION),LUNA PUBLIC MARKET,LOWLAND VEGETABLES,Tomato - 15-18 PCS/KG,,2026-02-11T13:58:45.973116+08:00
2026-02-11,140000000,CAR (CORDILLERA ADMINISTRATIVE REGION),MABAAY PUBLIC MARKET,LOWLAND VEGETABLES,Tomato - 15-18 PCS/KG,,2026-02-11T13:58:45.973116+08:00
2026-02-11,140000000,CAR (CORDILLERA ADMINISTRATIVE REGION),MANKAYAN PUBLIC MARKET,LOWLAND VEGETABLES,Tomato - 15-18 PCS/KG,,2026-02-11T13:58:45.973116+08:00
2026-02-11,140000000,CAR (CORDILLERA ADMINISTRATIVE REGION),PIDIGAN PUBLIC MARKET,LOWLAND VEGETABLES,Tomato - 15-18 PCS/KG,,2026-02-11T13:58:45.973116+08:00
2026-02-11,140000000,CAR (CORDILLERA ADMINISTRATIVE REGION),PINUKPUK PUBLIC MARKET,LOWLAND VEGETABLES,Tomato - 15-18 PCS/KG,,2026-02-11T13:58:45.973116+08:00
2026-02-11,140000000,CAR (CORDILLERA ADMINISTRATIVE REGION),STA. MARCELA PUBLIC MARKET,LOWLAND VEGETABLES,Tomato - 15-18 PCS/KG,,2026-02-11T13:58:45.973116+08:00
2026-02-11,140000000,CAR (CORDILLERA ADMINISTRATIVE REGION),A. LISTA PUBLIC MARKET,MEAT AND POULTRY,Beef Brisket - MEAT WITH BONES,,2026-02-11T13:58:45.973116+08:00
2026-02-11,140000000,CAR (CORDILLERA ADMINISTRATIVE REGION),ABATAN PUBLIC MARKET,MEAT AND POULTRY,Beef Brisket - MEAT WITH BONES,,2026-02-11T13:58:45.973116+08:00
2026-02-11,140000000,CAR (CORDILLERA ADMINISTRATIVE REGION),ABATAN PUBLIC MARKET (MT. PROVINCE),MEAT AND POULTRY,Beef Brisket - MEAT WITH BONES,,2026-02-11T13:58:45.973116+08:00
2026-02-11,140000000,CAR (CORDILLERA ADMINISTRATIVE REGION),"ACOP, CAPONGA MARKET",MEAT AND POULTRY,Beef Brisket - MEAT WITH BONES,,2026-02-11T13:58:45.973116+08:00
2026-02-11,140000000,CAR (CORDILLERA ADMINISTRATIVE REGION),ATOK PUBLIC MARKET,MEAT AND POULTRY,Beef Brisket - MEAT WITH BONES,,2026-02-11T13:58:45.973116+08:00
2026-02-11,140000000,CAR (CORDILLERA ADMINISTRATIVE REGION),BONTOC PUBLIC MARKET,MEAT AND POULTRY,Beef Brisket - MEAT WITH BONES,,2026-02-11T13:58:45.973116+08:00
2026-02-11,140000000,CAR (CORDILLERA ADMINISTRATIVE REGION),BULANAO PUBLIC MARKET,MEAT AND POULTRY,Beef Brisket - MEAT WITH BONES,,2026-02-11T13:58:45.973116+08:00
2026-02-11,140000000,CAR (CORDILLERA ADMINISTRATIVE REGION),DAGUPAN TABUK CITY PUBLIC MARKET,MEAT AND POULTRY,Beef Brisket - MEAT WITH BONES,,2026-02-11T13:58:45.973116+08:00
2026-02-11,140000000,CAR (CORDILLERA ADMINISTRATIVE REGION),FLORA PUBLIC MARKET,MEAT AND POULTRY,Beef Brisket - MEAT WITH BONES,,2026-02-11T13:58:45.973116+08:00
2026-02-11,140000000,CAR (CORDILLERA ADMINISTRATIVE REGION),KAYANG MARKET,MEAT AND POULTRY,Beef Brisket - MEAT WITH BONES,,2026-02-11T13:58:45.973116+08:00
2026-02-11,140000000,CAR (CORDILLERA ADMINISTRATIVE REGION),KIANGAN PUBLIC MARKET,MEAT AND POULTRY,Beef Brisket - MEAT WITH BONES,,2026-02-11T13:58:45.973116+08:00
2026-02-11,140000000,CAR (CORDILLERA ADMINISTRATIVE REGION),LA TRINIDAD PUBLIC MARKET,MEAT AND POULTRY,Beef Brisket - MEAT WITH BONES,,2026-02-11T13:58:45.973116+08:00
2026-02-11,140000000,CAR (CORDILLERA ADMINISTRATIVE REGION),LAGANGILANG PUBLIC MARKET,MEAT AND POULTRY,Beef Brisket - MEAT WITH BONES,,2026-02-11T13:58:45.973116+08:00
2026-02-11,140000000,CAR (CORDILLERA ADMINISTRATIVE REGION),LAGAWE PUBLIC MARKET,MEAT AND POULTRY,Beef Brisket - MEAT WITH BONES,,2026-02-11T13:58:45.973116+08:00
2026-02-11,140000000,CAR (CORDILLERA ADMINISTRATIVE REGION),LAMUT PUBLIC MARKET,MEAT AND POULTRY,Beef Brisket - MEAT WITH BONES,,2026-02-11T13:58:45.973116+08:00
2026-02-11,140000000,CAR (CORDILLERA ADMINISTRATIVE REGION),LUNA PUBLIC MARKET,MEAT AND POULTRY,Beef Brisket - MEAT WITH BONES,,2026-02-11T13:58:45.973116+08:00
2026-02-11,140000000,CAR (CORDILLERA ADMINISTRATIVE REGION),MABAAY PUBLIC MARKET,MEAT AND POULTRY,Beef Brisket - MEAT WITH BONES,,2026-02-11T13:58:45.973116+08:00
2026-02-11,140000000,CAR (CORDILLERA ADMINISTRATIVE REGION),MANKAYAN PUBLIC MARKET,MEAT AND POULTRY,Beef Brisket - MEAT WITH BONES,,2026-02-11T13:58:45.973116+08:00
2026-02-11,140000000,CAR (CORDILLERA ADMINISTRATIVE REGION),PIDIGAN PUBLIC MARKET,MEAT AND POULTRY,Beef Brisket - MEAT WITH BONES,,2026-02-11T13:58:45.973116+08:00
2026-02-11,140000000,CAR (CORDILLERA ADMINISTRATIVE REGION),PINUKPUK PUBLIC MARKET,MEAT AND POULTRY,Beef Brisket - MEAT WITH BONES,,2026-02-11T13:58:45.973116+08:00
2026-02-11,140000000,CAR (CORDILLERA ADMINISTRATIVE REGION),STA. MARCELA PUBLIC MARKET,MEAT AND POULTRY,Beef Brisket - MEAT WITH BONES,,2026-02-11T13:58:45.973116+08:00
2026-02-11,140000000,CAR (CORDILLERA ADMINISTRATIVE REGION),A. LISTA PUBLIC MARKET,MEAT AND POULTRY,Beef Rump - LEAN MEAT / TAPADERA,,2026-02-11T13:58:45.973116+08:00
2026-02-11,140000000,CAR (CORDILLERA ADMINISTRATIVE REGION),ABATAN PUBLIC MARKET,MEAT AND POULTRY,Beef Rump - LEAN MEAT / TAPADERA,,2026-02-11T13:58:45.973116+08:00
2026-02-11,140000000,CAR (CORDILLERA ADMINISTRATIVE REGION),ABATAN PUBLIC MARKET (MT. PROVINCE),MEAT AND POULTRY,Beef Rump - LEAN MEAT / TAPADERA,,2026-02-11T13:58:45.973116+08:00
2026-02-11,140000000,CAR (CORDILLERA ADMINISTRATIVE REGION),"ACOP, CAPONGA MARKET",MEAT AND POULTRY,Beef Rump - LEAN MEAT / TAPADERA,,2026-02-11T13:58:45.973116+08:00
2026-02-11,140000000,CAR (CORDILLERA ADMINISTRATIVE REGION),ATOK PUBLIC MARKET,MEAT AND POULTRY,Beef Rump - LEAN MEAT / TAPADERA,,2026-02-11T13:58:45.973116+08:00
2026-02-11,140000000,CAR (CORDILLERA ADMINISTRATIVE REGION),BONTOC PUBLIC MARKET,MEAT AND POULTRY,Beef Rump - LEAN MEAT / TAPADERA,,2026-02-11T13:58:45.973116+08:00
2026-02-11,140000000,CAR (CORDILLERA ADMINISTRATIVE REGION),BULANAO PUBLIC MARKET,MEAT AND POULTRY,Beef Rump - LEAN MEAT / TAPADERA,,2026-02-11T13:58:45.973116+08:00
2026-02-11,140000000,CAR (CORDILLERA ADMINISTRATIVE REGION),DAGUPAN TABUK CITY PUBLIC MARKET,MEAT AND POULTRY,Beef Rump - LEAN MEAT / TAPADERA,,2026-02-11T13:58:45.973116+08:00
2026-02-11,140000000,CAR (CORDILLERA ADMINISTRATIVE REGION),FLORA PUBLIC MARKET,MEAT AND POULTRY,Beef Rump - LEAN MEAT / TAPADERA,,2026-02-11T13:58:45.973116+08:00
2026-02-11,140000000,CAR (CORDILLERA ADMINISTRATIVE REGION),KAYANG MARKET,MEAT AND POULTRY,Beef Rump - LEAN MEAT / TAPADERA,,2026-02-11T13:58:45.973116+08:00
2026-02-11,140000000,CAR (CORDILLERA ADMINISTRATIVE REGION),KIANGAN PUBLIC MARKET,MEAT AND POULTRY,Beef Rump - LEAN MEAT / TAPADERA,,2026-02-11T13:58:45.973116+08:00
2026-02-11,140000000,CAR (CORDILLERA ADMINISTRATIVE REGION),LA TRINIDAD PUBLIC MARKET,MEAT AND POULTRY,Beef Rump - LEAN MEAT / TAPADERA,,2026-02-11T13:58:45.973116+08:00
2026-02-11,140000000,CAR (CORDILLERA ADMINISTRATIVE REGION),LAGANGILANG PUBLIC MARKET,MEAT AND POULTRY,Beef Rump - LEAN MEAT / TAPADERA,,2026-02-11T13:58:45.973116+08:00
2026-02-11,140000000,CAR (CORDILLERA ADMINISTRATIVE REGION),LAGAWE PUBLIC MARKET,MEAT AND POULTRY,Beef Rump - LEAN MEAT / TAPADERA,,2026-02-11T13:58:45.973116+08:00
2026-02-11,140000000,CAR (CORDILLERA ADMINISTRATIVE REGION),LAMUT PUBLIC MARKET,MEAT AND POULTRY,Beef Rump - LEAN MEAT / TAPADERA,,2026-02-11T13:58:45.973116+08:00
2026-02-11,140000000,CAR (CORDILLERA ADMINISTRATIVE REGION),LUNA PUBLIC MARKET,MEAT AND POULTRY,Beef Rump - LEAN MEAT / TAPADERA,,2026-02-11T13:58:45.973116+08:00
2026-02-11,140000000,CAR (CORDILLERA ADMINISTRATIVE REGION),MABAAY PUBLIC MARKET,MEAT AND POULTRY,Beef Rump - LEAN MEAT / TAPADERA,,2026-02-11T13:58:45.973116+08:00
2026-02-11,140000000,CAR (CORDILLERA ADMINISTRATIVE REGION),MANKAYAN PUBLIC MARKET,MEAT AND POULTRY,Beef Rump - LEAN MEAT / TAPADERA,,2026-02-11T13:58:45.973116+08:00
2026-02-11,140000000,CAR (CORDILLERA ADMINISTRATIVE REGION),PIDIGAN PUBLIC MARKET,MEAT AND POULTRY,Beef Rump - LEAN MEAT / TAPADERA,,2026-02-11T13:58:45.973116+08:00
2026-02-11,140000000,CAR (CORDILLERA ADMINISTRATIVE REGION),PINUKPUK PUBLIC MARKET,MEAT AND POULTRY,Beef Rump - LEAN MEAT / TAPADERA,,2026-02-11T13:58:45.973116+08:00
2026-02-11,140000000,CAR (CORDILLERA ADMINISTRATIVE REGION),STA. MARCELA PUBLIC MARKET,MEAT AND POULTRY,Beef Rump - LEAN MEAT / TAPADERA,,2026-02-11T13:58:45.973116+08:00
2026-02-11,140000000,CAR (CORDILLERA ADMINISTRATIVE REGION),A. LISTA PUBLIC MARKET,MEAT AND POULTRY,"Chicken Egg (Brown, Extra Large) - Extra Large",,2026-02-11T13:58:45.973116+08:00
2026-02-11,140000000,CAR (CORDILLERA ADMINISTRATIVE REGION),ABATAN PUBLIC MARKET,MEAT AND POULTRY,"Chicken Egg (Brown, Extra Large) - Extra Large",,2026-02-11T13:58:45.973116+08:00
2026-02-11,140000000,CAR (CORDILLERA ADMINISTRATIVE REGION),ABATAN PUBLIC MARKET (MT. PROVINCE),MEAT AND POULTRY,"Chicken Egg (Brown, Extra Large) - Extra Large",,2026-02-11T13:58:45.973116+08:00
2026-02-11,140000000,CAR (CORDILLERA ADMINISTRATIVE REGION),"ACOP, CAPONGA MARKET",MEAT AND POULTRY,"Chicken Egg (Brown, Extra Large) - Extra Large",,2026-02-11T13:58:45.973116+08:00
2026-02-11,140000000,CAR (CORDILLERA ADMINISTRATIVE REGION),ATOK PUBLIC MARKET,MEAT AND POULTRY,"Chicken Egg (Brown, Extra Large) - Extra Large",,2026-02-11T13:58:45.973116+08:00
2026-02-11,140000000,CAR (CORDILLERA ADMINISTRATIVE REGION),BAGUIO CITY PUBLIC MARKET,MEAT AND POULTRY,"Chicken Egg (Brown, Extra Large) - Extra Large",,2026-02-11T13:58:45.973116+08:00
2026-02-11,140000000,CAR (CORDILLERA ADMINISTRATIVE REGION),BANGUED PUBLIC MARKET,MEAT AND POULTRY,"Chicken Egg (Brown, Extra Large) - Extra Large",,2026-02-11T13:58:45.973116+08:00
2026-02-11,140000000,CAR (CORDILLERA ADMINISTRATIVE REGION),BONTOC PUBLIC MARKET,MEAT AND POULTRY,"Chicken Egg (Brown, Extra Large) - Extra Large",,2026-02-11T13:58:45.973116+08:00
2026-02-11,140000000,CAR (CORDILLERA ADMINISTRATIVE REGION),BULANAO PUBLIC MARKET,MEAT AND POULTRY,"Chicken Egg (Brown, Extra Large) - Extra Large",,2026-02-11T13:58:45.973116+08:00
2026-02-11,140000000,CAR (CORDILLERA ADMINISTRATIVE REGION),DAGUPAN TABUK CITY PUBLIC MARKET,MEAT AND POULTRY,"Chicken Egg (Brown, Extra Large) - Extra Large",,2026-02-11T13:58:45.973116+08:00
2026-02-11,140000000,CAR (CORDILLERA ADMINISTRATIVE REGION),FLORA PUBLIC MARKET,MEAT AND POULTRY,"Chicken Egg (Brown, Extra Large) - Extra Large",,2026-02-11T13:58:45.973116+08:00
2026-02-11,140000000,CAR (CORDILLERA ADMINISTRATIVE REGION),KAYANG MARKET,MEAT AND POULTRY,"Chicken Egg (Brown, Extra Large) - Extra Large",,2026-02-11T13:58:45.973116+08:00
2026-02-11,140000000,CAR (CORDILLERA ADMINISTRATIVE REGION),KIANGAN PUBLIC MARKET,MEAT AND POULTRY,"Chicken Egg (Brown, Extra Large) - Extra Large",,2026-02-11T13:58:45.973116+08:00
2026-02-11,140000000,CAR (CORDILLERA ADMINISTRATIVE REGION),LA TRINIDAD PUBLIC MARKET,MEAT AND POULTRY,"Chicken Egg (Brown, Extra Large) - Extra Large",,2026-02-11T13:58:45.973116+08:00
2026-02-11,140000000,CAR (CORDILLERA ADMINISTRATIVE REGION),LAGANGILANG PUBLIC MARKET,MEAT AND POULTRY,"Chicken Egg (Brown, Extra Large) - Extra Large",,2026-02-11T13:58:45.973116+08:00
2026-02-11,140000000,CAR (CORDILLERA ADMINISTRATIVE REGION),LAGAWE PUBLIC MARKET,MEAT AND POULTRY,"Chicken Egg (Brown, Extra Large) - Extra Large",,2026-02-11T13:58:45.973116+08:00
2026-02-11,140000000,CAR (CORDILLERA ADMINISTRATIVE REGION),LAMUT PUBLIC MARKET,MEAT AND POULTRY,"Chicken Egg (Brown, Extra Large) - Extra Large",,2026-02-11T13:58:45.973116+08:00
2026-02-11,140000000,CAR (CORDILLERA ADMINISTRATIVE REGION),LUNA PUBLIC MARKET,MEAT AND POULTRY,"Chicken Egg (Brown, Extra Large) - Extra Large",,2026-02-11T13:58:45.973116+08:00
2026-02-11,140000000,CAR (CORDILLERA ADMINISTRATIVE REGION),MABAAY PUBLIC MARKET,MEAT AND POULTRY,"Chicken Egg (Brown, Extra Large) - Extra Large",,2026-02-11T13:58:45.973116+08:00
2026-02-11,140000000,CAR (CORDILLERA ADMINISTRATIVE REGION),MANKAYAN PUBLIC MARKET,MEAT AND POULTRY,"Chicken Egg (Brown, Extra Large) - Extra Large",,2026-02-11T13:58:45.973116+08:00
2026-02-11,140000000,CAR (CORDILLERA ADMINISTRATIVE REGION),PIDIGAN PUBLIC MARKET,MEAT AND POULTRY,"Chicken Egg (Brown, Extra Large) - Extra Large",,2026-02-11T13:58:45.973116+08:00
2026-02-11,140000000,CAR (CORDILLERA ADMINISTRATIVE REGION),PINUKPUK PUBLIC MARKET,MEAT AND POULTRY,"Chicken Egg (Brown, Extra Large) - Extra Large",,2026-02-11T13:58:45.973116+08:00
2026-02-11,140000000,CAR (CORDILLERA ADMINISTRATIVE REGION),STA. MARCELA PUBLIC MARKET,MEAT AND POULTRY,"Chicken Egg (Brown, Extra Large) - Extra Large",,2026-02-11T13:58:45.973116+08:00
2026-02-11,140000000,CAR (CORDILLERA ADMINISTRATIVE REGION),A. LISTA PUBLIC MARKET,MEAT AND POULTRY,"Chicken Egg (Brown, Large) - Large",,2026-02-11T13:58:45.973116+08:00
2026-02-11,140000000,CAR (CORDILLERA ADMINISTRATIVE REGION),ABATAN PUBLIC MARKET,MEAT AND POULTRY,"Chicken Egg (Brown, Large) - Large",,2026-02-11T13:58:45.973116+08:00
2026-02-11,140000000,CAR (CORDILLERA ADMINISTRATIVE REGION),ABATAN PUBLIC MARKET (MT. PROVINCE),MEAT AND POULTRY,"Chicken Egg (Brown, Large) - Large",,2026-02-11T13:58:45.973116+08:00
2026-02-11,140000000,CAR (CORDILLERA ADMINISTRATIVE REGION),"ACOP, CAPONGA MARKET",MEAT AND POULTRY,"Chicken Egg (Brown, Large) - Large",,2026-02-11T13:58:45.973116+08:00
2026-02-11,140000000,CAR (CORDILLERA ADMINISTRATIVE REGION),ATOK PUBLIC MARKET,MEAT AND POULTRY,"Chicken Egg (Brown, Large) - Large",,2026-02-11T13:58:45.973116+08:00
2026-02-11,140000000,CAR (CORDILLERA ADMINISTRATIVE REGION),BAGUIO CITY PUBLIC MARKET,MEAT AND POULTRY,"Chicken Egg (Brown, Large) - Large",,2026-02-11T13:58:45.973116+08:00
2026-02-11,140000000,CAR (CORDILLERA ADMINISTRATIVE REGION),BANGUED PUBLIC MARKET,MEAT AND POULTRY,"Chicken Egg (Brown, Large) - Large",,2026-02-11T13:58:45.973116+08:00
2026-02-11,140000000,CAR (CORDILLERA ADMINISTRATIVE REGION),BONTOC PUBLIC MARKET,MEAT AND POULTRY,"Chicken Egg (Brown, Large) - Large",,2026-02-11T13:58:45.973116+08:00
2026-02-11,140000000,CAR (CORDILLERA ADMINISTRATIVE REGION),BULANAO PUBLIC MARKET,MEAT AND POULTRY,"Chicken Egg (Brown, Large) - Large",,2026-02-11T13:58:45.973116+08:00
2026-02-11,140000000,CAR (CORDILLERA ADMINISTRATIVE REGION),DAGUPAN TABUK CITY PUBLIC MARKET,MEAT AND POULTRY,"Chicken Egg (Brown, Large) - Large",,2026-02-11T13:58:45.973116+08:00
2026-02-11,140000000,CAR (CORDILLERA ADMINISTRATIVE REGION),FLORA PUBLIC MARKET,MEAT AND POULTRY,"Chicken Egg (Brown, Large) - Large",,2026-02-11T13:58:45.973116+08:00
2026-02-11,140000000,CAR (CORDILLERA ADMINISTRATIVE REGION),KAYANG MARKET,MEAT AND POULTRY,"Chicken Egg (Brown, Large) - Large",,2026-02-11T13:58:45.973116+08:00
2026-02-11,140000000,CAR (CORDILLERA ADMINISTRATIVE REGION),KIANGAN PUBLIC MARKET,MEAT AND POULTRY,"Chicken Egg (Brown, Large) - Large",,2026-02-11T13:58:45.973116+08:00
2026-02-11,140000000,CAR (CORDILLERA ADMINISTRATIVE REGION),LA TRINIDAD PUBLIC MARKET,MEAT AND POULTRY,"Chicken Egg (Brown, Large) - Large",,2026-02-11T13:58:45.973116+08:00
2026-02-11,140000000,CAR (CORDILLERA ADMINISTRATIVE REGION),LAGANGILANG PUBLIC MARKET,MEAT AND POULTRY,"Chicken Egg (Brown, Large) - Large",,2026-02-11T13:58:45.973116+08:00
2026-02-11,140000000,CAR (CORDILLERA ADMINISTRATIVE REGION),LAGAWE PUBLIC MARKET,MEAT AND POULTRY,"Chicken Egg (Brown, Large) - Large",,2026-02-11T13:58:45.973116+08:00
2026-02-11,140000000,CAR (CORDILLERA ADMINISTRATIVE REGION),LAMUT PUBLIC MARKET,MEAT AND POULTRY,"Chicken Egg (Brown, Large) - Large",,2026-02-11T13:58:45.973116+08:00
2026-02-11,140000000,CAR (CORDILLERA ADMINISTRATIVE REGION),LUNA PUBLIC MARKET,MEAT AND POULTRY,"Chicken Egg (Brown, Large) - Large",,2026-02-11T13:58:45.973116+08:00
2026-02-11,140000000,CAR (CORDILLERA ADMINISTRATIVE REGION),MABAAY PUBLIC MARKET,MEAT AND POULTRY,"Chicken Egg (Brown, Large) - Large",,2026-02-11T13:58:45.973116+08:00
2026-02-11,140000000,CAR (CORDILLERA ADMINISTRATIVE REGION),MANKAYAN PUBLIC MARKET,MEAT AND POULTRY,"Chicken Egg (Brown, Large) - Large",,2026-02-11T13:58:45.973116+08:00
2026-02-11,140000000,CAR (CORDILLERA ADMINISTRATIVE REGION),PIDIGAN PUBLIC MARKET,MEAT AND POULTRY,"Chicken Egg (Brown, Large) - Large",,2026-02-11T13:58:45.973116+08:00
2026-02-11,140000000,CAR (CORDILLERA ADMINISTRATIVE REGION),PINUKPUK PUBLIC MARKET,MEAT AND POULTRY,"Chicken Egg (Brown, Large) - Large",,2026-02-11T13:58:45.973116+08:00
2026-02-11,140000000,CAR (CORDILLERA ADMINISTRATIVE REGION),STA. MARCELA PUBLIC MARKET,MEAT AND POULTRY,"Chicken Egg (Brown, Large) - Large",,2026-02-11T13:58:45.973116+08:00
2026-02-11,140000000,CAR (CORDILLERA ADMINISTRATIVE REGION),A. LISTA PUBLIC MARKET,MEAT AND POULTRY,"Chicken Egg (Brown, Medium) - Medium",,2026-02-11T13:58:45.973116+08:00
2026-02-11,140000000,CAR (CORDILLERA ADMINISTRATIVE REGION),ABATAN PUBLIC MARKET,MEAT AND POULTRY,"Chicken Egg (Brown, Medium) - Medium",,2026-02-11T13:58:45.973116+08:00
2026-02-11,140000000,CAR (CORDILLERA ADMINISTRATIVE REGION),ABATAN PUBLIC MARKET (MT. PROVINCE),MEAT AND POULTRY,"Chicken Egg (Brown, Medium) - Medium",,2026-02-11T13:58:45.973116+08:00
2026-02-11,140000000,CAR (CORDILLERA ADMINISTRATIVE REGION),"ACOP, CAPONGA MARKET",MEAT AND POULTRY,"Chicken Egg (Brown, Medium) - Medium",,2026-02-11T13:58:45.973116+08:00
2026-02-11,140000000,CAR (CORDILLERA ADMINISTRATIVE REGION),ATOK PUBLIC MARKET,MEAT AND POULTRY,"Chicken Egg (Brown, Medium) - Medium",,2026-02-11T13:58:45.973116+08:00
2026-02-11,140000000,CAR (CORDILLERA ADMINISTRATIVE REGION),BAGUIO CITY PUBLIC MARKET,MEAT AND POULTRY,"Chicken Egg (Brown, Medium) - Medium",,2026-02-11T13:58:45.973116+08:00
2026-02-11,140000000,CAR (CORDILLERA ADMINISTRATIVE REGION),BANGUED PUBLIC MARKET,MEAT AND POULTRY,"Chicken Egg (Brown, Medium) - Medium",,2026-02-11T13:58:45.973116+08:00
2026-02-11,140000000,CAR (CORDILLERA ADMINISTRATIVE REGION),BONTOC PUBLIC MARKET,MEAT AND POULTRY,"Chicken Egg (Brown, Medium) - Medium",,2026-02-11T13:58:45.973116+08:00
2026-02-11,140000000,CAR (CORDILLERA ADMINISTRATIVE REGION),BULANAO PUBLIC MARKET,MEAT AND POULTRY,"Chicken Egg (Brown, Medium) - Medium",,2026-02-11T13:58:45.973116+08:00
2026-02-11,140000000,CAR (CORDILLERA ADMINISTRATIVE REGION),DAGUPAN TABUK CITY PUBLIC MARKET,MEAT AND POULTRY,"Chicken Egg (Brown, Medium) - Medium",,2026-02-11T13:58:45.973116+08:00
2026-02-11,140000000,CAR (CORDILLERA ADMINISTRATIVE REGION),FLORA PUBLIC MARKET,MEAT AND POULTRY,"Chicken Egg (Brown, Medium) - Medium",,2026-02-11T13:58:45.973116+08:00
2026-02-11,140000000,CAR (CORDILLERA ADMINISTRATIVE REGION),KAYANG MARKET,MEAT AND POULTRY,"Chicken Egg (Brown, Medium) - Medium",,2026-02-11T13:58:45.973116+08:00
2026-02-11,140000000,CAR (CORDILLERA ADMINISTRATIVE REGION),KIANGAN PUBLIC MARKET,MEAT AND POULTRY,"Chicken Egg (Brown, Medium) - Medium",,2026-02-11T13:58:45.973116+08:00
2026-02-11,140000000,CAR (CORDILLERA ADMINISTRATIVE REGION),LA TRINIDAD PUBLIC MARKET,MEAT AND POULTRY,"Chicken Egg (Brown, Medium) - Medium",,2026-02-11T13:58:45.973116+08:00
2026-02-11,140000000,CAR (CORDILLERA ADMINISTRATIVE REGION),LAGANGILANG PUBLIC MARKET,MEAT AND POULTRY,"Chicken Egg (Brown, Medium) - Medium",,2026-02-11T13:58:45.973116+08:00
2026-02-11,140000000,CAR (CORDILLERA ADMINISTRATIVE REGION),LAGAWE PUBLIC MARKET,MEAT AND POULTRY,"Chicken Egg (Brown, Medium) - Medium",,2026-02-11T13:58:45.973116+08:00
2026-02-11,140000000,CAR (CORDILLERA ADMINISTRATIVE REGION),LAMUT PUBLIC MARKET,MEAT AND POULTRY,"Chicken Egg (Brown, Medium) - Medium",,2026-02-11T13:58:45.973116+08:00
2026-02-11,140000000,CAR (CORDILLERA ADMINISTRATIVE REGION),LUNA PUBLIC MARKET,MEAT AND POULTRY,"Chicken Egg (Brown, Medium) - Medium",,2026-02-11T13:58:45.973116+08:00
2026-02-11,140000000,CAR (CORDILLERA ADMINISTRATIVE REGION),MABAAY PUBLIC MARKET,MEAT AND POULTRY,"Chicken Egg (Brown, Medium) - Medium",,2026-02-11T13:58:45.973116+08:00
2026-02-11,140000000,CAR (CORDILLERA ADMINISTRATIVE REGION),MANKAYAN PUBLIC MARKET,MEAT AND POULTRY,"Chicken Egg (Brown, Medium) - Medium",,2026-02-11T13:58:45.973116+08:00
2026-02-11,140000000,CAR (CORDILLERA ADMINISTRATIVE REGION),PIDIGAN PUBLIC MARKET,MEAT AND POULTRY,"Chicken Egg (Brown, Medium) - Medium",,2026-02-11T13:58:45.973116+08:00
2026-02-11,140000000,CAR (CORDILLERA ADMINISTRATIVE REGION),PINUKPUK PUBLIC MARKET,MEAT AND POULTRY,"Chicken Egg (Brown, Medium) - Medium",,2026-02-11T13:58:45.973116+08:00
2026-02-11,140000000,CAR (CORDILLERA ADMINISTRATIVE REGION),STA. MARCELA PUBLIC MARKET,MEAT AND POULTRY,"Chicken Egg (Brown, Medium) - Medium",,2026-02-11T13:58:45.973116+08:00
2026-02-11,140000000,CAR (CORDILLERA ADMINISTRATIVE REGION),A. LISTA PUBLIC MARKET,MEAT AND POULTRY,"Chicken Egg (White, Extra Large) - 66-70 grams/pc",,2026-02-11T13:58:45.973116+08:00
2026-02-11,140000000,CAR (CORDILLERA ADMINISTRATIVE REGION),ABATAN PUBLIC MARKET,MEAT AND POULTRY,"Chicken Egg (White, Extra Large) - 66-70 grams/pc",,2026-02-11T13:58:45.973116+08:00
2026-02-11,140000000,CAR (CORDILLERA ADMINISTRATIVE REGION),ABATAN PUBLIC MARKET (MT. PROVINCE),MEAT AND POULTRY,"Chicken Egg (White, Extra Large) - 66-70 grams/pc",,2026-02-11T13:58:45.973116+08:00
2026-02-11,140000000,CAR (CORDILLERA ADMINISTRATIVE REGION),"ACOP, CAPONGA MARKET",MEAT AND POULTRY,"Chicken Egg (White, Extra Large) - 66-70 grams/pc",,2026-02-11T13:58:45.973116+08:00
2026-02-11,140000000,CAR (CORDILLERA ADMINISTRATIVE REGION),ATOK PUBLIC MARKET,MEAT AND POULTRY,"Chicken Egg (White, Extra Large) - 66-70 grams/pc",,2026-02-11T13:58:45.973116+08:00
2026-02-11,140000000,CAR (CORDILLERA ADMINISTRATIVE REGION),BONTOC PUBLIC MARKET,MEAT AND POULTRY,"Chicken Egg (White, Extra Large) - 66-70 grams/pc",,2026-02-11T13:58:45.973116+08:00
2026-02-11,140000000,CAR (CORDILLERA ADMINISTRATIVE REGION),BULANAO PUBLIC MARKET,MEAT AND POULTRY,"Chicken Egg (White, Extra Large) - 66-70 grams/pc",,2026-02-11T13:58:45.973116+08:00
2026-02-11,140000000,CAR (CORDILLERA ADMINISTRATIVE REGION),DAGUPAN TABUK CITY PUBLIC MARKET,MEAT AND POULTRY,"Chicken Egg (White, Extra Large) - 66-70 grams/pc",,2026-02-11T13:58:45.973116+08:00
2026-02-11,140000000,CAR (CORDILLERA ADMINISTRATIVE REGION),FLORA PUBLIC MARKET,MEAT AND POULTRY,"Chicken Egg (White, Extra Large) - 66-70 grams/pc",,2026-02-11T13:58:45.973116+08:00
2026-02-11,140000000,CAR (CORDILLERA ADMINISTRATIVE REGION),KAYANG MARKET,MEAT AND POULTRY,"Chicken Egg (White, Extra Large) - 66-70 grams/pc",,2026-02-11T13:58:45.973116+08:00
2026-02-11,140000000,CAR (CORDILLERA ADMINISTRATIVE REGION),KIANGAN PUBLIC MARKET,MEAT AND POULTRY,"Chicken Egg (White, Extra Large) - 66-70 grams/pc",,2026-02-11T13:58:45.973116+08:00
2026-02-11,140000000,CAR (CORDILLERA ADMINISTRATIVE REGION),LA TRINIDAD PUBLIC MARKET,MEAT AND POULTRY,"Chicken Egg (White, Extra Large) - 66-70 grams/pc",,2026-02-11T13:58:45.973116+08:00
2026-02-11,140000000,CAR (CORDILLERA ADMINISTRATIVE REGION),LAGANGILANG PUBLIC MARKET,MEAT AND POULTRY,"Chicken Egg (White, Extra Large) - 66-70 grams/pc",,2026-02-11T13:58:45.973116+08:00
2026-02-11,140000000,CAR (CORDILLERA ADMINISTRATIVE REGION),LAGAWE PUBLIC MARKET,MEAT AND POULTRY,"Chicken Egg (White, Extra Large) - 66-70 grams/pc",,2026-02-11T13:58:45.973116+08:00
2026-02-11,140000000,CAR (CORDILLERA ADMINISTRATIVE REGION),LAMUT PUBLIC MARKET,MEAT AND POULTRY,"Chicken Egg (White, Extra Large) - 66-70 grams/pc",,2026-02-11T13:58:45.973116+08:00
2026-02-11,140000000,CAR (CORDILLERA ADMINISTRATIVE REGION),LUNA PUBLIC MARKET,MEAT AND POULTRY,"Chicken Egg (White, Extra Large) - 66-70 grams/pc",,2026-02-11T13:58:45.973116+08:00
2026-02-11,140000000,CAR (CORDILLERA ADMINISTRATIVE REGION),MABAAY PUBLIC MARKET,MEAT AND POULTRY,"Chicken Egg (White, Extra Large) - 66-70 grams/pc",,2026-02-11T13:58:45.973116+08:00
2026-02-11,140000000,CAR (CORDILLERA ADMINISTRATIVE REGION),MANKAYAN PUBLIC MARKET,MEAT AND POULTRY,"Chicken Egg (White, Extra Large) - 66-70 grams/pc",,2026-02-11T13:58:45.973116+08:00
2026-02-11,140000000,CAR (CORDILLERA ADMINISTRATIVE REGION),PIDIGAN PUBLIC MARKET,MEAT AND POULTRY,"Chicken Egg (White, Extra Large) - 66-70 grams/pc",,2026-02-11T13:58:45.973116+08:00
2026-02-11,140000000,CAR (CORDILLERA ADMINISTRATIVE REGION),PINUKPUK PUBLIC MARKET,MEAT AND POULTRY,"Chicken Egg (White, Extra Large) - 66-70 grams/pc",,2026-02-11T13:58:45.973116+08:00
2026-02-11,140000000,CAR (CORDILLERA ADMINISTRATIVE REGION),STA. MARCELA PUBLIC MARKET,MEAT AND POULTRY,"Chicken Egg (White, Extra Large) - 66-70 grams/pc",,2026-02-11T13:58:45.973116+08:00
2026-02-11,140000000,CAR (CORDILLERA ADMINISTRATIVE REGION),A. LISTA PUBLIC MARKET,MEAT AND POULTRY,"Chicken Egg (White, Extra Small) - 46-50 grams/pc",,2026-02-11T13:58:45.973116+08:00
2026-02-11,140000000,CAR (CORDILLERA ADMINISTRATIVE REGION),ABATAN PUBLIC MARKET,MEAT AND POULTRY,"Chicken Egg (White, Extra Small) - 46-50 grams/pc",,2026-02-11T13:58:45.973116+08:00
2026-02-11,140000000,CAR (CORDILLERA ADMINISTRATIVE REGION),ABATAN PUBLIC MARKET (MT. PROVINCE),MEAT AND POULTRY,"Chicken Egg (White, Extra Small) - 46-50 grams/pc",,2026-02-11T13:58:45.973116+08:00
2026-02-11,140000000,CAR (CORDILLERA ADMINISTRATIVE REGION),"ACOP, CAPONGA MARKET",MEAT AND POULTRY,"Chicken Egg (White, Extra Small) - 46-50 grams/pc",,2026-02-11T13:58:45.973116+08:00
2026-02-11,140000000,CAR (CORDILLERA ADMINISTRATIVE REGION),ATOK PUBLIC MARKET,MEAT AND POULTRY,"Chicken Egg (White, Extra Small) - 46-50 grams/pc",,2026-02-11T13:58:45.973116+08:00
2026-02-11,140000000,CAR (CORDILLERA ADMINISTRATIVE REGION),BAGUIO CITY PUBLIC MARKET,MEAT AND POULTRY,"Chicken Egg (White, Extra Small) - 46-50 grams/pc",,2026-02-11T13:58:45.973116+08:00
2026-02-11,140000000,CAR (CORDILLERA ADMINISTRATIVE REGION),BANGUED PUBLIC MARKET,MEAT AND POULTRY,"Chicken Egg (White, Extra Small) - 46-50 grams/pc",,2026-02-11T13:58:45.973116+08:00
2026-02-11,140000000,CAR (CORDILLERA ADMINISTRATIVE REGION),BONTOC PUBLIC MARKET,MEAT AND POULTRY,"Chicken Egg (White, Extra Small) - 46-50 grams/pc",,2026-02-11T13:58:45.973116+08:00
2026-02-11,140000000,CAR (CORDILLERA ADMINISTRATIVE REGION),BULANAO PUBLIC MARKET,MEAT AND POULTRY,"Chicken Egg (White, Extra Small) - 46-50 grams/pc",,2026-02-11T13:58:45.973116+08:00
2026-02-11,140000000,CAR (CORDILLERA ADMINISTRATIVE REGION),DAGUPAN TABUK CITY PUBLIC MARKET,MEAT AND POULTRY,"Chicken Egg (White, Extra Small) - 46-50 grams/pc",,2026-02-11T13:58:45.973116+08:00
2026-02-11,140000000,CAR (CORDILLERA ADMINISTRATIVE REGION),FLORA PUBLIC MARKET,MEAT AND POULTRY,"Chicken Egg (White, Extra Small) - 46-50 grams/pc",,2026-02-11T13:58:45.973116+08:00
2026-02-11,140000000,CAR (CORDILLERA ADMINISTRATIVE REGION),KAYANG MARKET,MEAT AND POULTRY,"Chicken Egg (White, Extra Small) - 46-50 grams/pc",,2026-02-11T13:58:45.973116+08:00
2026-02-11,140000000,CAR (CORDILLERA ADMINISTRATIVE REGION),KIANGAN PUBLIC MARKET,MEAT AND POULTRY,"Chicken Egg (White, Extra Small) - 46-50 grams/pc",,2026-02-11T13:58:45.973116+08:00
2026-02-11,140000000,CAR (CORDILLERA ADMINISTRATIVE REGION),LA TRINIDAD PUBLIC MARKET,MEAT AND POULTRY,"Chicken Egg (White, Extra Small) - 46-50 grams/pc",,2026-02-11T13:58:45.973116+08:00
2026-02-11,140000000,CAR (CORDILLERA ADMINISTRATIVE REGION),LAGANGILANG PUBLIC MARKET,MEAT AND POULTRY,"Chicken Egg (White, Extra Small) - 46-50 grams/pc",,2026-02-11T13:58:45.973116+08:00
2026-02-11,140000000,CAR (CORDILLERA ADMINISTRATIVE REGION),LAGAWE PUBLIC MARKET,MEAT AND POULTRY,"Chicken Egg (White, Extra Small) - 46-50 grams/pc",,2026-02-11T13:58:45.973116+08:00
2026-02-11,140000000,CAR (CORDILLERA ADMINISTRATIVE REGION),LAMUT PUBLIC MARKET,MEAT AND POULTRY,"Chicken Egg (White, Extra Small) - 46-50 grams/pc",,2026-02-11T13:58:45.973116+08:00
2026-02-11,140000000,CAR (CORDILLERA ADMINISTRATIVE REGION),LUNA PUBLIC MARKET,MEAT AND POULTRY,"Chicken Egg (White, Extra Small) - 46-50 grams/pc",,2026-02-11T13:58:45.973116+08:00
2026-02-11,140000000,CAR (CORDILLERA ADMINISTRATIVE REGION),MABAAY PUBLIC MARKET,MEAT AND POULTRY,"Chicken Egg (White, Extra Small) - 46-50 grams/pc",,2026-02-11T13:58:45.973116+08:00
2026-02-11,140000000,CAR (CORDILLERA ADMINISTRATIVE REGION),MANKAYAN PUBLIC MARKET,MEAT AND POULTRY,"Chicken Egg (White, Extra Small) - 46-50 grams/pc",,2026-02-11T13:58:45.973116+08:00
2026-02-11,140000000,CAR (CORDILLERA ADMINISTRATIVE REGION),PIDIGAN PUBLIC MARKET,MEAT AND POULTRY,"Chicken Egg (White, Extra Small) - 46-50 grams/pc",,2026-02-11T13:58:45.973116+08:00
2026-02-11,140000000,CAR (CORDILLERA ADMINISTRATIVE REGION),PINUKPUK PUBLIC MARKET,MEAT AND POULTRY,"Chicken Egg (White, Extra Small) - 46-50 grams/pc",,2026-02-11T13:58:45.973116+08:00
2026-02-11,140000000,CAR (CORDILLERA ADMINISTRATIVE REGION),STA. MARCELA PUBLIC MARKET,MEAT AND POULTRY,"Chicken Egg (White, Extra Small) - 46-50 grams/pc",,2026-02-11T13:58:45.973116+08:00
2026-02-11,140000000,CAR (CORDILLERA ADMINISTRATIVE REGION),A. LISTA PUBLIC MARKET,MEAT AND POULTRY,"Chicken Egg (White, Jumbo) - 71> grams/pc",,2026-02-11T13:58:45.973116+08:00
2026-02-11,140000000,CAR (CORDILLERA ADMINISTRATIVE REGION),ABATAN PUBLIC MARKET,MEAT AND POULTRY,"Chicken Egg (White, Jumbo) - 71> grams/pc",,2026-02-11T13:58:45.973116+08:00
2026-02-11,140000000,CAR (CORDILLERA ADMINISTRATIVE REGION),ABATAN PUBLIC MARKET (MT. PROVINCE),MEAT AND POULTRY,"Chicken Egg (White, Jumbo) - 71> grams/pc",,2026-02-11T13:58:45.973116+08:00
2026-02-11,140000000,CAR (CORDILLERA ADMINISTRATIVE REGION),"ACOP, CAPONGA MARKET",MEAT AND POULTRY,"Chicken Egg (White, Jumbo) - 71> grams/pc",,2026-02-11T13:58:45.973116+08:00
2026-02-11,140000000,CAR (CORDILLERA ADMINISTRATIVE REGION),ATOK PUBLIC MARKET,MEAT AND POULTRY,"Chicken Egg (White, Jumbo) - 71> grams/pc",,2026-02-11T13:58:45.973116+08:00
2026-02-11,140000000,CAR (CORDILLERA ADMINISTRATIVE REGION),BANGUED PUBLIC MARKET,MEAT AND POULTRY,"Chicken Egg (White, Jumbo) - 71> grams/pc",,2026-02-11T13:58:45.973116+08:00
2026-02-11,140000000,CAR (CORDILLERA ADMINISTRATIVE REGION),BONTOC PUBLIC MARKET,MEAT AND POULTRY,"Chicken Egg (White, Jumbo) - 71> grams/pc",,2026-02-11T13:58:45.973116+08:00
2026-02-11,140000000,CAR (CORDILLERA ADMINISTRATIVE REGION),BULANAO PUBLIC MARKET,MEAT AND POULTRY,"Chicken Egg (White, Jumbo) - 71> grams/pc",,2026-02-11T13:58:45.973116+08:00
2026-02-11,140000000,CAR (CORDILLERA ADMINISTRATIVE REGION),DAGUPAN TABUK CITY PUBLIC MARKET,MEAT AND POULTRY,"Chicken Egg (White, Jumbo) - 71> grams/pc",,2026-02-11T13:58:45.973116+08:00
2026-02-11,140000000,CAR (CORDILLERA ADMINISTRATIVE REGION),FLORA PUBLIC MARKET,MEAT AND POULTRY,"Chicken Egg (White, Jumbo) - 71> grams/pc",,2026-02-11T13:58:45.973116+08:00
2026-02-11,140000000,CAR (CORDILLERA ADMINISTRATIVE REGION),KAYANG MARKET,MEAT AND POULTRY,"Chicken Egg (White, Jumbo) - 71> grams/pc",,2026-02-11T13:58:45.973116+08:00
2026-02-11,140000000,CAR (CORDILLERA ADMINISTRATIVE REGION),KIANGAN PUBLIC MARKET,MEAT AND POULTRY,"Chicken Egg (White, Jumbo) - 71> grams/pc",,2026-02-11T13:58:45.973116+08:00
2026-02-11,140000000,CAR (CORDILLERA ADMINISTRATIVE REGION),LA TRINIDAD PUBLIC MARKET,MEAT AND POULTRY,"Chicken Egg (White, Jumbo) - 71> grams/pc",,2026-02-11T13:58:45.973116+08:00
2026-02-11,140000000,CAR (CORDILLERA ADMINISTRATIVE REGION),LAGANGILANG PUBLIC MARKET,MEAT AND POULTRY,"Chicken Egg (White, Jumbo) - 71> grams/pc",,2026-02-11T13:58:45.973116+08:00
2026-02-11,140000000,CAR (CORDILLERA ADMINISTRATIVE REGION),LAGAWE PUBLIC MARKET,MEAT AND POULTRY,"Chicken Egg (White, Jumbo) - 71> grams/pc",,2026-02-11T13:58:45.973116+08:00
2026-02-11,140000000,CAR (CORDILLERA ADMINISTRATIVE REGION),LAMUT PUBLIC MARKET,MEAT AND POULTRY,"Chicken Egg (White, Jumbo) - 71> grams/pc",,2026-02-11T13:58:45.973116+08:00
2026-02-11,140000000,CAR (CORDILLERA ADMINISTRATIVE REGION),LUNA PUBLIC MARKET,MEAT AND POULTRY,"Chicken Egg (White, Jumbo) - 71> grams/pc",,2026-02-11T13:58:45.973116+08:00
2026-02-11,140000000,CAR (CORDILLERA ADMINISTRATIVE REGION),MABAAY PUBLIC MARKET,MEAT AND POULTRY,"Chicken Egg (White, Jumbo) - 71> grams/pc",,2026-02-11T13:58:45.973116+08:00
2026-02-11,140000000,CAR (CORDILLERA ADMINISTRATIVE REGION),MANKAYAN PUBLIC MARKET,MEAT AND POULTRY,"Chicken Egg (White, Jumbo) - 71> grams/pc",,2026-02-11T13:58:45.973116+08:00
2026-02-11,140000000,CAR (CORDILLERA ADMINISTRATIVE REGION),PIDIGAN PUBLIC MARKET,MEAT AND POULTRY,"Chicken Egg (White, Jumbo) - 71> grams/pc",,2026-02-11T13:58:45.973116+08:00
2026-02-11,140000000,CAR (CORDILLERA ADMINISTRATIVE REGION),PINUKPUK PUBLIC MARKET,MEAT AND POULTRY,"Chicken Egg (White, Jumbo) - 71> grams/pc",,2026-02-11T13:58:45.973116+08:00
2026-02-11,140000000,CAR (CORDILLERA ADMINISTRATIVE REGION),STA. MARCELA PUBLIC MARKET,MEAT AND POULTRY,"Chicken Egg (White, Jumbo) - 71> grams/pc",,2026-02-11T13:58:45.973116+08:00
2026-02-11,140000000,CAR (CORDILLERA ADMINISTRATIVE REGION),A. LISTA PUBLIC MARKET,MEAT AND POULTRY,"Chicken Egg (White, Large) - 61-65 grams/pc",,2026-02-11T13:58:45.973116+08:00
2026-02-11,140000000,CAR (CORDILLERA ADMINISTRATIVE REGION),ABATAN PUBLIC MARKET,MEAT AND POULTRY,"Chicken Egg (White, Large) - 61-65 grams/pc",,2026-02-11T13:58:45.973116+08:00
2026-02-11,140000000,CAR (CORDILLERA ADMINISTRATIVE REGION),ABATAN PUBLIC MARKET (MT. PROVINCE),MEAT AND POULTRY,"Chicken Egg (White, Large) - 61-65 grams/pc",,2026-02-11T13:58:45.973116+08:00
2026-02-11,140000000,CAR (CORDILLERA ADMINISTRATIVE REGION),"ACOP, CAPONGA MARKET",MEAT AND POULTRY,"Chicken Egg (White, Large) - 61-65 grams/pc",,2026-02-11T13:58:45.973116+08:00
2026-02-11,140000000,CAR (CORDILLERA ADMINISTRATIVE REGION),ATOK PUBLIC MARKET,MEAT AND POULTRY,"Chicken Egg (White, Large) - 61-65 grams/pc",,2026-02-11T13:58:45.973116+08:00
2026-02-11,140000000,CAR (CORDILLERA ADMINISTRATIVE REGION),BAGUIO CITY PUBLIC MARKET,MEAT AND POULTRY,"Chicken Egg (White, Large) - 61-65 grams/pc",,2026-02-11T13:58:45.973116+08:00
2026-02-11,140000000,CAR (CORDILLERA ADMINISTRATIVE REGION),BONTOC PUBLIC MARKET,MEAT AND POULTRY,"Chicken Egg (White, Large) - 61-65 grams/pc",,2026-02-11T13:58:45.973116+08:00
2026-02-11,140000000,CAR (CORDILLERA ADMINISTRATIVE REGION),BULANAO PUBLIC MARKET,MEAT AND POULTRY,"Chicken Egg (White, Large) - 61-65 grams/pc",,2026-02-11T13:58:45.973116+08:00
2026-02-11,140000000,CAR (CORDILLERA ADMINISTRATIVE REGION),DAGUPAN TABUK CITY PUBLIC MARKET,MEAT AND POULTRY,"Chicken Egg (White, Large) - 61-65 grams/pc",,2026-02-11T13:58:45.973116+08:00
2026-02-11,140000000,CAR (CORDILLERA ADMINISTRATIVE REGION),FLORA PUBLIC MARKET,MEAT AND POULTRY,"Chicken Egg (White, Large) - 61-65 grams/pc",,2026-02-11T13:58:45.973116+08:00
2026-02-11,140000000,CAR (CORDILLERA ADMINISTRATIVE REGION),KAYANG MARKET,MEAT AND POULTRY,"Chicken Egg (White, Large) - 61-65 grams/pc",,2026-02-11T13:58:45.973116+08:00
2026-02-11,140000000,CAR (CORDILLERA ADMINISTRATIVE REGION),KIANGAN PUBLIC MARKET,MEAT AND POULTRY,"Chicken Egg (White, Large) - 61-65 grams/pc",,2026-02-11T13:58:45.973116+08:00
2026-02-11,140000000,CAR (CORDILLERA ADMINISTRATIVE REGION),LA TRINIDAD PUBLIC MARKET,MEAT AND POULTRY,"Chicken Egg (White, Large) - 61-65 grams/pc",,2026-02-11T13:58:45.973116+08:00
2026-02-11,140000000,CAR (CORDILLERA ADMINISTRATIVE REGION),LAGANGILANG PUBLIC MARKET,MEAT AND POULTRY,"Chicken Egg (White, Large) - 61-65 grams/pc",,2026-02-11T13:58:45.973116+08:00
2026-02-11,140000000,CAR (CORDILLERA ADMINISTRATIVE REGION),LAGAWE PUBLIC MARKET,MEAT AND POULTRY,"Chicken Egg (White, Large) - 61-65 grams/pc",,2026-02-11T13:58:45.973116+08:00
2026-02-11,140000000,CAR (CORDILLERA ADMINISTRATIVE REGION),LAMUT PUBLIC MARKET,MEAT AND POULTRY,"Chicken Egg (White, Large) - 61-65 grams/pc",,2026-02-11T13:58:45.973116+08:00
2026-02-11,140000000,CAR (CORDILLERA ADMINISTRATIVE REGION),LUNA PUBLIC MARKET,MEAT AND POULTRY,"Chicken Egg (White, Large) - 61-65 grams/pc",,2026-02-11T13:58:45.973116+08:00
2026-02-11,140000000,CAR (CORDILLERA ADMINISTRATIVE REGION),MABAAY PUBLIC MARKET,MEAT AND POULTRY,"Chicken Egg (White, Large) - 61-65 grams/pc",,2026-02-11T13:58:45.973116+08:00
2026-02-11,140000000,CAR (CORDILLERA ADMINISTRATIVE REGION),MANKAYAN PUBLIC MARKET,MEAT AND POULTRY,"Chicken Egg (White, Large) - 61-65 grams/pc",,2026-02-11T13:58:45.973116+08:00
2026-02-11,140000000,CAR (CORDILLERA ADMINISTRATIVE REGION),PIDIGAN PUBLIC MARKET,MEAT AND POULTRY,"Chicken Egg (White, Large) - 61-65 grams/pc",,2026-02-11T13:58:45.973116+08:00
2026-02-11,140000000,CAR (CORDILLERA ADMINISTRATIVE REGION),PINUKPUK PUBLIC MARKET,MEAT AND POULTRY,"Chicken Egg (White, Large) - 61-65 grams/pc",,2026-02-11T13:58:45.973116+08:00
2026-02-11,140000000,CAR (CORDILLERA ADMINISTRATIVE REGION),STA. MARCELA PUBLIC MARKET,MEAT AND POULTRY,"Chicken Egg (White, Large) - 61-65 grams/pc",,2026-02-11T13:58:45.973116+08:00
2026-02-11,140000000,CAR (CORDILLERA ADMINISTRATIVE REGION),A. LISTA PUBLIC MARKET,MEAT AND POULTRY,"Chicken Egg (White, Medium) - 56-60 grams/pc",,2026-02-11T13:58:45.973116+08:00
2026-02-11,140000000,CAR (CORDILLERA ADMINISTRATIVE REGION),ABATAN PUBLIC MARKET,MEAT AND POULTRY,"Chicken Egg (White, Medium) - 56-60 grams/pc",,2026-02-11T13:58:45.973116+08:00
2026-02-11,140000000,CAR (CORDILLERA ADMINISTRATIVE REGION),ABATAN PUBLIC MARKET (MT. PROVINCE),MEAT AND POULTRY,"Chicken Egg (White, Medium) - 56-60 grams/pc",,2026-02-11T13:58:45.973116+08:00
2026-02-11,140000000,CAR (CORDILLERA ADMINISTRATIVE REGION),"ACOP, CAPONGA MARKET",MEAT AND POULTRY,"Chicken Egg (White, Medium) - 56-60 grams/pc",,2026-02-11T13:58:45.973116+08:00
2026-02-11,140000000,CAR (CORDILLERA ADMINISTRATIVE REGION),ATOK PUBLIC MARKET,MEAT AND POULTRY,"Chicken Egg (White, Medium) - 56-60 grams/pc",,2026-02-11T13:58:45.973116+08:00
2026-02-11,140000000,CAR (CORDILLERA ADMINISTRATIVE REGION),BONTOC PUBLIC MARKET,MEAT AND POULTRY,"Chicken Egg (White, Medium) - 56-60 grams/pc",,2026-02-11T13:58:45.973116+08:00
2026-02-11,140000000,CAR (CORDILLERA ADMINISTRATIVE REGION),BULANAO PUBLIC MARKET,MEAT AND POULTRY,"Chicken Egg (White, Medium) - 56-60 grams/pc",,2026-02-11T13:58:45.973116+08:00
2026-02-11,140000000,CAR (CORDILLERA ADMINISTRATIVE REGION),DAGUPAN TABUK CITY PUBLIC MARKET,MEAT AND POULTRY,"Chicken Egg (White, Medium) - 56-60 grams/pc",,2026-02-11T13:58:45.973116+08:00
2026-02-11,140000000,CAR (CORDILLERA ADMINISTRATIVE REGION),FLORA PUBLIC MARKET,MEAT AND POULTRY,"Chicken Egg (White, Medium) - 56-60 grams/pc",,2026-02-11T13:58:45.973116+08:00
2026-02-11,140000000,CAR (CORDILLERA ADMINISTRATIVE REGION),KAYANG MARKET,MEAT AND POULTRY,"Chicken Egg (White, Medium) - 56-60 grams/pc",,2026-02-11T13:58:45.973116+08:00
2026-02-11,140000000,CAR (CORDILLERA ADMINISTRATIVE REGION),KIANGAN PUBLIC MARKET,MEAT AND POULTRY,"Chicken Egg (White, Medium) - 56-60 grams/pc",,2026-02-11T13:58:45.973116+08:00
2026-02-11,140000000,CAR (CORDILLERA ADMINISTRATIVE REGION),LA TRINIDAD PUBLIC MARKET,MEAT AND POULTRY,"Chicken Egg (White, Medium) - 56-60 grams/pc",,2026-02-11T13:58:45.973116+08:00
2026-02-11,140000000,CAR (CORDILLERA ADMINISTRATIVE REGION),LAGANGILANG PUBLIC MARKET,MEAT AND POULTRY,"Chicken Egg (White, Medium) - 56-60 grams/pc",,2026-02-11T13:58:45.973116+08:00
2026-02-11,140000000,CAR (CORDILLERA ADMINISTRATIVE REGION),LAGAWE PUBLIC MARKET,MEAT AND POULTRY,"Chicken Egg (White, Medium) - 56-60 grams/pc",,2026-02-11T13:58:45.973116+08:00
2026-02-11,140000000,CAR (CORDILLERA ADMINISTRATIVE REGION),LAMUT PUBLIC MARKET,MEAT AND POULTRY,"Chicken Egg (White, Medium) - 56-60 grams/pc",,2026-02-11T13:58:45.973116+08:00
2026-02-11,140000000,CAR (CORDILLERA ADMINISTRATIVE REGION),LUNA PUBLIC MARKET,MEAT AND POULTRY,"Chicken Egg (White, Medium) - 56-60 grams/pc",,2026-02-11T13:58:45.973116+08:00
2026-02-11,140000000,CAR (CORDILLERA ADMINISTRATIVE REGION),MABAAY PUBLIC MARKET,MEAT AND POULTRY,"Chicken Egg (White, Medium) - 56-60 grams/pc",,2026-02-11T13:58:45.973116+08:00
2026-02-11,140000000,CAR (CORDILLERA ADMINISTRATIVE REGION),MANKAYAN PUBLIC MARKET,MEAT AND POULTRY,"Chicken Egg (White, Medium) - 56-60 grams/pc",,2026-02-11T13:58:45.973116+08:00
2026-02-11,140000000,CAR (CORDILLERA ADMINISTRATIVE REGION),PIDIGAN PUBLIC MARKET,MEAT AND POULTRY,"Chicken Egg (White, Medium) - 56-60 grams/pc",,2026-02-11T13:58:45.973116+08:00
2026-02-11,140000000,CAR (CORDILLERA ADMINISTRATIVE REGION),PINUKPUK PUBLIC MARKET,MEAT AND POULTRY,"Chicken Egg (White, Medium) - 56-60 grams/pc",,2026-02-11T13:58:45.973116+08:00
2026-02-11,140000000,CAR (CORDILLERA ADMINISTRATIVE REGION),STA. MARCELA PUBLIC MARKET,MEAT AND POULTRY,"Chicken Egg (White, Medium) - 56-60 grams/pc",,2026-02-11T13:58:45.973116+08:00
2026-02-11,140000000,CAR (CORDILLERA ADMINISTRATIVE REGION),A. LISTA PUBLIC MARKET,MEAT AND POULTRY,"Chicken Egg (White, Pewee) - 41-45 grams/pc",,2026-02-11T13:58:45.973116+08:00
2026-02-11,140000000,CAR (CORDILLERA ADMINISTRATIVE REGION),ABATAN PUBLIC MARKET,MEAT AND POULTRY,"Chicken Egg (White, Pewee) - 41-45 grams/pc",,2026-02-11T13:58:45.973116+08:00
2026-02-11,140000000,CAR (CORDILLERA ADMINISTRATIVE REGION),ABATAN PUBLIC MARKET (MT. PROVINCE),MEAT AND POULTRY,"Chicken Egg (White, Pewee) - 41-45 grams/pc",,2026-02-11T13:58:45.973116+08:00
2026-02-11,140000000,CAR (CORDILLERA ADMINISTRATIVE REGION),"ACOP, CAPONGA MARKET",MEAT AND POULTRY,"Chicken Egg (White, Pewee) - 41-45 grams/pc",,2026-02-11T13:58:45.973116+08:00
2026-02-11,140000000,CAR (CORDILLERA ADMINISTRATIVE REGION),ATOK PUBLIC MARKET,MEAT AND POULTRY,"Chicken Egg (White, Pewee) - 41-45 grams/pc",,2026-02-11T13:58:45.973116+08:00
2026-02-11,140000000,CAR (CORDILLERA ADMINISTRATIVE REGION),BAGUIO CITY PUBLIC MARKET,MEAT AND POULTRY,"Chicken Egg (White, Pewee) - 41-45 grams/pc",,2026-02-11T13:58:45.973116+08:00
2026-02-11,140000000,CAR (CORDILLERA ADMINISTRATIVE REGION),BANGUED PUBLIC MARKET,MEAT AND POULTRY,"Chicken Egg (White, Pewee) - 41-45 grams/pc",,2026-02-11T13:58:45.973116+08:00
2026-02-11,140000000,CAR (CORDILLERA ADMINISTRATIVE REGION),BONTOC PUBLIC MARKET,MEAT AND POULTRY,"Chicken Egg (White, Pewee) - 41-45 grams/pc",,2026-02-11T13:58:45.973116+08:00
2026-02-11,140000000,CAR (CORDILLERA ADMINISTRATIVE REGION),BULANAO PUBLIC MARKET,MEAT AND POULTRY,"Chicken Egg (White, Pewee) - 41-45 grams/pc",,2026-02-11T13:58:45.973116+08:00
2026-02-11,140000000,CAR (CORDILLERA ADMINISTRATIVE REGION),DAGUPAN TABUK CITY PUBLIC MARKET,MEAT AND POULTRY,"Chicken Egg (White, Pewee) - 41-45 grams/pc",,2026-02-11T13:58:45.973116+08:00
2026-02-11,140000000,CAR (CORDILLERA ADMINISTRATIVE REGION),FLORA PUBLIC MARKET,MEAT AND POULTRY,"Chicken Egg (White, Pewee) - 41-45 grams/pc",,2026-02-11T13:58:45.973116+08:00
2026-02-11,140000000,CAR (CORDILLERA ADMINISTRATIVE REGION),KAYANG MARKET,MEAT AND POULTRY,"Chicken Egg (White, Pewee) - 41-45 grams/pc",,2026-02-11T13:58:45.973116+08:00
2026-02-11,140000000,CAR (CORDILLERA ADMINISTRATIVE REGION),KIANGAN PUBLIC MARKET,MEAT AND POULTRY,"Chicken Egg (White, Pewee) - 41-45 grams/pc",,2026-02-11T13:58:45.973116+08:00
2026-02-11,140000000,CAR (CORDILLERA ADMINISTRATIVE REGION),LA TRINIDAD PUBLIC MARKET,MEAT AND POULTRY,"Chicken Egg (White, Pewee) - 41-45 grams/pc",,2026-02-11T13:58:45.973116+08:00
2026-02-11,140000000,CAR (CORDILLERA ADMINISTRATIVE REGION),LAGANGILANG PUBLIC MARKET,MEAT AND POULTRY,"Chicken Egg (White, Pewee) - 41-45 grams/pc",,2026-02-11T13:58:45.973116+08:00
2026-02-11,140000000,CAR (CORDILLERA ADMINISTRATIVE REGION),LAGAWE PUBLIC MARKET,MEAT AND POULTRY,"Chicken Egg (White, Pewee) - 41-45 grams/pc",,2026-02-11T13:58:45.973116+08:00
2026-02-11,140000000,CAR (CORDILLERA ADMINISTRATIVE REGION),LAMUT PUBLIC MARKET,MEAT AND POULTRY,"Chicken Egg (White, Pewee) - 41-45 grams/pc",,2026-02-11T13:58:45.973116+08:00
2026-02-11,140000000,CAR (CORDILLERA ADMINISTRATIVE REGION),LUNA PUBLIC MARKET,MEAT AND POULTRY,"Chicken Egg (White, Pewee) - 41-45 grams/pc",,2026-02-11T13:58:45.973116+08:00
2026-02-11,140000000,CAR (CORDILLERA ADMINISTRATIVE REGION),MABAAY PUBLIC MARKET,MEAT AND POULTRY,"Chicken Egg (White, Pewee) - 41-45 grams/pc",,2026-02-11T13:58:45.973116+08:00
2026-02-11,140000000,CAR (CORDILLERA ADMINISTRATIVE REGION),MANKAYAN PUBLIC MARKET,MEAT AND POULTRY,"Chicken Egg (White, Pewee) - 41-45 grams/pc",,2026-02-11T13:58:45.973116+08:00
2026-02-11,140000000,CAR (CORDILLERA ADMINISTRATIVE REGION),PIDIGAN PUBLIC MARKET,MEAT AND POULTRY,"Chicken Egg (White, Pewee) - 41-45 grams/pc",,2026-02-11T13:58:45.973116+08:00
2026-02-11,140000000,CAR (CORDILLERA ADMINISTRATIVE REGION),PINUKPUK PUBLIC MARKET,MEAT AND POULTRY,"Chicken Egg (White, Pewee) - 41-45 grams/pc",,2026-02-11T13:58:45.973116+08:00
2026-02-11,140000000,CAR (CORDILLERA ADMINISTRATIVE REGION),STA. MARCELA PUBLIC MARKET,MEAT AND POULTRY,"Chicken Egg (White, Pewee) - 41-45 grams/pc",,2026-02-11T13:58:45.973116+08:00
2026-02-11,140000000,CAR (CORDILLERA ADMINISTRATIVE REGION),A. LISTA PUBLIC MARKET,MEAT AND POULTRY,"Chicken Egg (White, Small) - 51-55 grams/pc",,2026-02-11T13:58:45.973116+08:00
2026-02-11,140000000,CAR (CORDILLERA ADMINISTRATIVE REGION),ABATAN PUBLIC MARKET,MEAT AND POULTRY,"Chicken Egg (White, Small) - 51-55 grams/pc",,2026-02-11T13:58:45.973116+08:00
2026-02-11,140000000,CAR (CORDILLERA ADMINISTRATIVE REGION),ABATAN PUBLIC MARKET (MT. PROVINCE),MEAT AND POULTRY,"Chicken Egg (White, Small) - 51-55 grams/pc",,2026-02-11T13:58:45.973116+08:00
2026-02-11,140000000,CAR (CORDILLERA ADMINISTRATIVE REGION),"ACOP, CAPONGA MARKET",MEAT AND POULTRY,"Chicken Egg (White, Small) - 51-55 grams/pc",,2026-02-11T13:58:45.973116+08:00
2026-02-11,140000000,CAR (CORDILLERA ADMINISTRATIVE REGION),ATOK PUBLIC MARKET,MEAT AND POULTRY,"Chicken Egg (White, Small) - 51-55 grams/pc",,2026-02-11T13:58:45.973116+08:00
2026-02-11,140000000,CAR (CORDILLERA ADMINISTRATIVE REGION),BONTOC PUBLIC MARKET,MEAT AND POULTRY,"Chicken Egg (White, Small) - 51-55 grams/pc",,2026-02-11T13:58:45.973116+08:00
2026-02-11,140000000,CAR (CORDILLERA ADMINISTRATIVE REGION),BULANAO PUBLIC MARKET,MEAT AND POULTRY,"Chicken Egg (White, Small) - 51-55 grams/pc",,2026-02-11T13:58:45.973116+08:00
2026-02-11,140000000,CAR (CORDILLERA ADMINISTRATIVE REGION),DAGUPAN TABUK CITY PUBLIC MARKET,MEAT AND POULTRY,"Chicken Egg (White, Small) - 51-55 grams/pc",,2026-02-11T13:58:45.973116+08:00
2026-02-11,140000000,CAR (CORDILLERA ADMINISTRATIVE REGION),FLORA PUBLIC MARKET,MEAT AND POULTRY,"Chicken Egg (White, Small) - 51-55 grams/pc",,2026-02-11T13:58:45.973116+08:00
2026-02-11,140000000,CAR (CORDILLERA ADMINISTRATIVE REGION),KAYANG MARKET,MEAT AND POULTRY,"Chicken Egg (White, Small) - 51-55 grams/pc",,2026-02-11T13:58:45.973116+08:00
2026-02-11,140000000,CAR (CORDILLERA ADMINISTRATIVE REGION),KIANGAN PUBLIC MARKET,MEAT AND POULTRY,"Chicken Egg (White, Small) - 51-55 grams/pc",,2026-02-11T13:58:45.973116+08:00
2026-02-11,140000000,CAR (CORDILLERA ADMINISTRATIVE REGION),LA TRINIDAD PUBLIC MARKET,MEAT AND POULTRY,"Chicken Egg (White, Small) - 51-55 grams/pc",,2026-02-11T13:58:45.973116+08:00
2026-02-11,140000000,CAR (CORDILLERA ADMINISTRATIVE REGION),LAGANGILANG PUBLIC MARKET,MEAT AND POULTRY,"Chicken Egg (White, Small) - 51-55 grams/pc",,2026-02-11T13:58:45.973116+08:00
2026-02-11,140000000,CAR (CORDILLERA ADMINISTRATIVE REGION),LAGAWE PUBLIC MARKET,MEAT AND POULTRY,"Chicken Egg (White, Small) - 51-55 grams/pc",,2026-02-11T13:58:45.973116+08:00
2026-02-11,140000000,CAR (CORDILLERA ADMINISTRATIVE REGION),LAMUT PUBLIC MARKET,MEAT AND POULTRY,"Chicken Egg (White, Small) - 51-55 grams/pc",,2026-02-11T13:58:45.973116+08:00
2026-02-11,140000000,CAR (CORDILLERA ADMINISTRATIVE REGION),LUNA PUBLIC MARKET,MEAT AND POULTRY,"Chicken Egg (White, Small) - 51-55 grams/pc",,2026-02-11T13:58:45.973116+08:00
2026-02-11,140000000,CAR (CORDILLERA ADMINISTRATIVE REGION),MABAAY PUBLIC MARKET,MEAT AND POULTRY,"Chicken Egg (White, Small) - 51-55 grams/pc",,2026-02-11T13:58:45.973116+08:00
2026-02-11,140000000,CAR (CORDILLERA ADMINISTRATIVE REGION),MANKAYAN PUBLIC MARKET,MEAT AND POULTRY,"Chicken Egg (White, Small) - 51-55 grams/pc",,2026-02-11T13:58:45.973116+08:00
2026-02-11,140000000,CAR (CORDILLERA ADMINISTRATIVE REGION),PIDIGAN PUBLIC MARKET,MEAT AND POULTRY,"Chicken Egg (White, Small) - 51-55 grams/pc",,2026-02-11T13:58:45.973116+08:00
2026-02-11,140000000,CAR (CORDILLERA ADMINISTRATIVE REGION),PINUKPUK PUBLIC MARKET,MEAT AND POULTRY,"Chicken Egg (White, Small) - 51-55 grams/pc",,2026-02-11T13:58:45.973116+08:00
2026-02-11,140000000,CAR (CORDILLERA ADMINISTRATIVE REGION),STA. MARCELA PUBLIC MARKET,MEAT AND POULTRY,"Chicken Egg (White, Small) - 51-55 grams/pc",,2026-02-11T13:58:45.973116+08:00
2026-02-11,140000000,CAR (CORDILLERA ADMINISTRATIVE REGION),A. LISTA PUBLIC MARKET,MEAT AND POULTRY,Frozen Kasim - KASIM,,2026-02-11T13:58:45.973116+08:00
2026-02-11,140000000,CAR (CORDILLERA ADMINISTRATIVE REGION),ABATAN PUBLIC MARKET,MEAT AND POULTRY,Frozen Kasim - KASIM,,2026-02-11T13:58:45.973116+08:00
2026-02-11,140000000,CAR (CORDILLERA ADMINISTRATIVE REGION),ABATAN PUBLIC MARKET (MT. PROVINCE),MEAT AND POULTRY,Frozen Kasim - KASIM,,2026-02-11T13:58:45.973116+08:00
2026-02-11,140000000,CAR (CORDILLERA ADMINISTRATIVE REGION),"ACOP, CAPONGA MARKET",MEAT AND POULTRY,Frozen Kasim - KASIM,,2026-02-11T13:58:45.973116+08:00
2026-02-11,140000000,CAR (CORDILLERA ADMINISTRATIVE REGION),ATOK PUBLIC MARKET,MEAT AND POULTRY,Frozen Kasim - KASIM,,2026-02-11T13:58:45.973116+08:00
2026-02-11,140000000,CAR (CORDILLERA ADMINISTRATIVE REGION),BAGUIO CITY PUBLIC MARKET,MEAT AND POULTRY,Frozen Kasim - KASIM,,2026-02-11T13:58:45.973116+08:00
2026-02-11,140000000,CAR (CORDILLERA ADMINISTRATIVE REGION),BANGUED PUBLIC MARKET,MEAT AND POULTRY,Frozen Kasim - KASIM,,2026-02-11T13:58:45.973116+08:00
2026-02-11,140000000,CAR (CORDILLERA ADMINISTRATIVE REGION),BONTOC PUBLIC MARKET,MEAT AND POULTRY,Frozen Kasim - KASIM,,2026-02-11T13:58:45.973116+08:00
2026-02-11,140000000,CAR (CORDILLERA ADMINISTRATIVE REGION),BULANAO PUBLIC MARKET,MEAT AND POULTRY,Frozen Kasim - KASIM,,2026-02-11T13:58:45.973116+08:00
2026-02-11,140000000,CAR (CORDILLERA ADMINISTRATIVE REGION),DAGUPAN TABUK CITY PUBLIC MARKET,MEAT AND POULTRY,Frozen Kasim - KASIM,,2026-02-11T13:58:45.973116+08:00
2026-02-11,140000000,CAR (CORDILLERA ADMINISTRATIVE REGION),FLORA PUBLIC MARKET,MEAT AND POULTRY,Frozen Kasim - KASIM,,2026-02-11T13:58:45.973116+08:00
2026-02-11,140000000,CAR (CORDILLERA ADMINISTRATIVE REGION),KAYANG MARKET,MEAT AND POULTRY,Frozen Kasim - KASIM,,2026-02-11T13:58:45.973116+08:00
2026-02-11,140000000,CAR (CORDILLERA ADMINISTRATIVE REGION),KIANGAN PUBLIC MARKET,MEAT AND POULTRY,Frozen Kasim - KASIM,,2026-02-11T13:58:45.973116+08:00
2026-02-11,140000000,CAR (CORDILLERA ADMINISTRATIVE REGION),LA TRINIDAD PUBLIC MARKET,MEAT AND POULTRY,Frozen Kasim - KASIM,,2026-02-11T13:58:45.973116+08:00
2026-02-11,140000000,CAR (CORDILLERA ADMINISTRATIVE REGION),LAGANGILANG PUBLIC MARKET,MEAT AND POULTRY,Frozen Kasim - KASIM,,2026-02-11T13:58:45.973116+08:00
2026-02-11,140000000,CAR (CORDILLERA ADMINISTRATIVE REGION),LAGAWE PUBLIC MARKET,MEAT AND POULTRY,Frozen Kasim - KASIM,,2026-02-11T13:58:45.973116+08:00
2026-02-11,140000000,CAR (CORDILLERA ADMINISTRATIVE REGION),LAMUT PUBLIC MARKET,MEAT AND POULTRY,Frozen Kasim - KASIM,,2026-02-11T13:58:45.973116+08:00
2026-02-11,140000000,CAR (CORDILLERA ADMINISTRATIVE REGION),LUNA PUBLIC MARKET,MEAT AND POULTRY,Frozen Kasim - KASIM,,2026-02-11T13:58:45.973116+08:00
2026-02-11,140000000,CAR (CORDILLERA ADMINISTRATIVE REGION),MABAAY PUBLIC MARKET,MEAT AND POULTRY,Frozen Kasim - KASIM,,2026-02-11T13:58:45.973116+08:00
2026-02-11,140000000,CAR (CORDILLERA ADMINISTRATIVE REGION),MANKAYAN PUBLIC MARKET,MEAT AND POULTRY,Frozen Kasim - KASIM,,2026-02-11T13:58:45.973116+08:00
2026-02-11,140000000,CAR (CORDILLERA ADMINISTRATIVE REGION),PIDIGAN PUBLIC MARKET,MEAT AND POULTRY,Frozen Kasim - KASIM,,2026-02-11T13:58:45.973116+08:00
2026-02-11,140000000,CAR (CORDILLERA ADMINISTRATIVE REGION),PINUKPUK PUBLIC MARKET,MEAT AND POULTRY,Frozen Kasim - KASIM,,2026-02-11T13:58:45.973116+08:00
2026-02-11,140000000,CAR (CORDILLERA ADMINISTRATIVE REGION),STA. MARCELA PUBLIC MARKET,MEAT AND POULTRY,Frozen Kasim - KASIM,,2026-02-11T13:58:45.973116+08:00
2026-02-11,140000000,CAR (CORDILLERA ADMINISTRATIVE REGION),A. LISTA PUBLIC MARKET,MEAT AND POULTRY,Frozen Liempo - LIEMPO,,2026-02-11T13:58:45.973116+08:00
2026-02-11,140000000,CAR (CORDILLERA ADMINISTRATIVE REGION),ABATAN PUBLIC MARKET,MEAT AND POULTRY,Frozen Liempo - LIEMPO,,2026-02-11T13:58:45.973116+08:00
2026-02-11,140000000,CAR (CORDILLERA ADMINISTRATIVE REGION),ABATAN PUBLIC MARKET (MT. PROVINCE),MEAT AND POULTRY,Frozen Liempo - LIEMPO,,2026-02-11T13:58:45.973116+08:00
2026-02-11,140000000,CAR (CORDILLERA ADMINISTRATIVE REGION),"ACOP, CAPONGA MARKET",MEAT AND POULTRY,Frozen Liempo - LIEMPO,,2026-02-11T13:58:45.973116+08:00
2026-02-11,140000000,CAR (CORDILLERA ADMINISTRATIVE REGION),ATOK PUBLIC MARKET,MEAT AND POULTRY,Frozen Liempo - LIEMPO,,2026-02-11T13:58:45.973116+08:00
2026-02-11,140000000,CAR (CORDILLERA ADMINISTRATIVE REGION),BAGUIO CITY PUBLIC MARKET,MEAT AND POULTRY,Frozen Liempo - LIEMPO,,2026-02-11T13:58:45.973116+08:00
2026-02-11,140000000,CAR (CORDILLERA ADMINISTRATIVE REGION),BANGUED PUBLIC MARKET,MEAT AND POULTRY,Frozen Liempo - LIEMPO,,2026-02-11T13:58:45.973116+08:00
2026-02-11,140000000,CAR (CORDILLERA ADMINISTRATIVE REGION),BONTOC PUBLIC MARKET,MEAT AND POULTRY,Frozen Liempo - LIEMPO,,2026-02-11T13:58:45.973116+08:00
2026-02-11,140000000,CAR (CORDILLERA ADMINISTRATIVE REGION),BULANAO PUBLIC MARKET,MEAT AND POULTRY,Frozen Liempo - LIEMPO,,2026-02-11T13:58:45.973116+08:00
2026-02-11,140000000,CAR (CORDILLERA ADMINISTRATIVE REGION),DAGUPAN TABUK CITY PUBLIC MARKET,MEAT AND POULTRY,Frozen Liempo - LIEMPO,,2026-02-11T13:58:45.973116+08:00
2026-02-11,140000000,CAR (CORDILLERA ADMINISTRATIVE REGION),FLORA PUBLIC MARKET,MEAT AND POULTRY,Frozen Liempo - LIEMPO,,2026-02-11T13:58:45.973116+08:00
2026-02-11,140000000,CAR (CORDILLERA ADMINISTRATIVE REGION),KAYANG MARKET,MEAT AND POULTRY,Frozen Liempo - LIEMPO,,2026-02-11T13:58:45.973116+08:00
2026-02-11,140000000,CAR (CORDILLERA ADMINISTRATIVE REGION),KIANGAN PUBLIC MARKET,MEAT AND POULTRY,Frozen Liempo - LIEMPO,,2026-02-11T13:58:45.973116+08:00
2026-02-11,140000000,CAR (CORDILLERA ADMINISTRATIVE REGION),LA TRINIDAD PUBLIC MARKET,MEAT AND POULTRY,Frozen Liempo - LIEMPO,,2026-02-11T13:58:45.973116+08:00
2026-02-11,140000000,CAR (CORDILLERA ADMINISTRATIVE REGION),LAGANGILANG PUBLIC MARKET,MEAT AND POULTRY,Frozen Liempo - LIEMPO,,2026-02-11T13:58:45.973116+08:00
2026-02-11,140000000,CAR (CORDILLERA ADMINISTRATIVE REGION),LAGAWE PUBLIC MARKET,MEAT AND POULTRY,Frozen Liempo - LIEMPO,,2026-02-11T13:58:45.973116+08:00
2026-02-11,140000000,CAR (CORDILLERA ADMINISTRATIVE REGION),LAMUT PUBLIC MARKET,MEAT AND POULTRY,Frozen Liempo - LIEMPO,,2026-02-11T13:58:45.973116+08:00
2026-02-11,140000000,CAR (CORDILLERA ADMINISTRATIVE REGION),LUNA PUBLIC MARKET,MEAT AND POULTRY,Frozen Liempo - LIEMPO,,2026-02-11T13:58:45.973116+08:00
2026-02-11,140000000,CAR (CORDILLERA ADMINISTRATIVE REGION),MABAAY PUBLIC MARKET,MEAT AND POULTRY,Frozen Liempo - LIEMPO,,2026-02-11T13:58:45.973116+08:00
2026-02-11,140000000,CAR (CORDILLERA ADMINISTRATIVE REGION),MANKAYAN PUBLIC MARKET,MEAT AND POULTRY,Frozen Liempo - LIEMPO,,2026-02-11T13:58:45.973116+08:00
2026-02-11,140000000,CAR (CORDILLERA ADMINISTRATIVE REGION),PIDIGAN PUBLIC MARKET,MEAT AND POULTRY,Frozen Liempo - LIEMPO,,2026-02-11T13:58:45.973116+08:00
2026-02-11,140000000,CAR (CORDILLERA ADMINISTRATIVE REGION),PINUKPUK PUBLIC MARKET,MEAT AND POULTRY,Frozen Liempo - LIEMPO,,2026-02-11T13:58:45.973116+08:00
2026-02-11,140000000,CAR (CORDILLERA ADMINISTRATIVE REGION),STA. MARCELA PUBLIC MARKET,MEAT AND POULTRY,Frozen Liempo - LIEMPO,,2026-02-11T13:58:45.973116+08:00
2026-02-11,140000000,CAR (CORDILLERA ADMINISTRATIVE REGION),A. LISTA PUBLIC MARKET,MEAT AND POULTRY,Pork Belly (Liempo),,2026-02-11T13:58:45.973116+08:00
2026-02-11,140000000,CAR (CORDILLERA ADMINISTRATIVE REGION),ABATAN PUBLIC MARKET,MEAT AND POULTRY,Pork Belly (Liempo),,2026-02-11T13:58:45.973116+08:00
2026-02-11,140000000,CAR (CORDILLERA ADMINISTRATIVE REGION),ABATAN PUBLIC MARKET (MT. PROVINCE),MEAT AND POULTRY,Pork Belly (Liempo),,2026-02-11T13:58:45.973116+08:00
2026-02-11,140000000,CAR (CORDILLERA ADMINISTRATIVE REGION),"ACOP, CAPONGA MARKET",MEAT AND POULTRY,Pork Belly (Liempo),,2026-02-11T13:58:45.973116+08:00
2026-02-11,140000000,CAR (CORDILLERA ADMINISTRATIVE REGION),ATOK PUBLIC MARKET,MEAT AND POULTRY,Pork Belly (Liempo),,2026-02-11T13:58:45.973116+08:00
2026-02-11,140000000,CAR (CORDILLERA ADMINISTRATIVE REGION),BONTOC PUBLIC MARKET,MEAT AND POULTRY,Pork Belly (Liempo),,2026-02-11T13:58:45.973116+08:00
2026-02-11,140000000,CAR (CORDILLERA ADMINISTRATIVE REGION),BULANAO PUBLIC MARKET,MEAT AND POULTRY,Pork Belly (Liempo),,2026-02-11T13:58:45.973116+08:00
2026-02-11,140000000,CAR (CORDILLERA ADMINISTRATIVE REGION),DAGUPAN TABUK CITY PUBLIC MARKET,MEAT AND POULTRY,Pork Belly (Liempo),,2026-02-11T13:58:45.973116+08:00
2026-02-11,140000000,CAR (CORDILLERA ADMINISTRATIVE REGION),FLORA PUBLIC MARKET,MEAT AND POULTRY,Pork Belly (Liempo),,2026-02-11T13:58:45.973116+08:00
2026-02-11,140000000,CAR (CORDILLERA ADMINISTRATIVE REGION),KAYANG MARKET,MEAT AND POULTRY,Pork Belly (Liempo),,2026-02-11T13:58:45.973116+08:00
2026-02-11,140000000,CAR (CORDILLERA ADMINISTRATIVE REGION),KIANGAN PUBLIC MARKET,MEAT AND POULTRY,Pork Belly (Liempo),,2026-02-11T13:58:45.973116+08:00
2026-02-11,140000000,CAR (CORDILLERA ADMINISTRATIVE REGION),LA TRINIDAD PUBLIC MARKET,MEAT AND POULTRY,Pork Belly (Liempo),,2026-02-11T13:58:45.973116+08:00
2026-02-11,140000000,CAR (CORDILLERA ADMINISTRATIVE REGION),LAGANGILANG PUBLIC MARKET,MEAT AND POULTRY,Pork Belly (Liempo),,2026-02-11T13:58:45.973116+08:00
2026-02-11,140000000,CAR (CORDILLERA ADMINISTRATIVE REGION),LAGAWE PUBLIC MARKET,MEAT AND POULTRY,Pork Belly (Liempo),,2026-02-11T13:58:45.973116+08:00
2026-02-11,140000000,CAR (CORDILLERA ADMINISTRATIVE REGION),LAMUT PUBLIC MARKET,MEAT AND POULTRY,Pork Belly (Liempo),,2026-02-11T13:58:45.973116+08:00
2026-02-11,140000000,CAR (CORDILLERA ADMINISTRATIVE REGION),LUNA PUBLIC MARKET,MEAT AND POULTRY,Pork Belly (Liempo),,2026-02-11T13:58:45.973116+08:00
2026-02-11,140000000,CAR (CORDILLERA ADMINISTRATIVE REGION),MABAAY PUBLIC MARKET,MEAT AND POULTRY,Pork Belly (Liempo),,2026-02-11T13:58:45.973116+08:00
2026-02-11,140000000,CAR (CORDILLERA ADMINISTRATIVE REGION),MANKAYAN PUBLIC MARKET,MEAT AND POULTRY,Pork Belly (Liempo),,2026-02-11T13:58:45.973116+08:00
2026-02-11,140000000,CAR (CORDILLERA ADMINISTRATIVE REGION),PIDIGAN PUBLIC MARKET,MEAT AND POULTRY,Pork Belly (Liempo),,2026-02-11T13:58:45.973116+08:00
2026-02-11,140000000,CAR (CORDILLERA ADMINISTRATIVE REGION),PINUKPUK PUBLIC MARKET,MEAT AND POULTRY,Pork Belly (Liempo),,2026-02-11T13:58:45.973116+08:00
2026-02-11,140000000,CAR (CORDILLERA ADMINISTRATIVE REGION),STA. MARCELA PUBLIC MARKET,MEAT AND POULTRY,Pork Belly (Liempo),,2026-02-11T13:58:45.973116+08:00
2026-02-11,140000000,CAR (CORDILLERA ADMINISTRATIVE REGION),A. LISTA PUBLIC MARKET,MEAT AND POULTRY,Pork Ham (Kasim),,2026-02-11T13:58:45.973116+08:00
2026-02-11,140000000,CAR (CORDILLERA ADMINISTRATIVE REGION),ABATAN PUBLIC MARKET,MEAT AND POULTRY,Pork Ham (Kasim),,2026-02-11T13:58:45.973116+08:00
2026-02-11,140000000,CAR (CORDILLERA ADMINISTRATIVE REGION),ABATAN PUBLIC MARKET (MT. PROVINCE),MEAT AND POULTRY,Pork Ham (Kasim),,2026-02-11T13:58:45.973116+08:00
2026-02-11,140000000,CAR (CORDILLERA ADMINISTRATIVE REGION),"ACOP, CAPONGA MARKET",MEAT AND POULTRY,Pork Ham (Kasim),,2026-02-11T13:58:45.973116+08:00
2026-02-11,140000000,CAR (CORDILLERA ADMINISTRATIVE REGION),ATOK PUBLIC MARKET,MEAT AND POULTRY,Pork Ham (Kasim),,2026-02-11T13:58:45.973116+08:00
2026-02-11,140000000,CAR (CORDILLERA ADMINISTRATIVE REGION),BONTOC PUBLIC MARKET,MEAT AND POULTRY,Pork Ham (Kasim),,2026-02-11T13:58:45.973116+08:00
2026-02-11,140000000,CAR (CORDILLERA ADMINISTRATIVE REGION),BULANAO PUBLIC MARKET,MEAT AND POULTRY,Pork Ham (Kasim),,2026-02-11T13:58:45.973116+08:00
2026-02-11,140000000,CAR (CORDILLERA ADMINISTRATIVE REGION),DAGUPAN TABUK CITY PUBLIC MARKET,MEAT AND POULTRY,Pork Ham (Kasim),,2026-02-11T13:58:45.973116+08:00
2026-02-11,140000000,CAR (CORDILLERA ADMINISTRATIVE REGION),FLORA PUBLIC MARKET,MEAT AND POULTRY,Pork Ham (Kasim),,2026-02-11T13:58:45.973116+08:00
2026-02-11,140000000,CAR (CORDILLERA ADMINISTRATIVE REGION),KAYANG MARKET,MEAT AND POULTRY,Pork Ham (Kasim),,2026-02-11T13:58:45.973116+08:00
2026-02-11,140000000,CAR (CORDILLERA ADMINISTRATIVE REGION),KIANGAN PUBLIC MARKET,MEAT AND POULTRY,Pork Ham (Kasim),,2026-02-11T13:58:45.973116+08:00
2026-02-11,140000000,CAR (CORDILLERA ADMINISTRATIVE REGION),LA TRINIDAD PUBLIC MARKET,MEAT AND POULTRY,Pork Ham (Kasim),,2026-02-11T13:58:45.973116+08:00
2026-02-11,140000000,CAR (CORDILLERA ADMINISTRATIVE REGION),LAGANGILANG PUBLIC MARKET,MEAT AND POULTRY,Pork Ham (Kasim),,2026-02-11T13:58:45.973116+08:00
2026-02-11,140000000,CAR (CORDILLERA ADMINISTRATIVE REGION),LAGAWE PUBLIC MARKET,MEAT AND POULTRY,Pork Ham (Kasim),,2026-02-11T13:58:45.973116+08:00
2026-02-11,140000000,CAR (CORDILLERA ADMINISTRATIVE REGION),LAMUT PUBLIC MARKET,MEAT AND POULTRY,Pork Ham (Kasim),,2026-02-11T13:58:45.973116+08:00
2026-02-11,140000000,CAR (CORDILLERA ADMINISTRATIVE REGION),LUNA PUBLIC MARKET,MEAT AND POULTRY,Pork Ham (Kasim),,2026-02-11T13:58:45.973116+08:00
2026-02-11,140000000,CAR (CORDILLERA ADMINISTRATIVE REGION),MABAAY PUBLIC MARKET,MEAT AND POULTRY,Pork Ham (Kasim),,2026-02-11T13:58:45.973116+08:00
2026-02-11,140000000,CAR (CORDILLERA ADMINISTRATIVE REGION),MANKAYAN PUBLIC MARKET,MEAT AND POULTRY,Pork Ham (Kasim),,2026-02-11T13:58:45.973116+08:00
2026-02-11,140000000,CAR (CORDILLERA ADMINISTRATIVE REGION),PIDIGAN PUBLIC MARKET,MEAT AND POULTRY,Pork Ham (Kasim),,2026-02-11T13:58:45.973116+08:00
2026-02-11,140000000,CAR (CORDILLERA ADMINISTRATIVE REGION),PINUKPUK PUBLIC MARKET,MEAT AND POULTRY,Pork Ham (Kasim),,2026-02-11T13:58:45.973116+08:00
2026-02-11,140000000,CAR (CORDILLERA ADMINISTRATIVE REGION),STA. MARCELA PUBLIC MARKET,MEAT AND POULTRY,Pork Ham (Kasim),,2026-02-11T13:58:45.973116+08:00
2026-02-11,140000000,CAR (CORDILLERA ADMINISTRATIVE REGION),A. LISTA PUBLIC MARKET,MEAT AND POULTRY,Whole Chicken - FULLY DRESSED,,2026-02-11T13:58:45.973116+08:00
2026-02-11,140000000,CAR (CORDILLERA ADMINISTRATIVE REGION),ABATAN PUBLIC MARKET,MEAT AND POULTRY,Whole Chicken - FULLY DRESSED,,2026-02-11T13:58:45.973116+08:00
2026-02-11,140000000,CAR (CORDILLERA ADMINISTRATIVE REGION),ABATAN PUBLIC MARKET (MT. PROVINCE),MEAT AND POULTRY,Whole Chicken - FULLY DRESSED,,2026-02-11T13:58:45.973116+08:00
2026-02-11,140000000,CAR (CORDILLERA ADMINISTRATIVE REGION),"ACOP, CAPONGA MARKET",MEAT AND POULTRY,Whole Chicken - FULLY DRESSED,,2026-02-11T13:58:45.973116+08:00
2026-02-11,140000000,CAR (CORDILLERA ADMINISTRATIVE REGION),ATOK PUBLIC MARKET,MEAT AND POULTRY,Whole Chicken - FULLY DRESSED,,2026-02-11T13:58:45.973116+08:00
2026-02-11,140000000,CAR (CORDILLERA ADMINISTRATIVE REGION),BONTOC PUBLIC MARKET,MEAT AND POULTRY,Whole Chicken - FULLY DRESSED,,2026-02-11T13:58:45.973116+08:00
2026-02-11,140000000,CAR (CORDILLERA ADMINISTRATIVE REGION),BULANAO PUBLIC MARKET,MEAT AND POULTRY,Whole Chicken - FULLY DRESSED,,2026-02-11T13:58:45.973116+08:00
2026-02-11,140000000,CAR (CORDILLERA ADMINISTRATIVE REGION),DAGUPAN TABUK CITY PUBLIC MARKET,MEAT AND POULTRY,Whole Chicken - FULLY DRESSED,,2026-02-11T13:58:45.973116+08:00
2026-02-11,140000000,CAR (CORDILLERA ADMINISTRATIVE REGION),FLORA PUBLIC MARKET,MEAT AND POULTRY,Whole Chicken - FULLY DRESSED,,2026-02-11T13:58:45.973116+08:00
2026-02-11,140000000,CAR (CORDILLERA ADMINISTRATIVE REGION),KAYANG MARKET,MEAT AND POULTRY,Whole Chicken - FULLY DRESSED,,2026-02-11T13:58:45.973116+08:00
2026-02-11,140000000,CAR (CORDILLERA ADMINISTRATIVE REGION),KIANGAN PUBLIC MARKET,MEAT AND POULTRY,Whole Chicken - FULLY DRESSED,,2026-02-11T13:58:45.973116+08:00
2026-02-11,140000000,CAR (CORDILLERA ADMINISTRATIVE REGION),LA TRINIDAD PUBLIC MARKET,MEAT AND POULTRY,Whole Chicken - FULLY DRESSED,,2026-02-11T13:58:45.973116+08:00
2026-02-11,140000000,CAR (CORDILLERA ADMINISTRATIVE REGION),LAGANGILANG PUBLIC MARKET,MEAT AND POULTRY,Whole Chicken - FULLY DRESSED,,2026-02-11T13:58:45.973116+08:00
2026-02-11,140000000,CAR (CORDILLERA ADMINISTRATIVE REGION),LAGAWE PUBLIC MARKET,MEAT AND POULTRY,Whole Chicken - FULLY DRESSED,,2026-02-11T13:58:45.973116+08:00
2026-02-11,140000000,CAR (CORDILLERA ADMINISTRATIVE REGION),LAMUT PUBLIC MARKET,MEAT AND POULTRY,Whole Chicken - FULLY DRESSED,,2026-02-11T13:58:45.973116+08:00
2026-02-11,140000000,CAR (CORDILLERA ADMINISTRATIVE REGION),LUNA PUBLIC MARKET,MEAT AND POULTRY,Whole Chicken - FULLY DRESSED,,2026-02-11T13:58:45.973116+08:00
2026-02-11,140000000,CAR (CORDILLERA ADMINISTRATIVE REGION),MABAAY PUBLIC MARKET,MEAT AND POULTRY,Whole Chicken - FULLY DRESSED,,2026-02-11T13:58:45.973116+08:00
2026-02-11,140000000,CAR (CORDILLERA ADMINISTRATIVE REGION),MANKAYAN PUBLIC MARKET,MEAT AND POULTRY,Whole Chicken - FULLY DRESSED,,2026-02-11T13:58:45.973116+08:00
2026-02-11,140000000,CAR (CORDILLERA ADMINISTRATIVE REGION),PIDIGAN PUBLIC MARKET,MEAT AND POULTRY,Whole Chicken - FULLY DRESSED,,2026-02-11T13:58:45.973116+08:00
2026-02-11,140000000,CAR (CORDILLERA ADMINISTRATIVE REGION),PINUKPUK PUBLIC MARKET,MEAT AND POULTRY,Whole Chicken - FULLY DRESSED,,2026-02-11T13:58:45.973116+08:00
2026-02-11,140000000,CAR (CORDILLERA ADMINISTRATIVE REGION),STA. MARCELA PUBLIC MARKET,MEAT AND POULTRY,Whole Chicken - FULLY DRESSED,,2026-02-11T13:58:45.973116+08:00
2026-02-11,140000000,CAR (CORDILLERA ADMINISTRATIVE REGION),A. LISTA PUBLIC MARKET,OTHER COMMODITIES,Cooking Oil (Coconut) 1L - 1 LITER/BOTTLE,,2026-02-11T13:58:45.973116+08:00
2026-02-11,140000000,CAR (CORDILLERA ADMINISTRATIVE REGION),ABATAN PUBLIC MARKET,OTHER COMMODITIES,Cooking Oil (Coconut) 1L - 1 LITER/BOTTLE,,2026-02-11T13:58:45.973116+08:00
2026-02-11,140000000,CAR (CORDILLERA ADMINISTRATIVE REGION),ABATAN PUBLIC MARKET (MT. PROVINCE),OTHER COMMODITIES,Cooking Oil (Coconut) 1L - 1 LITER/BOTTLE,,2026-02-11T13:58:45.973116+08:00
2026-02-11,140000000,CAR (CORDILLERA ADMINISTRATIVE REGION),"ACOP, CAPONGA MARKET",OTHER COMMODITIES,Cooking Oil (Coconut) 1L - 1 LITER/BOTTLE,,2026-02-11T13:58:45.973116+08:00
2026-02-11,140000000,CAR (CORDILLERA ADMINISTRATIVE REGION),ATOK PUBLIC MARKET,OTHER COMMODITIES,Cooking Oil (Coconut) 1L - 1 LITER/BOTTLE,,2026-02-11T13:58:45.973116+08:00
2026-02-11,140000000,CAR (CORDILLERA ADMINISTRATIVE REGION),BAGUIO CITY PUBLIC MARKET,OTHER COMMODITIES,Cooking Oil (Coconut) 1L - 1 LITER/BOTTLE,,2026-02-11T13:58:45.973116+08:00
2026-02-11,140000000,CAR (CORDILLERA ADMINISTRATIVE REGION),BANGUED PUBLIC MARKET,OTHER COMMODITIES,Cooking Oil (Coconut) 1L - 1 LITER/BOTTLE,,2026-02-11T13:58:45.973116+08:00
2026-02-11,140000000,CAR (CORDILLERA ADMINISTRATIVE REGION),BONTOC PUBLIC MARKET,OTHER COMMODITIES,Cooking Oil (Coconut) 1L - 1 LITER/BOTTLE,,2026-02-11T13:58:45.973116+08:00
2026-02-11,140000000,CAR (CORDILLERA ADMINISTRATIVE REGION),BULANAO PUBLIC MARKET,OTHER COMMODITIES,Cooking Oil (Coconut) 1L - 1 LITER/BOTTLE,,2026-02-11T13:58:45.973116+08:00
2026-02-11,140000000,CAR (CORDILLERA ADMINISTRATIVE REGION),DAGUPAN TABUK CITY PUBLIC MARKET,OTHER COMMODITIES,Cooking Oil (Coconut) 1L - 1 LITER/BOTTLE,,2026-02-11T13:58:45.973116+08:00
2026-02-11,140000000,CAR (CORDILLERA ADMINISTRATIVE REGION),FLORA PUBLIC MARKET,OTHER COMMODITIES,Cooking Oil (Coconut) 1L - 1 LITER/BOTTLE,,2026-02-11T13:58:45.973116+08:00
2026-02-11,140000000,CAR (CORDILLERA ADMINISTRATIVE REGION),KAYANG MARKET,OTHER COMMODITIES,Cooking Oil (Coconut) 1L - 1 LITER/BOTTLE,,2026-02-11T13:58:45.973116+08:00
2026-02-11,140000000,CAR (CORDILLERA ADMINISTRATIVE REGION),KIANGAN PUBLIC MARKET,OTHER COMMODITIES,Cooking Oil (Coconut) 1L - 1 LITER/BOTTLE,,2026-02-11T13:58:45.973116+08:00
2026-02-11,140000000,CAR (CORDILLERA ADMINISTRATIVE REGION),LA TRINIDAD PUBLIC MARKET,OTHER COMMODITIES,Cooking Oil (Coconut) 1L - 1 LITER/BOTTLE,,2026-02-11T13:58:45.973116+08:00
2026-02-11,140000000,CAR (CORDILLERA ADMINISTRATIVE REGION),LAGANGILANG PUBLIC MARKET,OTHER COMMODITIES,Cooking Oil (Coconut) 1L - 1 LITER/BOTTLE,,2026-02-11T13:58:45.973116+08:00
2026-02-11,140000000,CAR (CORDILLERA ADMINISTRATIVE REGION),LAGAWE PUBLIC MARKET,OTHER COMMODITIES,Cooking Oil (Coconut) 1L - 1 LITER/BOTTLE,,2026-02-11T13:58:45.973116+08:00
2026-02-11,140000000,CAR (CORDILLERA ADMINISTRATIVE REGION),LAMUT PUBLIC MARKET,OTHER COMMODITIES,Cooking Oil (Coconut) 1L - 1 LITER/BOTTLE,,2026-02-11T13:58:45.973116+08:00
2026-02-11,140000000,CAR (CORDILLERA ADMINISTRATIVE REGION),LUNA PUBLIC MARKET,OTHER COMMODITIES,Cooking Oil (Coconut) 1L - 1 LITER/BOTTLE,,2026-02-11T13:58:45.973116+08:00
2026-02-11,140000000,CAR (CORDILLERA ADMINISTRATIVE REGION),MABAAY PUBLIC MARKET,OTHER COMMODITIES,Cooking Oil (Coconut) 1L - 1 LITER/BOTTLE,,2026-02-11T13:58:45.973116+08:00
2026-02-11,140000000,CAR (CORDILLERA ADMINISTRATIVE REGION),MANKAYAN PUBLIC MARKET,OTHER COMMODITIES,Cooking Oil (Coconut) 1L - 1 LITER/BOTTLE,,2026-02-11T13:58:45.973116+08:00
2026-02-11,140000000,CAR (CORDILLERA ADMINISTRATIVE REGION),PIDIGAN PUBLIC MARKET,OTHER COMMODITIES,Cooking Oil (Coconut) 1L - 1 LITER/BOTTLE,,2026-02-11T13:58:45.973116+08:00
2026-02-11,140000000,CAR (CORDILLERA ADMINISTRATIVE REGION),PINUKPUK PUBLIC MARKET,OTHER COMMODITIES,Cooking Oil (Coconut) 1L - 1 LITER/BOTTLE,,2026-02-11T13:58:45.973116+08:00
2026-02-11,140000000,CAR (CORDILLERA ADMINISTRATIVE REGION),STA. MARCELA PUBLIC MARKET,OTHER COMMODITIES,Cooking Oil (Coconut) 1L - 1 LITER/BOTTLE,,2026-02-11T13:58:45.973116+08:00
2026-02-11,140000000,CAR (CORDILLERA ADMINISTRATIVE REGION),A. LISTA PUBLIC MARKET,OTHER COMMODITIES,Cooking Oil (Coconut) 350ML - 350 ML/BOTTLE,,2026-02-11T13:58:45.973116+08:00
2026-02-11,140000000,CAR (CORDILLERA ADMINISTRATIVE REGION),ABATAN PUBLIC MARKET,OTHER COMMODITIES,Cooking Oil (Coconut) 350ML - 350 ML/BOTTLE,,2026-02-11T13:58:45.973116+08:00
2026-02-11,140000000,CAR (CORDILLERA ADMINISTRATIVE REGION),ABATAN PUBLIC MARKET (MT. PROVINCE),OTHER COMMODITIES,Cooking Oil (Coconut) 350ML - 350 ML/BOTTLE,,2026-02-11T13:58:45.973116+08:00
2026-02-11,140000000,CAR (CORDILLERA ADMINISTRATIVE REGION),"ACOP, CAPONGA MARKET",OTHER COMMODITIES,Cooking Oil (Coconut) 350ML - 350 ML/BOTTLE,,2026-02-11T13:58:45.973116+08:00
2026-02-11,140000000,CAR (CORDILLERA ADMINISTRATIVE REGION),ATOK PUBLIC MARKET,OTHER COMMODITIES,Cooking Oil (Coconut) 350ML - 350 ML/BOTTLE,,2026-02-11T13:58:45.973116+08:00
2026-02-11,140000000,CAR (CORDILLERA ADMINISTRATIVE REGION),BAGUIO CITY PUBLIC MARKET,OTHER COMMODITIES,Cooking Oil (Coconut) 350ML - 350 ML/BOTTLE,,2026-02-11T13:58:45.973116+08:00
2026-02-11,140000000,CAR (CORDILLERA ADMINISTRATIVE REGION),BONTOC PUBLIC MARKET,OTHER COMMODITIES,Cooking Oil (Coconut) 350ML - 350 ML/BOTTLE,,2026-02-11T13:58:45.973116+08:00
2026-02-11,140000000,CAR (CORDILLERA ADMINISTRATIVE REGION),BULANAO PUBLIC MARKET,OTHER COMMODITIES,Cooking Oil (Coconut) 350ML - 350 ML/BOTTLE,,2026-02-11T13:58:45.973116+08:00
2026-02-11,140000000,CAR (CORDILLERA ADMINISTRATIVE REGION),DAGUPAN TABUK CITY PUBLIC MARKET,OTHER COMMODITIES,Cooking Oil (Coconut) 350ML - 350 ML/BOTTLE,,2026-02-11T13:58:45.973116+08:00
2026-02-11,140000000,CAR (CORDILLERA ADMINISTRATIVE REGION),FLORA PUBLIC MARKET,OTHER COMMODITIES,Cooking Oil (Coconut) 350ML - 350 ML/BOTTLE,,2026-02-11T13:58:45.973116+08:00
2026-02-11,140000000,CAR (CORDILLERA ADMINISTRATIVE REGION),KAYANG MARKET,OTHER COMMODITIES,Cooking Oil (Coconut) 350ML - 350 ML/BOTTLE,,2026-02-11T13:58:45.973116+08:00
2026-02-11,140000000,CAR (CORDILLERA ADMINISTRATIVE REGION),KIANGAN PUBLIC MARKET,OTHER COMMODITIES,Cooking Oil (Coconut) 350ML - 350 ML/BOTTLE,,2026-02-11T13:58:45.973116+08:00
2026-02-11,140000000,CAR (CORDILLERA ADMINISTRATIVE REGION),LA TRINIDAD PUBLIC MARKET,OTHER COMMODITIES,Cooking Oil (Coconut) 350ML - 350 ML/BOTTLE,,2026-02-11T13:58:45.973116+08:00
2026-02-11,140000000,CAR (CORDILLERA ADMINISTRATIVE REGION),LAGANGILANG PUBLIC MARKET,OTHER COMMODITIES,Cooking Oil (Coconut) 350ML - 350 ML/BOTTLE,,2026-02-11T13:58:45.973116+08:00
2026-02-11,140000000,CAR (CORDILLERA ADMINISTRATIVE REGION),LAGAWE PUBLIC MARKET,OTHER COMMODITIES,Cooking Oil (Coconut) 350ML - 350 ML/BOTTLE,,2026-02-11T13:58:45.973116+08:00
2026-02-11,140000000,CAR (CORDILLERA ADMINISTRATIVE REGION),LAMUT PUBLIC MARKET,OTHER COMMODITIES,Cooking Oil (Coconut) 350ML - 350 ML/BOTTLE,,2026-02-11T13:58:45.973116+08:00
2026-02-11,140000000,CAR (CORDILLERA ADMINISTRATIVE REGION),LUNA PUBLIC MARKET,OTHER COMMODITIES,Cooking Oil (Coconut) 350ML - 350 ML/BOTTLE,,2026-02-11T13:58:45.973116+08:00
2026-02-11,140000000,CAR (CORDILLERA ADMINISTRATIVE REGION),MABAAY PUBLIC MARKET,OTHER COMMODITIES,Cooking Oil (Coconut) 350ML - 350 ML/BOTTLE,,2026-02-11T13:58:45.973116+08:00
2026-02-11,140000000,CAR (CORDILLERA ADMINISTRATIVE REGION),MANKAYAN PUBLIC MARKET,OTHER COMMODITIES,Cooking Oil (Coconut) 350ML - 350 ML/BOTTLE,,2026-02-11T13:58:45.973116+08:00
2026-02-11,140000000,CAR (CORDILLERA ADMINISTRATIVE REGION),PIDIGAN PUBLIC MARKET,OTHER COMMODITIES,Cooking Oil (Coconut) 350ML - 350 ML/BOTTLE,,2026-02-11T13:58:45.973116+08:00
2026-02-11,140000000,CAR (CORDILLERA ADMINISTRATIVE REGION),PINUKPUK PUBLIC MARKET,OTHER COMMODITIES,Cooking Oil (Coconut) 350ML - 350 ML/BOTTLE,,2026-02-11T13:58:45.973116+08:00
2026-02-11,140000000,CAR (CORDILLERA ADMINISTRATIVE REGION),STA. MARCELA PUBLIC MARKET,OTHER COMMODITIES,Cooking Oil (Coconut) 350ML - 350 ML/BOTTLE,,2026-02-11T13:58:45.973116+08:00
2026-02-11,140000000,CAR (CORDILLERA ADMINISTRATIVE REGION),A. LISTA PUBLIC MARKET,OTHER COMMODITIES,Cooking Oil Palm 1L - 1 LITER/BOTTLE,,2026-02-11T13:58:45.973116+08:00
2026-02-11,140000000,CAR (CORDILLERA ADMINISTRATIVE REGION),ABATAN PUBLIC MARKET,OTHER COMMODITIES,Cooking Oil Palm 1L - 1 LITER/BOTTLE,,2026-02-11T13:58:45.973116+08:00
2026-02-11,140000000,CAR (CORDILLERA ADMINISTRATIVE REGION),ABATAN PUBLIC MARKET (MT. PROVINCE),OTHER COMMODITIES,Cooking Oil Palm 1L - 1 LITER/BOTTLE,,2026-02-11T13:58:45.973116+08:00
2026-02-11,140000000,CAR (CORDILLERA ADMINISTRATIVE REGION),"ACOP, CAPONGA MARKET",OTHER COMMODITIES,Cooking Oil Palm 1L - 1 LITER/BOTTLE,,2026-02-11T13:58:45.973116+08:00
2026-02-11,140000000,CAR (CORDILLERA ADMINISTRATIVE REGION),ATOK PUBLIC MARKET,OTHER COMMODITIES,Cooking Oil Palm 1L - 1 LITER/BOTTLE,,2026-02-11T13:58:45.973116+08:00
2026-02-11,140000000,CAR (CORDILLERA ADMINISTRATIVE REGION),BANGUED PUBLIC MARKET,OTHER COMMODITIES,Cooking Oil Palm 1L - 1 LITER/BOTTLE,,2026-02-11T13:58:45.973116+08:00
2026-02-11,140000000,CAR (CORDILLERA ADMINISTRATIVE REGION),BONTOC PUBLIC MARKET,OTHER COMMODITIES,Cooking Oil Palm 1L - 1 LITER/BOTTLE,,2026-02-11T13:58:45.973116+08:00
2026-02-11,140000000,CAR (CORDILLERA ADMINISTRATIVE REGION),BULANAO PUBLIC MARKET,OTHER COMMODITIES,Cooking Oil Palm 1L - 1 LITER/BOTTLE,,2026-02-11T13:58:45.973116+08:00
2026-02-11,140000000,CAR (CORDILLERA ADMINISTRATIVE REGION),DAGUPAN TABUK CITY PUBLIC MARKET,OTHER COMMODITIES,Cooking Oil Palm 1L - 1 LITER/BOTTLE,,2026-02-11T13:58:45.973116+08:00
2026-02-11,140000000,CAR (CORDILLERA ADMINISTRATIVE REGION),FLORA PUBLIC MARKET,OTHER COMMODITIES,Cooking Oil Palm 1L - 1 LITER/BOTTLE,,2026-02-11T13:58:45.973116+08:00
2026-02-11,140000000,CAR (CORDILLERA ADMINISTRATIVE REGION),KAYANG MARKET,OTHER COMMODITIES,Cooking Oil Palm 1L - 1 LITER/BOTTLE,,2026-02-11T13:58:45.973116+08:00
2026-02-11,140000000,CAR (CORDILLERA ADMINISTRATIVE REGION),KIANGAN PUBLIC MARKET,OTHER COMMODITIES,Cooking Oil Palm 1L - 1 LITER/BOTTLE,,2026-02-11T13:58:45.973116+08:00
2026-02-11,140000000,CAR (CORDILLERA ADMINISTRATIVE REGION),LA TRINIDAD PUBLIC MARKET,OTHER COMMODITIES,Cooking Oil Palm 1L - 1 LITER/BOTTLE,,2026-02-11T13:58:45.973116+08:00
2026-02-11,140000000,CAR (CORDILLERA ADMINISTRATIVE REGION),LAGANGILANG PUBLIC MARKET,OTHER COMMODITIES,Cooking Oil Palm 1L - 1 LITER/BOTTLE,,2026-02-11T13:58:45.973116+08:00
2026-02-11,140000000,CAR (CORDILLERA ADMINISTRATIVE REGION),LAGAWE PUBLIC MARKET,OTHER COMMODITIES,Cooking Oil Palm 1L - 1 LITER/BOTTLE,,2026-02-11T13:58:45.973116+08:00
2026-02-11,140000000,CAR (CORDILLERA ADMINISTRATIVE REGION),LAMUT PUBLIC MARKET,OTHER COMMODITIES,Cooking Oil Palm 1L - 1 LITER/BOTTLE,,2026-02-11T13:58:45.973116+08:00
2026-02-11,140000000,CAR (CORDILLERA ADMINISTRATIVE REGION),LUNA PUBLIC MARKET,OTHER COMMODITIES,Cooking Oil Palm 1L - 1 LITER/BOTTLE,,2026-02-11T13:58:45.973116+08:00
2026-02-11,140000000,CAR (CORDILLERA ADMINISTRATIVE REGION),MABAAY PUBLIC MARKET,OTHER COMMODITIES,Cooking Oil Palm 1L - 1 LITER/BOTTLE,,2026-02-11T13:58:45.973116+08:00
2026-02-11,140000000,CAR (CORDILLERA ADMINISTRATIVE REGION),MANKAYAN PUBLIC MARKET,OTHER COMMODITIES,Cooking Oil Palm 1L - 1 LITER/BOTTLE,,2026-02-11T13:58:45.973116+08:00
2026-02-11,140000000,CAR (CORDILLERA ADMINISTRATIVE REGION),PIDIGAN PUBLIC MARKET,OTHER COMMODITIES,Cooking Oil Palm 1L - 1 LITER/BOTTLE,,2026-02-11T13:58:45.973116+08:00
2026-02-11,140000000,CAR (CORDILLERA ADMINISTRATIVE REGION),PINUKPUK PUBLIC MARKET,OTHER COMMODITIES,Cooking Oil Palm 1L - 1 LITER/BOTTLE,,2026-02-11T13:58:45.973116+08:00
2026-02-11,140000000,CAR (CORDILLERA ADMINISTRATIVE REGION),STA. MARCELA PUBLIC MARKET,OTHER COMMODITIES,Cooking Oil Palm 1L - 1 LITER/BOTTLE,,2026-02-11T13:58:45.973116+08:00
2026-02-11,140000000,CAR (CORDILLERA ADMINISTRATIVE REGION),A. LISTA PUBLIC MARKET,OTHER COMMODITIES,Cooking Oil Palm 350ML - 350 ML/BOTTLE,,2026-02-11T13:58:45.973116+08:00
2026-02-11,140000000,CAR (CORDILLERA ADMINISTRATIVE REGION),ABATAN PUBLIC MARKET,OTHER COMMODITIES,Cooking Oil Palm 350ML - 350 ML/BOTTLE,,2026-02-11T13:58:45.973116+08:00
2026-02-11,140000000,CAR (CORDILLERA ADMINISTRATIVE REGION),ABATAN PUBLIC MARKET (MT. PROVINCE),OTHER COMMODITIES,Cooking Oil Palm 350ML - 350 ML/BOTTLE,,2026-02-11T13:58:45.973116+08:00
2026-02-11,140000000,CAR (CORDILLERA ADMINISTRATIVE REGION),"ACOP, CAPONGA MARKET",OTHER COMMODITIES,Cooking Oil Palm 350ML - 350 ML/BOTTLE,,2026-02-11T13:58:45.973116+08:00
2026-02-11,140000000,CAR (CORDILLERA ADMINISTRATIVE REGION),ATOK PUBLIC MARKET,OTHER COMMODITIES,Cooking Oil Palm 350ML - 350 ML/BOTTLE,,2026-02-11T13:58:45.973116+08:00
2026-02-11,140000000,CAR (CORDILLERA ADMINISTRATIVE REGION),BAGUIO CITY PUBLIC MARKET,OTHER COMMODITIES,Cooking Oil Palm 350ML - 350 ML/BOTTLE,,2026-02-11T13:58:45.973116+08:00
2026-02-11,140000000,CAR (CORDILLERA ADMINISTRATIVE REGION),BONTOC PUBLIC MARKET,OTHER COMMODITIES,Cooking Oil Palm 350ML - 350 ML/BOTTLE,,2026-02-11T13:58:45.973116+08:00
2026-02-11,140000000,CAR (CORDILLERA ADMINISTRATIVE REGION),BULANAO PUBLIC MARKET,OTHER COMMODITIES,Cooking Oil Palm 350ML - 350 ML/BOTTLE,,2026-02-11T13:58:45.973116+08:00
2026-02-11,140000000,CAR (CORDILLERA ADMINISTRATIVE REGION),DAGUPAN TABUK CITY PUBLIC MARKET,OTHER COMMODITIES,Cooking Oil Palm 350ML - 350 ML/BOTTLE,,2026-02-11T13:58:45.973116+08:00
2026-02-11,140000000,CAR (CORDILLERA ADMINISTRATIVE REGION),FLORA PUBLIC MARKET,OTHER COMMODITIES,Cooking Oil Palm 350ML - 350 ML/BOTTLE,,2026-02-11T13:58:45.973116+08:00
2026-02-11,140000000,CAR (CORDILLERA ADMINISTRATIVE REGION),KAYANG MARKET,OTHER COMMODITIES,Cooking Oil Palm 350ML - 350 ML/BOTTLE,,2026-02-11T13:58:45.973116+08:00
2026-02-11,140000000,CAR (CORDILLERA ADMINISTRATIVE REGION),KIANGAN PUBLIC MARKET,OTHER COMMODITIES,Cooking Oil Palm 350ML - 350 ML/BOTTLE,,2026-02-11T13:58:45.973116+08:00
2026-02-11,140000000,CAR (CORDILLERA ADMINISTRATIVE REGION),LA TRINIDAD PUBLIC MARKET,OTHER COMMODITIES,Cooking Oil Palm 350ML - 350 ML/BOTTLE,,2026-02-11T13:58:45.973116+08:00
2026-02-11,140000000,CAR (CORDILLERA ADMINISTRATIVE REGION),LAGANGILANG PUBLIC MARKET,OTHER COMMODITIES,Cooking Oil Palm 350ML - 350 ML/BOTTLE,,2026-02-11T13:58:45.973116+08:00
2026-02-11,140000000,CAR (CORDILLERA ADMINISTRATIVE REGION),LAGAWE PUBLIC MARKET,OTHER COMMODITIES,Cooking Oil Palm 350ML - 350 ML/BOTTLE,,2026-02-11T13:58:45.973116+08:00
2026-02-11,140000000,CAR (CORDILLERA ADMINISTRATIVE REGION),LAMUT PUBLIC MARKET,OTHER COMMODITIES,Cooking Oil Palm 350ML - 350 ML/BOTTLE,,2026-02-11T13:58:45.973116+08:00
2026-02-11,140000000,CAR (CORDILLERA ADMINISTRATIVE REGION),LUNA PUBLIC MARKET,OTHER COMMODITIES,Cooking Oil Palm 350ML - 350 ML/BOTTLE,,2026-02-11T13:58:45.973116+08:00
2026-02-11,140000000,CAR (CORDILLERA ADMINISTRATIVE REGION),MABAAY PUBLIC MARKET,OTHER COMMODITIES,Cooking Oil Palm 350ML - 350 ML/BOTTLE,,2026-02-11T13:58:45.973116+08:00
2026-02-11,140000000,CAR (CORDILLERA ADMINISTRATIVE REGION),MANKAYAN PUBLIC MARKET,OTHER COMMODITIES,Cooking Oil Palm 350ML - 350 ML/BOTTLE,,2026-02-11T13:58:45.973116+08:00
2026-02-11,140000000,CAR (CORDILLERA ADMINISTRATIVE REGION),PIDIGAN PUBLIC MARKET,OTHER COMMODITIES,Cooking Oil Palm 350ML - 350 ML/BOTTLE,,2026-02-11T13:58:45.973116+08:00
2026-02-11,140000000,CAR (CORDILLERA ADMINISTRATIVE REGION),PINUKPUK PUBLIC MARKET,OTHER COMMODITIES,Cooking Oil Palm 350ML - 350 ML/BOTTLE,,2026-02-11T13:58:45.973116+08:00
2026-02-11,140000000,CAR (CORDILLERA ADMINISTRATIVE REGION),STA. MARCELA PUBLIC MARKET,OTHER COMMODITIES,Cooking Oil Palm 350ML - 350 ML/BOTTLE,,2026-02-11T13:58:45.973116+08:00
2026-02-11,140000000,CAR (CORDILLERA ADMINISTRATIVE REGION),A. LISTA PUBLIC MARKET,OTHER COMMODITIES,Sugar (Brown) - KG,,2026-02-11T13:58:45.973116+08:00
2026-02-11,140000000,CAR (CORDILLERA ADMINISTRATIVE REGION),ABATAN PUBLIC MARKET,OTHER COMMODITIES,Sugar (Brown) - KG,,2026-02-11T13:58:45.973116+08:00
2026-02-11,140000000,CAR (CORDILLERA ADMINISTRATIVE REGION),ABATAN PUBLIC MARKET (MT. PROVINCE),OTHER COMMODITIES,Sugar (Brown) - KG,,2026-02-11T13:58:45.973116+08:00
2026-02-11,140000000,CAR (CORDILLERA ADMINISTRATIVE REGION),"ACOP, CAPONGA MARKET",OTHER COMMODITIES,Sugar (Brown) - KG,,2026-02-11T13:58:45.973116+08:00
2026-02-11,140000000,CAR (CORDILLERA ADMINISTRATIVE REGION),ATOK PUBLIC MARKET,OTHER COMMODITIES,Sugar (Brown) - KG,,2026-02-11T13:58:45.973116+08:00
2026-02-11,140000000,CAR (CORDILLERA ADMINISTRATIVE REGION),BAGUIO CITY PUBLIC MARKET,OTHER COMMODITIES,Sugar (Brown) - KG,,2026-02-11T13:58:45.973116+08:00
2026-02-11,140000000,CAR (CORDILLERA ADMINISTRATIVE REGION),BONTOC PUBLIC MARKET,OTHER COMMODITIES,Sugar (Brown) - KG,,2026-02-11T13:58:45.973116+08:00
2026-02-11,140000000,CAR (CORDILLERA ADMINISTRATIVE REGION),BULANAO PUBLIC MARKET,OTHER COMMODITIES,Sugar (Brown) - KG,,2026-02-11T13:58:45.973116+08:00
2026-02-11,140000000,CAR (CORDILLERA ADMINISTRATIVE REGION),DAGUPAN TABUK CITY PUBLIC MARKET,OTHER COMMODITIES,Sugar (Brown) - KG,,2026-02-11T13:58:45.973116+08:00
2026-02-11,140000000,CAR (CORDILLERA ADMINISTRATIVE REGION),FLORA PUBLIC MARKET,OTHER COMMODITIES,Sugar (Brown) - KG,,2026-02-11T13:58:45.973116+08:00
2026-02-11,140000000,CAR (CORDILLERA ADMINISTRATIVE REGION),KAYANG MARKET,OTHER COMMODITIES,Sugar (Brown) - KG,,2026-02-11T13:58:45.973116+08:00
2026-02-11,140000000,CAR (CORDILLERA ADMINISTRATIVE REGION),KIANGAN PUBLIC MARKET,OTHER COMMODITIES,Sugar (Brown) - KG,,2026-02-11T13:58:45.973116+08:00
2026-02-11,140000000,CAR (CORDILLERA ADMINISTRATIVE REGION),LA TRINIDAD PUBLIC MARKET,OTHER COMMODITIES,Sugar (Brown) - KG,,2026-02-11T13:58:45.973116+08:00
2026-02-11,140000000,CAR (CORDILLERA ADMINISTRATIVE REGION),LAGANGILANG PUBLIC MARKET,OTHER COMMODITIES,Sugar (Brown) - KG,,2026-02-11T13:58:45.973116+08:00
2026-02-11,140000000,CAR (CORDILLERA ADMINISTRATIVE REGION),LAGAWE PUBLIC MARKET,OTHER COMMODITIES,Sugar (Brown) - KG,,2026-02-11T13:58:45.973116+08:00
2026-02-11,140000000,CAR (CORDILLERA ADMINISTRATIVE REGION),LAMUT PUBLIC MARKET,OTHER COMMODITIES,Sugar (Brown) - KG,,2026-02-11T13:58:45.973116+08:00
2026-02-11,140000000,CAR (CORDILLERA ADMINISTRATIVE REGION),LUNA PUBLIC MARKET,OTHER COMMODITIES,Sugar (Brown) - KG,,2026-02-11T13:58:45.973116+08:00
2026-02-11,140000000,CAR (CORDILLERA ADMINISTRATIVE REGION),MABAAY PUBLIC MARKET,OTHER COMMODITIES,Sugar (Brown) - KG,,2026-02-11T13:58:45.973116+08:00
2026-02-11,140000000,CAR (CORDILLERA ADMINISTRATIVE REGION),MANKAYAN PUBLIC MARKET,OTHER COMMODITIES,Sugar (Brown) - KG,,2026-02-11T13:58:45.973116+08:00
2026-02-11,140000000,CAR (CORDILLERA ADMINISTRATIVE REGION),PIDIGAN PUBLIC MARKET,OTHER COMMODITIES,Sugar (Brown) - KG,,2026-02-11T13:58:45.973116+08:00
2026-02-11,140000000,CAR (CORDILLERA ADMINISTRATIVE REGION),PINUKPUK PUBLIC MARKET,OTHER COMMODITIES,Sugar (Brown) - KG,,2026-02-11T13:58:45.973116+08:00
2026-02-11,140000000,CAR (CORDILLERA ADMINISTRATIVE REGION),STA. MARCELA PUBLIC MARKET,OTHER COMMODITIES,Sugar (Brown) - KG,,2026-02-11T13:58:45.973116+08:00
2026-02-11,140000000,CAR (CORDILLERA ADMINISTRATIVE REGION),A. LISTA PUBLIC MARKET,OTHER COMMODITIES,Sugar (Refined) - KG,,2026-02-11T13:58:45.973116+08:00
2026-02-11,140000000,CAR (CORDILLERA ADMINISTRATIVE REGION),ABATAN PUBLIC MARKET,OTHER COMMODITIES,Sugar (Refined) - KG,,2026-02-11T13:58:45.973116+08:00
2026-02-11,140000000,CAR (CORDILLERA ADMINISTRATIVE REGION),ABATAN PUBLIC MARKET (MT. PROVINCE),OTHER COMMODITIES,Sugar (Refined) - KG,,2026-02-11T13:58:45.973116+08:00
2026-02-11,140000000,CAR (CORDILLERA ADMINISTRATIVE REGION),"ACOP, CAPONGA MARKET",OTHER COMMODITIES,Sugar (Refined) - KG,,2026-02-11T13:58:45.973116+08:00
2026-02-11,140000000,CAR (CORDILLERA ADMINISTRATIVE REGION),ATOK PUBLIC MARKET,OTHER COMMODITIES,Sugar (Refined) - KG,,2026-02-11T13:58:45.973116+08:00
2026-02-11,140000000,CAR (CORDILLERA ADMINISTRATIVE REGION),BAGUIO CITY PUBLIC MARKET,OTHER COMMODITIES,Sugar (Refined) - KG,,2026-02-11T13:58:45.973116+08:00
2026-02-11,140000000,CAR (CORDILLERA ADMINISTRATIVE REGION),BONTOC PUBLIC MARKET,OTHER COMMODITIES,Sugar (Refined) - KG,,2026-02-11T13:58:45.973116+08:00
2026-02-11,140000000,CAR (CORDILLERA ADMINISTRATIVE REGION),BULANAO PUBLIC MARKET,OTHER COMMODITIES,Sugar (Refined) - KG,,2026-02-11T13:58:45.973116+08:00
2026-02-11,140000000,CAR (CORDILLERA ADMINISTRATIVE REGION),DAGUPAN TABUK CITY PUBLIC MARKET,OTHER COMMODITIES,Sugar (Refined) - KG,,2026-02-11T13:58:45.973116+08:00
2026-02-11,140000000,CAR (CORDILLERA ADMINISTRATIVE REGION),FLORA PUBLIC MARKET,OTHER COMMODITIES,Sugar (Refined) - KG,,2026-02-11T13:58:45.973116+08:00
2026-02-11,140000000,CAR (CORDILLERA ADMINISTRATIVE REGION),KAYANG MARKET,OTHER COMMODITIES,Sugar (Refined) - KG,,2026-02-11T13:58:45.973116+08:00
2026-02-11,140000000,CAR (CORDILLERA ADMINISTRATIVE REGION),KIANGAN PUBLIC MARKET,OTHER COMMODITIES,Sugar (Refined) - KG,,2026-02-11T13:58:45.973116+08:00
2026-02-11,140000000,CAR (CORDILLERA ADMINISTRATIVE REGION),LA TRINIDAD PUBLIC MARKET,OTHER COMMODITIES,Sugar (Refined) - KG,,2026-02-11T13:58:45.973116+08:00
2026-02-11,140000000,CAR (CORDILLERA ADMINISTRATIVE REGION),LAGANGILANG PUBLIC MARKET,OTHER COMMODITIES,Sugar (Refined) - KG,,2026-02-11T13:58:45.973116+08:00
2026-02-11,140000000,CAR (CORDILLERA ADMINISTRATIVE REGION),LAGAWE PUBLIC MARKET,OTHER COMMODITIES,Sugar (Refined) - KG,,2026-02-11T13:58:45.973116+08:00
2026-02-11,140000000,CAR (CORDILLERA ADMINISTRATIVE REGION),LAMUT PUBLIC MARKET,OTHER COMMODITIES,Sugar (Refined) - KG,,2026-02-11T13:58:45.973116+08:00
2026-02-11,140000000,CAR (CORDILLERA ADMINISTRATIVE REGION),LUNA PUBLIC MARKET,OTHER COMMODITIES,Sugar (Refined) - KG,,2026-02-11T13:58:45.973116+08:00
2026-02-11,140000000,CAR (CORDILLERA ADMINISTRATIVE REGION),MABAAY PUBLIC MARKET,OTHER COMMODITIES,Sugar (Refined) - KG,,2026-02-11T13:58:45.973116+08:00
2026-02-11,140000000,CAR (CORDILLERA ADMINISTRATIVE REGION),MANKAYAN PUBLIC MARKET,OTHER COMMODITIES,Sugar (Refined) - KG,,2026-02-11T13:58:45.973116+08:00
2026-02-11,140000000,CAR (CORDILLERA ADMINISTRATIVE REGION),PIDIGAN PUBLIC MARKET,OTHER COMMODITIES,Sugar (Refined) - KG,,2026-02-11T13:58:45.973116+08:00
2026-02-11,140000000,CAR (CORDILLERA ADMINISTRATIVE REGION),PINUKPUK PUBLIC MARKET,OTHER COMMODITIES,Sugar (Refined) - KG,,2026-02-11T13:58:45.973116+08:00
2026-02-11,140000000,CAR (CORDILLERA ADMINISTRATIVE REGION),STA. MARCELA PUBLIC MARKET,OTHER COMMODITIES,Sugar (Refined) - KG,,2026-02-11T13:58:45.973116+08:00
2026-02-11,140000000,CAR (CORDILLERA ADMINISTRATIVE REGION),A. LISTA PUBLIC MARKET,OTHER COMMODITIES,Sugar (Washed) - KG,,2026-02-11T13:58:45.973116+08:00
2026-02-11,140000000,CAR (CORDILLERA ADMINISTRATIVE REGION),ABATAN PUBLIC MARKET,OTHER COMMODITIES,Sugar (Washed) - KG,,2026-02-11T13:58:45.973116+08:00
2026-02-11,140000000,CAR (CORDILLERA ADMINISTRATIVE REGION),ABATAN PUBLIC MARKET (MT. PROVINCE),OTHER COMMODITIES,Sugar (Washed) - KG,,2026-02-11T13:58:45.973116+08:00
2026-02-11,140000000,CAR (CORDILLERA ADMINISTRATIVE REGION),"ACOP, CAPONGA MARKET",OTHER COMMODITIES,Sugar (Washed) - KG,,2026-02-11T13:58:45.973116+08:00
2026-02-11,140000000,CAR (CORDILLERA ADMINISTRATIVE REGION),ATOK PUBLIC MARKET,OTHER COMMODITIES,Sugar (Washed) - KG,,2026-02-11T13:58:45.973116+08:00
2026-02-11,140000000,CAR (CORDILLERA ADMINISTRATIVE REGION),BAGUIO CITY PUBLIC MARKET,OTHER COMMODITIES,Sugar (Washed) - KG,,2026-02-11T13:58:45.973116+08:00
2026-02-11,140000000,CAR (CORDILLERA ADMINISTRATIVE REGION),BONTOC PUBLIC MARKET,OTHER COMMODITIES,Sugar (Washed) - KG,,2026-02-11T13:58:45.973116+08:00
2026-02-11,140000000,CAR (CORDILLERA ADMINISTRATIVE REGION),BULANAO PUBLIC MARKET,OTHER COMMODITIES,Sugar (Washed) - KG,,2026-02-11T13:58:45.973116+08:00
2026-02-11,140000000,CAR (CORDILLERA ADMINISTRATIVE REGION),DAGUPAN TABUK CITY PUBLIC MARKET,OTHER COMMODITIES,Sugar (Washed) - KG,,2026-02-11T13:58:45.973116+08:00
2026-02-11,140000000,CAR (CORDILLERA ADMINISTRATIVE REGION),FLORA PUBLIC MARKET,OTHER COMMODITIES,Sugar (Washed) - KG,,2026-02-11T13:58:45.973116+08:00
2026-02-11,140000000,CAR (CORDILLERA ADMINISTRATIVE REGION),KAYANG MARKET,OTHER COMMODITIES,Sugar (Washed) - KG,,2026-02-11T13:58:45.973116+08:00
2026-02-11,140000000,CAR (CORDILLERA ADMINISTRATIVE REGION),KIANGAN PUBLIC MARKET,OTHER COMMODITIES,Sugar (Washed) - KG,,2026-02-11T13:58:45.973116+08:00
2026-02-11,140000000,CAR (CORDILLERA ADMINISTRATIVE REGION),LA TRINIDAD PUBLIC MARKET,OTHER COMMODITIES,Sugar (Washed) - KG,,2026-02-11T13:58:45.973116+08:00
2026-02-11,140000000,CAR (CORDILLERA ADMINISTRATIVE REGION),LAGANGILANG PUBLIC MARKET,OTHER COMMODITIES,Sugar (Washed) - KG,,2026-02-11T13:58:45.973116+08:00
2026-02-11,140000000,CAR (CORDILLERA ADMINISTRATIVE REGION),LAGAWE PUBLIC MARKET,OTHER COMMODITIES,Sugar (Washed) - KG,,2026-02-11T13:58:45.973116+08:00
2026-02-11,140000000,CAR (CORDILLERA ADMINISTRATIVE REGION),LAMUT PUBLIC MARKET,OTHER COMMODITIES,Sugar (Washed) - KG,,2026-02-11T13:58:45.973116+08:00
2026-02-11,140000000,CAR (CORDILLERA ADMINISTRATIVE REGION),LUNA PUBLIC MARKET,OTHER COMMODITIES,Sugar (Washed) - KG,,2026-02-11T13:58:45.973116+08:00
2026-02-11,140000000,CAR (CORDILLERA ADMINISTRATIVE REGION),MABAAY PUBLIC MARKET,OTHER COMMODITIES,Sugar (Washed) - KG,,2026-02-11T13:58:45.973116+08:00
2026-02-11,140000000,CAR (CORDILLERA ADMINISTRATIVE REGION),MANKAYAN PUBLIC MARKET,OTHER COMMODITIES,Sugar (Washed) - KG,,2026-02-11T13:58:45.973116+08:00
2026-02-11,140000000,CAR (CORDILLERA ADMINISTRATIVE REGION),PIDIGAN PUBLIC MARKET,OTHER COMMODITIES,Sugar (Washed) - KG,,2026-02-11T13:58:45.973116+08:00
2026-02-11,140000000,CAR (CORDILLERA ADMINISTRATIVE REGION),PINUKPUK PUBLIC MARKET,OTHER COMMODITIES,Sugar (Washed) - KG,,2026-02-11T13:58:45.973116+08:00
2026-02-11,140000000,CAR (CORDILLERA ADMINISTRATIVE REGION),STA. MARCELA PUBLIC MARKET,OTHER COMMODITIES,Sugar (Washed) - KG,,2026-02-11T13:58:45.973116+08:00
2026-02-11,140000000,CAR (CORDILLERA ADMINISTRATIVE REGION),A. LISTA PUBLIC MARKET,RICE,COMMERCIAL (IMPORTED) Premium (Yellow tagged) - 5% BROKEN,,2026-02-11T13:58:45.973116+08:00
2026-02-11,140000000,CAR (CORDILLERA ADMINISTRATIVE REGION),ABATAN PUBLIC MARKET,RICE,COMMERCIAL (IMPORTED) Premium (Yellow tagged) - 5% BROKEN,,2026-02-11T13:58:45.973116+08:00
2026-02-11,140000000,CAR (CORDILLERA ADMINISTRATIVE REGION),ABATAN PUBLIC MARKET (MT. PROVINCE),RICE,COMMERCIAL (IMPORTED) Premium (Yellow tagged) - 5% BROKEN,,2026-02-11T13:58:45.973116+08:00
2026-02-11,140000000,CAR (CORDILLERA ADMINISTRATIVE REGION),"ACOP, CAPONGA MARKET",RICE,COMMERCIAL (IMPORTED) Premium (Yellow tagged) - 5% BROKEN,,2026-02-11T13:58:45.973116+08:00
2026-02-11,140000000,CAR (CORDILLERA ADMINISTRATIVE REGION),ATOK PUBLIC MARKET,RICE,COMMERCIAL (IMPORTED) Premium (Yellow tagged) - 5% BROKEN,,2026-02-11T13:58:45.973116+08:00
2026-02-11,140000000,CAR (CORDILLERA ADMINISTRATIVE REGION),BANGUED PUBLIC MARKET,RICE,COMMERCIAL (IMPORTED) Premium (Yellow tagged) - 5% BROKEN,,2026-02-11T13:58:45.973116+08:00
2026-02-11,140000000,CAR (CORDILLERA ADMINISTRATIVE REGION),BONTOC PUBLIC MARKET,RICE,COMMERCIAL (IMPORTED) Premium (Yellow tagged) - 5% BROKEN,,2026-02-11T13:58:45.973116+08:00
2026-02-11,140000000,CAR (CORDILLERA ADMINISTRATIVE REGION),BULANAO PUBLIC MARKET,RICE,COMMERCIAL (IMPORTED) Premium (Yellow tagged) - 5% BROKEN,,2026-02-11T13:58:45.973116+08:00
2026-02-11,140000000,CAR (CORDILLERA ADMINISTRATIVE REGION),DAGUPAN TABUK CITY PUBLIC MARKET,RICE,COMMERCIAL (IMPORTED) Premium (Yellow tagged) - 5% BROKEN,,2026-02-11T13:58:45.973116+08:00
2026-02-11,140000000,CAR (CORDILLERA ADMINISTRATIVE REGION),FLORA PUBLIC MARKET,RICE,COMMERCIAL (IMPORTED) Premium (Yellow tagged) - 5% BROKEN,,2026-02-11T13:58:45.973116+08:00
2026-02-11,140000000,CAR (CORDILLERA ADMINISTRATIVE REGION),KAYANG MARKET,RICE,COMMERCIAL (IMPORTED) Premium (Yellow tagged) - 5% BROKEN,,2026-02-11T13:58:45.973116+08:00
2026-02-11,140000000,CAR (CORDILLERA ADMINISTRATIVE REGION),KIANGAN PUBLIC MARKET,RICE,COMMERCIAL (IMPORTED) Premium (Yellow tagged) - 5% BROKEN,,2026-02-11T13:58:45.973116+08:00
2026-02-11,140000000,CAR (CORDILLERA ADMINISTRATIVE REGION),LA TRINIDAD PUBLIC MARKET,RICE,COMMERCIAL (IMPORTED) Premium (Yellow tagged) - 5% BROKEN,,2026-02-11T13:58:45.973116+08:00
2026-02-11,140000000,CAR (CORDILLERA ADMINISTRATIVE REGION),LAGANGILANG PUBLIC MARKET,RICE,COMMERCIAL (IMPORTED) Premium (Yellow tagged) - 5% BROKEN,,2026-02-11T13:58:45.973116+08:00
2026-02-11,140000000,CAR (CORDILLERA ADMINISTRATIVE REGION),LAGAWE PUBLIC MARKET,RICE,COMMERCIAL (IMPORTED) Premium (Yellow tagged) - 5% BROKEN,,2026-02-11T13:58:45.973116+08:00
2026-02-11,140000000,CAR (CORDILLERA ADMINISTRATIVE REGION),LAMUT PUBLIC MARKET,RICE,COMMERCIAL (IMPORTED) Premium (Yellow tagged) - 5% BROKEN,,2026-02-11T13:58:45.973116+08:00
2026-02-11,140000000,CAR (CORDILLERA ADMINISTRATIVE REGION),LUNA PUBLIC MARKET,RICE,COMMERCIAL (IMPORTED) Premium (Yellow tagged) - 5% BROKEN,,2026-02-11T13:58:45.973116+08:00
2026-02-11,140000000,CAR (CORDILLERA ADMINISTRATIVE REGION),MABAAY PUBLIC MARKET,RICE,COMMERCIAL (IMPORTED) Premium (Yellow tagged) - 5% BROKEN,,2026-02-11T13:58:45.973116+08:00
2026-02-11,140000000,CAR (CORDILLERA ADMINISTRATIVE REGION),MANKAYAN PUBLIC MARKET,RICE,COMMERCIAL (IMPORTED) Premium (Yellow tagged) - 5% BROKEN,,2026-02-11T13:58:45.973116+08:00
2026-02-11,140000000,CAR (CORDILLERA ADMINISTRATIVE REGION),PIDIGAN PUBLIC MARKET,RICE,COMMERCIAL (IMPORTED) Premium (Yellow tagged) - 5% BROKEN,,2026-02-11T13:58:45.973116+08:00
2026-02-11,140000000,CAR (CORDILLERA ADMINISTRATIVE REGION),PINUKPUK PUBLIC MARKET,RICE,COMMERCIAL (IMPORTED) Premium (Yellow tagged) - 5% BROKEN,,2026-02-11T13:58:45.973116+08:00
2026-02-11,140000000,CAR (CORDILLERA ADMINISTRATIVE REGION),STA. MARCELA PUBLIC MARKET,RICE,COMMERCIAL (IMPORTED) Premium (Yellow tagged) - 5% BROKEN,,2026-02-11T13:58:45.973116+08:00
2026-02-11,140000000,CAR (CORDILLERA ADMINISTRATIVE REGION),A. LISTA PUBLIC MARKET,RICE,COMMERCIAL (IMPORTED) Regular Milled - 20-40% BRAN STREAK,,2026-02-11T13:58:45.973116+08:00
2026-02-11,140000000,CAR (CORDILLERA ADMINISTRATIVE REGION),ABATAN PUBLIC MARKET,RICE,COMMERCIAL (IMPORTED) Regular Milled - 20-40% BRAN STREAK,,2026-02-11T13:58:45.973116+08:00
2026-02-11,140000000,CAR (CORDILLERA ADMINISTRATIVE REGION),ABATAN PUBLIC MARKET (MT. PROVINCE),RICE,COMMERCIAL (IMPORTED) Regular Milled - 20-40% BRAN STREAK,,2026-02-11T13:58:45.973116+08:00
2026-02-11,140000000,CAR (CORDILLERA ADMINISTRATIVE REGION),"ACOP, CAPONGA MARKET",RICE,COMMERCIAL (IMPORTED) Regular Milled - 20-40% BRAN STREAK,,2026-02-11T13:58:45.973116+08:00
2026-02-11,140000000,CAR (CORDILLERA ADMINISTRATIVE REGION),ATOK PUBLIC MARKET,RICE,COMMERCIAL (IMPORTED) Regular Milled - 20-40% BRAN STREAK,,2026-02-11T13:58:45.973116+08:00
2026-02-11,140000000,CAR (CORDILLERA ADMINISTRATIVE REGION),BAGUIO CITY PUBLIC MARKET,RICE,COMMERCIAL (IMPORTED) Regular Milled - 20-40% BRAN STREAK,,2026-02-11T13:58:45.973116+08:00
2026-02-11,140000000,CAR (CORDILLERA ADMINISTRATIVE REGION),BANGUED PUBLIC MARKET,RICE,COMMERCIAL (IMPORTED) Regular Milled - 20-40% BRAN STREAK,,2026-02-11T13:58:45.973116+08:00
2026-02-11,140000000,CAR (CORDILLERA ADMINISTRATIVE REGION),BONTOC PUBLIC MARKET,RICE,COMMERCIAL (IMPORTED) Regular Milled - 20-40% BRAN STREAK,,2026-02-11T13:58:45.973116+08:00
2026-02-11,140000000,CAR (CORDILLERA ADMINISTRATIVE REGION),BULANAO PUBLIC MARKET,RICE,COMMERCIAL (IMPORTED) Regular Milled - 20-40% BRAN STREAK,,2026-02-11T13:58:45.973116+08:00
2026-02-11,140000000,CAR (CORDILLERA ADMINISTRATIVE REGION),DAGUPAN TABUK CITY PUBLIC MARKET,RICE,COMMERCIAL (IMPORTED) Regular Milled - 20-40% BRAN STREAK,,2026-02-11T13:58:45.973116+08:00
2026-02-11,140000000,CAR (CORDILLERA ADMINISTRATIVE REGION),FLORA PUBLIC MARKET,RICE,COMMERCIAL (IMPORTED) Regular Milled - 20-40% BRAN STREAK,,2026-02-11T13:58:45.973116+08:00
2026-02-11,140000000,CAR (CORDILLERA ADMINISTRATIVE REGION),KAYANG MARKET,RICE,COMMERCIAL (IMPORTED) Regular Milled - 20-40% BRAN STREAK,,2026-02-11T13:58:45.973116+08:00
2026-02-11,140000000,CAR (CORDILLERA ADMINISTRATIVE REGION),KIANGAN PUBLIC MARKET,RICE,COMMERCIAL (IMPORTED) Regular Milled - 20-40% BRAN STREAK,,2026-02-11T13:58:45.973116+08:00
2026-02-11,140000000,CAR (CORDILLERA ADMINISTRATIVE REGION),LA TRINIDAD PUBLIC MARKET,RICE,COMMERCIAL (IMPORTED) Regular Milled - 20-40% BRAN STREAK,,2026-02-11T13:58:45.973116+08:00
2026-02-11,140000000,CAR (CORDILLERA ADMINISTRATIVE REGION),LAGANGILANG PUBLIC MARKET,RICE,COMMERCIAL (IMPORTED) Regular Milled - 20-40% BRAN STREAK,,2026-02-11T13:58:45.973116+08:00
2026-02-11,140000000,CAR (CORDILLERA ADMINISTRATIVE REGION),LAGAWE PUBLIC MARKET,RICE,COMMERCIAL (IMPORTED) Regular Milled - 20-40% BRAN STREAK,,2026-02-11T13:58:45.973116+08:00
2026-02-11,140000000,CAR (CORDILLERA ADMINISTRATIVE REGION),LAMUT PUBLIC MARKET,RICE,COMMERCIAL (IMPORTED) Regular Milled - 20-40% BRAN STREAK,,2026-02-11T13:58:45.973116+08:00
2026-02-11,140000000,CAR (CORDILLERA ADMINISTRATIVE REGION),LUNA PUBLIC MARKET,RICE,COMMERCIAL (IMPORTED) Regular Milled - 20-40% BRAN STREAK,,2026-02-11T13:58:45.973116+08:00
2026-02-11,140000000,CAR (CORDILLERA ADMINISTRATIVE REGION),MABAAY PUBLIC MARKET,RICE,COMMERCIAL (IMPORTED) Regular Milled - 20-40% BRAN STREAK,,2026-02-11T13:58:45.973116+08:00
2026-02-11,140000000,CAR (CORDILLERA ADMINISTRATIVE REGION),MANKAYAN PUBLIC MARKET,RICE,COMMERCIAL (IMPORTED) Regular Milled - 20-40% BRAN STREAK,,2026-02-11T13:58:45.973116+08:00
2026-02-11,140000000,CAR (CORDILLERA ADMINISTRATIVE REGION),PIDIGAN PUBLIC MARKET,RICE,COMMERCIAL (IMPORTED) Regular Milled - 20-40% BRAN STREAK,,2026-02-11T13:58:45.973116+08:00
2026-02-11,140000000,CAR (CORDILLERA ADMINISTRATIVE REGION),PINUKPUK PUBLIC MARKET,RICE,COMMERCIAL (IMPORTED) Regular Milled - 20-40% BRAN STREAK,,2026-02-11T13:58:45.973116+08:00
2026-02-11,140000000,CAR (CORDILLERA ADMINISTRATIVE REGION),STA. MARCELA PUBLIC MARKET,RICE,COMMERCIAL (IMPORTED) Regular Milled - 20-40% BRAN STREAK,,2026-02-11T13:58:45.973116+08:00
2026-02-11,140000000,CAR (CORDILLERA ADMINISTRATIVE REGION),A. LISTA PUBLIC MARKET,RICE,COMMERCIAL (IMPORTED) Special (Blue tagged) - WHITE RICE,,2026-02-11T13:58:45.973116+08:00
2026-02-11,140000000,CAR (CORDILLERA ADMINISTRATIVE REGION),ABATAN PUBLIC MARKET,RICE,COMMERCIAL (IMPORTED) Special (Blue tagged) - WHITE RICE,,2026-02-11T13:58:45.973116+08:00
2026-02-11,140000000,CAR (CORDILLERA ADMINISTRATIVE REGION),ABATAN PUBLIC MARKET (MT. PROVINCE),RICE,COMMERCIAL (IMPORTED) Special (Blue tagged) - WHITE RICE,,2026-02-11T13:58:45.973116+08:00
2026-02-11,140000000,CAR (CORDILLERA ADMINISTRATIVE REGION),"ACOP, CAPONGA MARKET",RICE,COMMERCIAL (IMPORTED) Special (Blue tagged) - WHITE RICE,,2026-02-11T13:58:45.973116+08:00
2026-02-11,140000000,CAR (CORDILLERA ADMINISTRATIVE REGION),ATOK PUBLIC MARKET,RICE,COMMERCIAL (IMPORTED) Special (Blue tagged) - WHITE RICE,,2026-02-11T13:58:45.973116+08:00
2026-02-11,140000000,CAR (CORDILLERA ADMINISTRATIVE REGION),BAGUIO CITY PUBLIC MARKET,RICE,COMMERCIAL (IMPORTED) Special (Blue tagged) - WHITE RICE,,2026-02-11T13:58:45.973116+08:00
2026-02-11,140000000,CAR (CORDILLERA ADMINISTRATIVE REGION),BANGUED PUBLIC MARKET,RICE,COMMERCIAL (IMPORTED) Special (Blue tagged) - WHITE RICE,,2026-02-11T13:58:45.973116+08:00
2026-02-11,140000000,CAR (CORDILLERA ADMINISTRATIVE REGION),BONTOC PUBLIC MARKET,RICE,COMMERCIAL (IMPORTED) Special (Blue tagged) - WHITE RICE,,2026-02-11T13:58:45.973116+08:00
2026-02-11,140000000,CAR (CORDILLERA ADMINISTRATIVE REGION),BULANAO PUBLIC MARKET,RICE,COMMERCIAL (IMPORTED) Special (Blue tagged) - WHITE RICE,,2026-02-11T13:58:45.973116+08:00
2026-02-11,140000000,CAR (CORDILLERA ADMINISTRATIVE REGION),DAGUPAN TABUK CITY PUBLIC MARKET,RICE,COMMERCIAL (IMPORTED) Special (Blue tagged) - WHITE RICE,,2026-02-11T13:58:45.973116+08:00
2026-02-11,140000000,CAR (CORDILLERA ADMINISTRATIVE REGION),FLORA PUBLIC MARKET,RICE,COMMERCIAL (IMPORTED) Special (Blue tagged) - WHITE RICE,,2026-02-11T13:58:45.973116+08:00
2026-02-11,140000000,CAR (CORDILLERA ADMINISTRATIVE REGION),KAYANG MARKET,RICE,COMMERCIAL (IMPORTED) Special (Blue tagged) - WHITE RICE,,2026-02-11T13:58:45.973116+08:00
2026-02-11,140000000,CAR (CORDILLERA ADMINISTRATIVE REGION),KIANGAN PUBLIC MARKET,RICE,COMMERCIAL (IMPORTED) Special (Blue tagged) - WHITE RICE,,2026-02-11T13:58:45.973116+08:00
2026-02-11,140000000,CAR (CORDILLERA ADMINISTRATIVE REGION),LA TRINIDAD PUBLIC MARKET,RICE,COMMERCIAL (IMPORTED) Special (Blue tagged) - WHITE RICE,,2026-02-11T13:58:45.973116+08:00
2026-02-11,140000000,CAR (CORDILLERA ADMINISTRATIVE REGION),LAGANGILANG PUBLIC MARKET,RICE,COMMERCIAL (IMPORTED) Special (Blue tagged) - WHITE RICE,,2026-02-11T13:58:45.973116+08:00
2026-02-11,140000000,CAR (CORDILLERA ADMINISTRATIVE REGION),LAGAWE PUBLIC MARKET,RICE,COMMERCIAL (IMPORTED) Special (Blue tagged) - WHITE RICE,,2026-02-11T13:58:45.973116+08:00
2026-02-11,140000000,CAR (CORDILLERA ADMINISTRATIVE REGION),LAMUT PUBLIC MARKET,RICE,COMMERCIAL (IMPORTED) Special (Blue tagged) - WHITE RICE,,2026-02-11T13:58:45.973116+08:00
2026-02-11,140000000,CAR (CORDILLERA ADMINISTRATIVE REGION),LUNA PUBLIC MARKET,RICE,COMMERCIAL (IMPORTED) Special (Blue tagged) - WHITE RICE,,2026-02-11T13:58:45.973116+08:00
2026-02-11,140000000,CAR (CORDILLERA ADMINISTRATIVE REGION),MABAAY PUBLIC MARKET,RICE,COMMERCIAL (IMPORTED) Special (Blue tagged) - WHITE RICE,,2026-02-11T13:58:45.973116+08:00
2026-02-11,140000000,CAR (CORDILLERA ADMINISTRATIVE REGION),MANKAYAN PUBLIC MARKET,RICE,COMMERCIAL (IMPORTED) Special (Blue tagged) - WHITE RICE,,2026-02-11T13:58:45.973116+08:00
2026-02-11,140000000,CAR (CORDILLERA ADMINISTRATIVE REGION),PIDIGAN PUBLIC MARKET,RICE,COMMERCIAL (IMPORTED) Special (Blue tagged) - WHITE RICE,,2026-02-11T13:58:45.973116+08:00
2026-02-11,140000000,CAR (CORDILLERA ADMINISTRATIVE REGION),PINUKPUK PUBLIC MARKET,RICE,COMMERCIAL (IMPORTED) Special (Blue tagged) - WHITE RICE,,2026-02-11T13:58:45.973116+08:00
2026-02-11,140000000,CAR (CORDILLERA ADMINISTRATIVE REGION),STA. MARCELA PUBLIC MARKET,RICE,COMMERCIAL (IMPORTED) Special (Blue tagged) - WHITE RICE,,2026-02-11T13:58:45.973116+08:00
2026-02-11,140000000,CAR (CORDILLERA ADMINISTRATIVE REGION),A. LISTA PUBLIC MARKET,RICE,COMMERCIAL (IMPORTED) Well Milled - 1-19% BRAN STREAK,,2026-02-11T13:58:45.973116+08:00
2026-02-11,140000000,CAR (CORDILLERA ADMINISTRATIVE REGION),ABATAN PUBLIC MARKET,RICE,COMMERCIAL (IMPORTED) Well Milled - 1-19% BRAN STREAK,,2026-02-11T13:58:45.973116+08:00
2026-02-11,140000000,CAR (CORDILLERA ADMINISTRATIVE REGION),ABATAN PUBLIC MARKET (MT. PROVINCE),RICE,COMMERCIAL (IMPORTED) Well Milled - 1-19% BRAN STREAK,,2026-02-11T13:58:45.973116+08:00
2026-02-11,140000000,CAR (CORDILLERA ADMINISTRATIVE REGION),"ACOP, CAPONGA MARKET",RICE,COMMERCIAL (IMPORTED) Well Milled - 1-19% BRAN STREAK,,2026-02-11T13:58:45.973116+08:00
2026-02-11,140000000,CAR (CORDILLERA ADMINISTRATIVE REGION),ATOK PUBLIC MARKET,RICE,COMMERCIAL (IMPORTED) Well Milled - 1-19% BRAN STREAK,,2026-02-11T13:58:45.973116+08:00
2026-02-11,140000000,CAR (CORDILLERA ADMINISTRATIVE REGION),BAGUIO CITY PUBLIC MARKET,RICE,COMMERCIAL (IMPORTED) Well Milled - 1-19% BRAN STREAK,,2026-02-11T13:58:45.973116+08:00
2026-02-11,140000000,CAR (CORDILLERA ADMINISTRATIVE REGION),BANGUED PUBLIC MARKET,RICE,COMMERCIAL (IMPORTED) Well Milled - 1-19% BRAN STREAK,,2026-02-11T13:58:45.973116+08:00
2026-02-11,140000000,CAR (CORDILLERA ADMINISTRATIVE REGION),BONTOC PUBLIC MARKET,RICE,COMMERCIAL (IMPORTED) Well Milled - 1-19% BRAN STREAK,,2026-02-11T13:58:45.973116+08:00
2026-02-11,140000000,CAR (CORDILLERA ADMINISTRATIVE REGION),BULANAO PUBLIC MARKET,RICE,COMMERCIAL (IMPORTED) Well Milled - 1-19% BRAN STREAK,,2026-02-11T13:58:45.973116+08:00
2026-02-11,140000000,CAR (CORDILLERA ADMINISTRATIVE REGION),DAGUPAN TABUK CITY PUBLIC MARKET,RICE,COMMERCIAL (IMPORTED) Well Milled - 1-19% BRAN STREAK,,2026-02-11T13:58:45.973116+08:00
2026-02-11,140000000,CAR (CORDILLERA ADMINISTRATIVE REGION),FLORA PUBLIC MARKET,RICE,COMMERCIAL (IMPORTED) Well Milled - 1-19% BRAN STREAK,,2026-02-11T13:58:45.973116+08:00
2026-02-11,140000000,CAR (CORDILLERA ADMINISTRATIVE REGION),KAYANG MARKET,RICE,COMMERCIAL (IMPORTED) Well Milled - 1-19% BRAN STREAK,,2026-02-11T13:58:45.973116+08:00
2026-02-11,140000000,CAR (CORDILLERA ADMINISTRATIVE REGION),KIANGAN PUBLIC MARKET,RICE,COMMERCIAL (IMPORTED) Well Milled - 1-19% BRAN STREAK,,2026-02-11T13:58:45.973116+08:00
2026-02-11,140000000,CAR (CORDILLERA ADMINISTRATIVE REGION),LA TRINIDAD PUBLIC MARKET,RICE,COMMERCIAL (IMPORTED) Well Milled - 1-19% BRAN STREAK,,2026-02-11T13:58:45.973116+08:00
2026-02-11,140000000,CAR (CORDILLERA ADMINISTRATIVE REGION),LAGANGILANG PUBLIC MARKET,RICE,COMMERCIAL (IMPORTED) Well Milled - 1-19% BRAN STREAK,,2026-02-11T13:58:45.973116+08:00
2026-02-11,140000000,CAR (CORDILLERA ADMINISTRATIVE REGION),LAGAWE PUBLIC MARKET,RICE,COMMERCIAL (IMPORTED) Well Milled - 1-19% BRAN STREAK,,2026-02-11T13:58:45.973116+08:00
2026-02-11,140000000,CAR (CORDILLERA ADMINISTRATIVE REGION),LAMUT PUBLIC MARKET,RICE,COMMERCIAL (IMPORTED) Well Milled - 1-19% BRAN STREAK,,2026-02-11T13:58:45.973116+08:00
2026-02-11,140000000,CAR (CORDILLERA ADMINISTRATIVE REGION),LUNA PUBLIC MARKET,RICE,COMMERCIAL (IMPORTED) Well Milled - 1-19% BRAN STREAK,,2026-02-11T13:58:45.973116+08:00
2026-02-11,140000000,CAR (CORDILLERA ADMINISTRATIVE REGION),MABAAY PUBLIC MARKET,RICE,COMMERCIAL (IMPORTED) Well Milled - 1-19% BRAN STREAK,,2026-02-11T13:58:45.973116+08:00
2026-02-11,140000000,CAR (CORDILLERA ADMINISTRATIVE REGION),MANKAYAN PUBLIC MARKET,RICE,COMMERCIAL (IMPORTED) Well Milled - 1-19% BRAN STREAK,,2026-02-11T13:58:45.973116+08:00
2026-02-11,140000000,CAR (CORDILLERA ADMINISTRATIVE REGION),PIDIGAN PUBLIC MARKET,RICE,COMMERCIAL (IMPORTED) Well Milled - 1-19% BRAN STREAK,,2026-02-11T13:58:45.973116+08:00
2026-02-11,140000000,CAR (CORDILLERA ADMINISTRATIVE REGION),PINUKPUK PUBLIC MARKET,RICE,COMMERCIAL (IMPORTED) Well Milled - 1-19% BRAN STREAK,,2026-02-11T13:58:45.973116+08:00
2026-02-11,140000000,CAR (CORDILLERA ADMINISTRATIVE REGION),STA. MARCELA PUBLIC MARKET,RICE,COMMERCIAL (IMPORTED) Well Milled - 1-19% BRAN STREAK,,2026-02-11T13:58:45.973116+08:00
2026-02-11,140000000,CAR (CORDILLERA ADMINISTRATIVE REGION),A. LISTA PUBLIC MARKET,RICE,COMMERCIAL (LOCAL) Premium (Yellow tagged) - 5% BROKEN,,2026-02-11T13:58:45.973116+08:00
2026-02-11,140000000,CAR (CORDILLERA ADMINISTRATIVE REGION),ABATAN PUBLIC MARKET,RICE,COMMERCIAL (LOCAL) Premium (Yellow tagged) - 5% BROKEN,,2026-02-11T13:58:45.973116+08:00
2026-02-11,140000000,CAR (CORDILLERA ADMINISTRATIVE REGION),ABATAN PUBLIC MARKET (MT. PROVINCE),RICE,COMMERCIAL (LOCAL) Premium (Yellow tagged) - 5% BROKEN,,2026-02-11T13:58:45.973116+08:00
2026-02-11,140000000,CAR (CORDILLERA ADMINISTRATIVE REGION),"ACOP, CAPONGA MARKET",RICE,COMMERCIAL (LOCAL) Premium (Yellow tagged) - 5% BROKEN,,2026-02-11T13:58:45.973116+08:00
2026-02-11,140000000,CAR (CORDILLERA ADMINISTRATIVE REGION),ATOK PUBLIC MARKET,RICE,COMMERCIAL (LOCAL) Premium (Yellow tagged) - 5% BROKEN,,2026-02-11T13:58:45.973116+08:00
2026-02-11,140000000,CAR (CORDILLERA ADMINISTRATIVE REGION),BONTOC PUBLIC MARKET,RICE,COMMERCIAL (LOCAL) Premium (Yellow tagged) - 5% BROKEN,,2026-02-11T13:58:45.973116+08:00
2026-02-11,140000000,CAR (CORDILLERA ADMINISTRATIVE REGION),BULANAO PUBLIC MARKET,RICE,COMMERCIAL (LOCAL) Premium (Yellow tagged) - 5% BROKEN,,2026-02-11T13:58:45.973116+08:00
2026-02-11,140000000,CAR (CORDILLERA ADMINISTRATIVE REGION),DAGUPAN TABUK CITY PUBLIC MARKET,RICE,COMMERCIAL (LOCAL) Premium (Yellow tagged) - 5% BROKEN,,2026-02-11T13:58:45.973116+08:00
2026-02-11,140000000,CAR (CORDILLERA ADMINISTRATIVE REGION),FLORA PUBLIC MARKET,RICE,COMMERCIAL (LOCAL) Premium (Yellow tagged) - 5% BROKEN,,2026-02-11T13:58:45.973116+08:00
2026-02-11,140000000,CAR (CORDILLERA ADMINISTRATIVE REGION),KAYANG MARKET,RICE,COMMERCIAL (LOCAL) Premium (Yellow tagged) - 5% BROKEN,,2026-02-11T13:58:45.973116+08:00
2026-02-11,140000000,CAR (CORDILLERA ADMINISTRATIVE REGION),KIANGAN PUBLIC MARKET,RICE,COMMERCIAL (LOCAL) Premium (Yellow tagged) - 5% BROKEN,,2026-02-11T13:58:45.973116+08:00
2026-02-11,140000000,CAR (CORDILLERA ADMINISTRATIVE REGION),LA TRINIDAD PUBLIC MARKET,RICE,COMMERCIAL (LOCAL) Premium (Yellow tagged) - 5% BROKEN,,2026-02-11T13:58:45.973116+08:00
2026-02-11,140000000,CAR (CORDILLERA ADMINISTRATIVE REGION),LAGANGILANG PUBLIC MARKET,RICE,COMMERCIAL (LOCAL) Premium (Yellow tagged) - 5% BROKEN,,2026-02-11T13:58:45.973116+08:00
2026-02-11,140000000,CAR (CORDILLERA ADMINISTRATIVE REGION),LAGAWE PUBLIC MARKET,RICE,COMMERCIAL (LOCAL) Premium (Yellow tagged) - 5% BROKEN,,2026-02-11T13:58:45.973116+08:00
2026-02-11,140000000,CAR (CORDILLERA ADMINISTRATIVE REGION),LAMUT PUBLIC MARKET,RICE,COMMERCIAL (LOCAL) Premium (Yellow tagged) - 5% BROKEN,,2026-02-11T13:58:45.973116+08:00
2026-02-11,140000000,CAR (CORDILLERA ADMINISTRATIVE REGION),LUNA PUBLIC MARKET,RICE,COMMERCIAL (LOCAL) Premium (Yellow tagged) - 5% BROKEN,,2026-02-11T13:58:45.973116+08:00
2026-02-11,140000000,CAR (CORDILLERA ADMINISTRATIVE REGION),MABAAY PUBLIC MARKET,RICE,COMMERCIAL (LOCAL) Premium (Yellow tagged) - 5% BROKEN,,2026-02-11T13:58:45.973116+08:00
2026-02-11,140000000,CAR (CORDILLERA ADMINISTRATIVE REGION),MANKAYAN PUBLIC MARKET,RICE,COMMERCIAL (LOCAL) Premium (Yellow tagged) - 5% BROKEN,,2026-02-11T13:58:45.973116+08:00
2026-02-11,140000000,CAR (CORDILLERA ADMINISTRATIVE REGION),PIDIGAN PUBLIC MARKET,RICE,COMMERCIAL (LOCAL) Premium (Yellow tagged) - 5% BROKEN,,2026-02-11T13:58:45.973116+08:00
2026-02-11,140000000,CAR (CORDILLERA ADMINISTRATIVE REGION),PINUKPUK PUBLIC MARKET,RICE,COMMERCIAL (LOCAL) Premium (Yellow tagged) - 5% BROKEN,,2026-02-11T13:58:45.973116+08:00
2026-02-11,140000000,CAR (CORDILLERA ADMINISTRATIVE REGION),STA. MARCELA PUBLIC MARKET,RICE,COMMERCIAL (LOCAL) Premium (Yellow tagged) - 5% BROKEN,,2026-02-11T13:58:45.973116+08:00
2026-02-11,140000000,CAR (CORDILLERA ADMINISTRATIVE REGION),A. LISTA PUBLIC MARKET,RICE,COMMERCIAL (LOCAL) Regular Milled - 20-40% BRAN STREAK,,2026-02-11T13:58:45.973116+08:00
2026-02-11,140000000,CAR (CORDILLERA ADMINISTRATIVE REGION),ABATAN PUBLIC MARKET,RICE,COMMERCIAL (LOCAL) Regular Milled - 20-40% BRAN STREAK,,2026-02-11T13:58:45.973116+08:00
2026-02-11,140000000,CAR (CORDILLERA ADMINISTRATIVE REGION),ABATAN PUBLIC MARKET (MT. PROVINCE),RICE,COMMERCIAL (LOCAL) Regular Milled - 20-40% BRAN STREAK,,2026-02-11T13:58:45.973116+08:00
2026-02-11,140000000,CAR (CORDILLERA ADMINISTRATIVE REGION),"ACOP, CAPONGA MARKET",RICE,COMMERCIAL (LOCAL) Regular Milled - 20-40% BRAN STREAK,,2026-02-11T13:58:45.973116+08:00
2026-02-11,140000000,CAR (CORDILLERA ADMINISTRATIVE REGION),ATOK PUBLIC MARKET,RICE,COMMERCIAL (LOCAL) Regular Milled - 20-40% BRAN STREAK,,2026-02-11T13:58:45.973116+08:00
2026-02-11,140000000,CAR (CORDILLERA ADMINISTRATIVE REGION),BONTOC PUBLIC MARKET,RICE,COMMERCIAL (LOCAL) Regular Milled - 20-40% BRAN STREAK,,2026-02-11T13:58:45.973116+08:00
2026-02-11,140000000,CAR (CORDILLERA ADMINISTRATIVE REGION),BULANAO PUBLIC MARKET,RICE,COMMERCIAL (LOCAL) Regular Milled - 20-40% BRAN STREAK,,2026-02-11T13:58:45.973116+08:00
2026-02-11,140000000,CAR (CORDILLERA ADMINISTRATIVE REGION),DAGUPAN TABUK CITY PUBLIC MARKET,RICE,COMMERCIAL (LOCAL) Regular Milled - 20-40% BRAN STREAK,,2026-02-11T13:58:45.973116+08:00
2026-02-11,140000000,CAR (CORDILLERA ADMINISTRATIVE REGION),FLORA PUBLIC MARKET,RICE,COMMERCIAL (LOCAL) Regular Milled - 20-40% BRAN STREAK,,2026-02-11T13:58:45.973116+08:00
2026-02-11,140000000,CAR (CORDILLERA ADMINISTRATIVE REGION),KAYANG MARKET,RICE,COMMERCIAL (LOCAL) Regular Milled - 20-40% BRAN STREAK,,2026-02-11T13:58:45.973116+08:00
2026-02-11,140000000,CAR (CORDILLERA ADMINISTRATIVE REGION),KIANGAN PUBLIC MARKET,RICE,COMMERCIAL (LOCAL) Regular Milled - 20-40% BRAN STREAK,,2026-02-11T13:58:45.973116+08:00
2026-02-11,140000000,CAR (CORDILLERA ADMINISTRATIVE REGION),LA TRINIDAD PUBLIC MARKET,RICE,COMMERCIAL (LOCAL) Regular Milled - 20-40% BRAN STREAK,,2026-02-11T13:58:45.973116+08:00
2026-02-11,140000000,CAR (CORDILLERA ADMINISTRATIVE REGION),LAGANGILANG PUBLIC MARKET,RICE,COMMERCIAL (LOCAL) Regular Milled - 20-40% BRAN STREAK,,2026-02-11T13:58:45.973116+08:00
2026-02-11,140000000,CAR (CORDILLERA ADMINISTRATIVE REGION),LAGAWE PUBLIC MARKET,RICE,COMMERCIAL (LOCAL) Regular Milled - 20-40% BRAN STREAK,,2026-02-11T13:58:45.973116+08:00
2026-02-11,140000000,CAR (CORDILLERA ADMINISTRATIVE REGION),LAMUT PUBLIC MARKET,RICE,COMMERCIAL (LOCAL) Regular Milled - 20-40% BRAN STREAK,,2026-02-11T13:58:45.973116+08:00
2026-02-11,140000000,CAR (CORDILLERA ADMINISTRATIVE REGION),LUNA PUBLIC MARKET,RICE,COMMERCIAL (LOCAL) Regular Milled - 20-40% BRAN STREAK,,2026-02-11T13:58:45.973116+08:00
2026-02-11,140000000,CAR (CORDILLERA ADMINISTRATIVE REGION),MABAAY PUBLIC MARKET,RICE,COMMERCIAL (LOCAL) Regular Milled - 20-40% BRAN STREAK,,2026-02-11T13:58:45.973116+08:00
2026-02-11,140000000,CAR (CORDILLERA ADMINISTRATIVE REGION),MANKAYAN PUBLIC MARKET,RICE,COMMERCIAL (LOCAL) Regular Milled - 20-40% BRAN STREAK,,2026-02-11T13:58:45.973116+08:00
2026-02-11,140000000,CAR (CORDILLERA ADMINISTRATIVE REGION),PIDIGAN PUBLIC MARKET,RICE,COMMERCIAL (LOCAL) Regular Milled - 20-40% BRAN STREAK,,2026-02-11T13:58:45.973116+08:00
2026-02-11,140000000,CAR (CORDILLERA ADMINISTRATIVE REGION),PINUKPUK PUBLIC MARKET,RICE,COMMERCIAL (LOCAL) Regular Milled - 20-40% BRAN STREAK,,2026-02-11T13:58:45.973116+08:00
2026-02-11,140000000,CAR (CORDILLERA ADMINISTRATIVE REGION),STA. MARCELA PUBLIC MARKET,RICE,COMMERCIAL (LOCAL) Regular Milled - 20-40% BRAN STREAK,,2026-02-11T13:58:45.973116+08:00
2026-02-11,140000000,CAR (CORDILLERA ADMINISTRATIVE REGION),A. LISTA PUBLIC MARKET,RICE,COMMERCIAL (LOCAL) Special (Blue tagged) - WHITE RICE,,2026-02-11T13:58:45.973116+08:00
2026-02-11,140000000,CAR (CORDILLERA ADMINISTRATIVE REGION),ABATAN PUBLIC MARKET,RICE,COMMERCIAL (LOCAL) Special (Blue tagged) - WHITE RICE,,2026-02-11T13:58:45.973116+08:00
2026-02-11,140000000,CAR (CORDILLERA ADMINISTRATIVE REGION),ABATAN PUBLIC MARKET (MT. PROVINCE),RICE,COMMERCIAL (LOCAL) Special (Blue tagged) - WHITE RICE,,2026-02-11T13:58:45.973116+08:00
2026-02-11,140000000,CAR (CORDILLERA ADMINISTRATIVE REGION),"ACOP, CAPONGA MARKET",RICE,COMMERCIAL (LOCAL) Special (Blue tagged) - WHITE RICE,,2026-02-11T13:58:45.973116+08:00
2026-02-11,140000000,CAR (CORDILLERA ADMINISTRATIVE REGION),ATOK PUBLIC MARKET,RICE,COMMERCIAL (LOCAL) Special (Blue tagged) - WHITE RICE,,2026-02-11T13:58:45.973116+08:00
2026-02-11,140000000,CAR (CORDILLERA ADMINISTRATIVE REGION),BONTOC PUBLIC MARKET,RICE,COMMERCIAL (LOCAL) Special (Blue tagged) - WHITE RICE,,2026-02-11T13:58:45.973116+08:00
2026-02-11,140000000,CAR (CORDILLERA ADMINISTRATIVE REGION),BULANAO PUBLIC MARKET,RICE,COMMERCIAL (LOCAL) Special (Blue tagged) - WHITE RICE,,2026-02-11T13:58:45.973116+08:00
2026-02-11,140000000,CAR (CORDILLERA ADMINISTRATIVE REGION),DAGUPAN TABUK CITY PUBLIC MARKET,RICE,COMMERCIAL (LOCAL) Special (Blue tagged) - WHITE RICE,,2026-02-11T13:58:45.973116+08:00
2026-02-11,140000000,CAR (CORDILLERA ADMINISTRATIVE REGION),FLORA PUBLIC MARKET,RICE,COMMERCIAL (LOCAL) Special (Blue tagged) - WHITE RICE,,2026-02-11T13:58:45.973116+08:00
2026-02-11,140000000,CAR (CORDILLERA ADMINISTRATIVE REGION),KAYANG MARKET,RICE,COMMERCIAL (LOCAL) Special (Blue tagged) - WHITE RICE,,2026-02-11T13:58:45.973116+08:00
2026-02-11,140000000,CAR (CORDILLERA ADMINISTRATIVE REGION),KIANGAN PUBLIC MARKET,RICE,COMMERCIAL (LOCAL) Special (Blue tagged) - WHITE RICE,,2026-02-11T13:58:45.973116+08:00
2026-02-11,140000000,CAR (CORDILLERA ADMINISTRATIVE REGION),LA TRINIDAD PUBLIC MARKET,RICE,COMMERCIAL (LOCAL) Special (Blue tagged) - WHITE RICE,,2026-02-11T13:58:45.973116+08:00
2026-02-11,140000000,CAR (CORDILLERA ADMINISTRATIVE REGION),LAGANGILANG PUBLIC MARKET,RICE,COMMERCIAL (LOCAL) Special (Blue tagged) - WHITE RICE,,2026-02-11T13:58:45.973116+08:00
2026-02-11,140000000,CAR (CORDILLERA ADMINISTRATIVE REGION),LAGAWE PUBLIC MARKET,RICE,COMMERCIAL (LOCAL) Special (Blue tagged) - WHITE RICE,,2026-02-11T13:58:45.973116+08:00
2026-02-11,140000000,CAR (CORDILLERA ADMINISTRATIVE REGION),LAMUT PUBLIC MARKET,RICE,COMMERCIAL (LOCAL) Special (Blue tagged) - WHITE RICE,,2026-02-11T13:58:45.973116+08:00
2026-02-11,140000000,CAR (CORDILLERA ADMINISTRATIVE REGION),LUNA PUBLIC MARKET,RICE,COMMERCIAL (LOCAL) Special (Blue tagged) - WHITE RICE,,2026-02-11T13:58:45.973116+08:00
2026-02-11,140000000,CAR (CORDILLERA ADMINISTRATIVE REGION),MABAAY PUBLIC MARKET,RICE,COMMERCIAL (LOCAL) Special (Blue tagged) - WHITE RICE,,2026-02-11T13:58:45.973116+08:00
2026-02-11,140000000,CAR (CORDILLERA ADMINISTRATIVE REGION),MANKAYAN PUBLIC MARKET,RICE,COMMERCIAL (LOCAL) Special (Blue tagged) - WHITE RICE,,2026-02-11T13:58:45.973116+08:00
2026-02-11,140000000,CAR (CORDILLERA ADMINISTRATIVE REGION),PIDIGAN PUBLIC MARKET,RICE,COMMERCIAL (LOCAL) Special (Blue tagged) - WHITE RICE,,2026-02-11T13:58:45.973116+08:00
2026-02-11,140000000,CAR (CORDILLERA ADMINISTRATIVE REGION),PINUKPUK PUBLIC MARKET,RICE,COMMERCIAL (LOCAL) Special (Blue tagged) - WHITE RICE,,2026-02-11T13:58:45.973116+08:00
2026-02-11,140000000,CAR (CORDILLERA ADMINISTRATIVE REGION),STA. MARCELA PUBLIC MARKET,RICE,COMMERCIAL (LOCAL) Special (Blue tagged) - WHITE RICE,,2026-02-11T13:58:45.973116+08:00
2026-02-11,140000000,CAR (CORDILLERA ADMINISTRATIVE REGION),A. LISTA PUBLIC MARKET,RICE,COMMERCIAL (LOCAL) Well Milled - 1-19% BRAN STREAK,,2026-02-11T13:58:45.973116+08:00
2026-02-11,140000000,CAR (CORDILLERA ADMINISTRATIVE REGION),ABATAN PUBLIC MARKET,RICE,COMMERCIAL (LOCAL) Well Milled - 1-19% BRAN STREAK,,2026-02-11T13:58:45.973116+08:00
2026-02-11,140000000,CAR (CORDILLERA ADMINISTRATIVE REGION),ABATAN PUBLIC MARKET (MT. PROVINCE),RICE,COMMERCIAL (LOCAL) Well Milled - 1-19% BRAN STREAK,,2026-02-11T13:58:45.973116+08:00
2026-02-11,140000000,CAR (CORDILLERA ADMINISTRATIVE REGION),"ACOP, CAPONGA MARKET",RICE,COMMERCIAL (LOCAL) Well Milled - 1-19% BRAN STREAK,,2026-02-11T13:58:45.973116+08:00
2026-02-11,140000000,CAR (CORDILLERA ADMINISTRATIVE REGION),ATOK PUBLIC MARKET,RICE,COMMERCIAL (LOCAL) Well Milled - 1-19% BRAN STREAK,,2026-02-11T13:58:45.973116+08:00
2026-02-11,140000000,CAR (CORDILLERA ADMINISTRATIVE REGION),BONTOC PUBLIC MARKET,RICE,COMMERCIAL (LOCAL) Well Milled - 1-19% BRAN STREAK,,2026-02-11T13:58:45.973116+08:00
2026-02-11,140000000,CAR (CORDILLERA ADMINISTRATIVE REGION),BULANAO PUBLIC MARKET,RICE,COMMERCIAL (LOCAL) Well Milled - 1-19% BRAN STREAK,,2026-02-11T13:58:45.973116+08:00
2026-02-11,140000000,CAR (CORDILLERA ADMINISTRATIVE REGION),DAGUPAN TABUK CITY PUBLIC MARKET,RICE,COMMERCIAL (LOCAL) Well Milled - 1-19% BRAN STREAK,,2026-02-11T13:58:45.973116+08:00
2026-02-11,140000000,CAR (CORDILLERA ADMINISTRATIVE REGION),FLORA PUBLIC MARKET,RICE,COMMERCIAL (LOCAL) Well Milled - 1-19% BRAN STREAK,,2026-02-11T13:58:45.973116+08:00
2026-02-11,140000000,CAR (CORDILLERA ADMINISTRATIVE REGION),KAYANG MARKET,RICE,COMMERCIAL (LOCAL) Well Milled - 1-19% BRAN STREAK,,2026-02-11T13:58:45.973116+08:00
2026-02-11,140000000,CAR (CORDILLERA ADMINISTRATIVE REGION),KIANGAN PUBLIC MARKET,RICE,COMMERCIAL (LOCAL) Well Milled - 1-19% BRAN STREAK,,2026-02-11T13:58:45.973116+08:00
2026-02-11,140000000,CAR (CORDILLERA ADMINISTRATIVE REGION),LA TRINIDAD PUBLIC MARKET,RICE,COMMERCIAL (LOCAL) Well Milled - 1-19% BRAN STREAK,,2026-02-11T13:58:45.973116+08:00
2026-02-11,140000000,CAR (CORDILLERA ADMINISTRATIVE REGION),LAGANGILANG PUBLIC MARKET,RICE,COMMERCIAL (LOCAL) Well Milled - 1-19% BRAN STREAK,,2026-02-11T13:58:45.973116+08:00
2026-02-11,140000000,CAR (CORDILLERA ADMINISTRATIVE REGION),LAGAWE PUBLIC MARKET,RICE,COMMERCIAL (LOCAL) Well Milled - 1-19% BRAN STREAK,,2026-02-11T13:58:45.973116+08:00
2026-02-11,140000000,CAR (CORDILLERA ADMINISTRATIVE REGION),LAMUT PUBLIC MARKET,RICE,COMMERCIAL (LOCAL) Well Milled - 1-19% BRAN STREAK,,2026-02-11T13:58:45.973116+08:00
2026-02-11,140000000,CAR (CORDILLERA ADMINISTRATIVE REGION),LUNA PUBLIC MARKET,RICE,COMMERCIAL (LOCAL) Well Milled - 1-19% BRAN STREAK,,2026-02-11T13:58:45.973116+08:00
2026-02-11,140000000,CAR (CORDILLERA ADMINISTRATIVE REGION),MABAAY PUBLIC MARKET,RICE,COMMERCIAL (LOCAL) Well Milled - 1-19% BRAN STREAK,,2026-02-11T13:58:45.973116+08:00
2026-02-11,140000000,CAR (CORDILLERA ADMINISTRATIVE REGION),MANKAYAN PUBLIC MARKET,RICE,COMMERCIAL (LOCAL) Well Milled - 1-19% BRAN STREAK,,2026-02-11T13:58:45.973116+08:00
2026-02-11,140000000,CAR (CORDILLERA ADMINISTRATIVE REGION),PIDIGAN PUBLIC MARKET,RICE,COMMERCIAL (LOCAL) Well Milled - 1-19% BRAN STREAK,,2026-02-11T13:58:45.973116+08:00
2026-02-11,140000000,CAR (CORDILLERA ADMINISTRATIVE REGION),PINUKPUK PUBLIC MARKET,RICE,COMMERCIAL (LOCAL) Well Milled - 1-19% BRAN STREAK,,2026-02-11T13:58:45.973116+08:00
2026-02-11,140000000,CAR (CORDILLERA ADMINISTRATIVE REGION),STA. MARCELA PUBLIC MARKET,RICE,COMMERCIAL (LOCAL) Well Milled - 1-19% BRAN STREAK,,2026-02-11T13:58:45.973116+08:00
2026-02-11,140000000,CAR (CORDILLERA ADMINISTRATIVE REGION),A. LISTA PUBLIC MARKET,RICE,NFA - KG,,2026-02-11T13:58:45.973116+08:00
2026-02-11,140000000,CAR (CORDILLERA ADMINISTRATIVE REGION),ABATAN PUBLIC MARKET,RICE,NFA - KG,,2026-02-11T13:58:45.973116+08:00
2026-02-11,140000000,CAR (CORDILLERA ADMINISTRATIVE REGION),ABATAN PUBLIC MARKET (MT. PROVINCE),RICE,NFA - KG,,2026-02-11T13:58:45.973116+08:00
2026-02-11,140000000,CAR (CORDILLERA ADMINISTRATIVE REGION),"ACOP, CAPONGA MARKET",RICE,NFA - KG,,2026-02-11T13:58:45.973116+08:00
2026-02-11,140000000,CAR (CORDILLERA ADMINISTRATIVE REGION),ATOK PUBLIC MARKET,RICE,NFA - KG,,2026-02-11T13:58:45.973116+08:00
2026-02-11,140000000,CAR (CORDILLERA ADMINISTRATIVE REGION),BAGUIO CITY PUBLIC MARKET,RICE,NFA - KG,,2026-02-11T13:58:45.973116+08:00
2026-02-11,140000000,CAR (CORDILLERA ADMINISTRATIVE REGION),BANGUED PUBLIC MARKET,RICE,NFA - KG,,2026-02-11T13:58:45.973116+08:00
2026-02-11,140000000,CAR (CORDILLERA ADMINISTRATIVE REGION),BONTOC PUBLIC MARKET,RICE,NFA - KG,,2026-02-11T13:58:45.973116+08:00
2026-02-11,140000000,CAR (CORDILLERA ADMINISTRATIVE REGION),BULANAO PUBLIC MARKET,RICE,NFA - KG,,2026-02-11T13:58:45.973116+08:00
2026-02-11,140000000,CAR (CORDILLERA ADMINISTRATIVE REGION),DAGUPAN TABUK CITY PUBLIC MARKET,RICE,NFA - KG,,2026-02-11T13:58:45.973116+08:00
2026-02-11,140000000,CAR (CORDILLERA ADMINISTRATIVE REGION),FLORA PUBLIC MARKET,RICE,NFA - KG,,2026-02-11T13:58:45.973116+08:00
2026-02-11,140000000,CAR (CORDILLERA ADMINISTRATIVE REGION),KAYANG MARKET,RICE,NFA - KG,,2026-02-11T13:58:45.973116+08:00
2026-02-11,140000000,CAR (CORDILLERA ADMINISTRATIVE REGION),KIANGAN PUBLIC MARKET,RICE,NFA - KG,,2026-02-11T13:58:45.973116+08:00
2026-02-11,140000000,CAR (CORDILLERA ADMINISTRATIVE REGION),LA TRINIDAD PUBLIC MARKET,RICE,NFA - KG,,2026-02-11T13:58:45.973116+08:00
2026-02-11,140000000,CAR (CORDILLERA ADMINISTRATIVE REGION),LAGANGILANG PUBLIC MARKET,RICE,NFA - KG,,2026-02-11T13:58:45.973116+08:00
2026-02-11,140000000,CAR (CORDILLERA ADMINISTRATIVE REGION),LAGAWE PUBLIC MARKET,RICE,NFA - KG,,2026-02-11T13:58:45.973116+08:00
2026-02-11,140000000,CAR (CORDILLERA ADMINISTRATIVE REGION),LAMUT PUBLIC MARKET,RICE,NFA - KG,,2026-02-11T13:58:45.973116+08:00
2026-02-11,140000000,CAR (CORDILLERA ADMINISTRATIVE REGION),LUNA PUBLIC MARKET,RICE,NFA - KG,,2026-02-11T13:58:45.973116+08:00
2026-02-11,140000000,CAR (CORDILLERA ADMINISTRATIVE REGION),MABAAY PUBLIC MARKET,RICE,NFA - KG,,2026-02-11T13:58:45.973116+08:00
2026-02-11,140000000,CAR (CORDILLERA ADMINISTRATIVE REGION),MANKAYAN PUBLIC MARKET,RICE,NFA - KG,,2026-02-11T13:58:45.973116+08:00
2026-02-11,140000000,CAR (CORDILLERA ADMINISTRATIVE REGION),PIDIGAN PUBLIC MARKET,RICE,NFA - KG,,2026-02-11T13:58:45.973116+08:00
2026-02-11,140000000,CAR (CORDILLERA ADMINISTRATIVE REGION),PINUKPUK PUBLIC MARKET,RICE,NFA - KG,,2026-02-11T13:58:45.973116+08:00
2026-02-11,140000000,CAR (CORDILLERA ADMINISTRATIVE REGION),STA. MARCELA PUBLIC MARKET,RICE,NFA - KG,,2026-02-11T13:58:45.973116+08:00
2026-02-11,140000000,CAR (CORDILLERA ADMINISTRATIVE REGION),A. LISTA PUBLIC MARKET,SPICES,Chili (Red) - KG,,2026-02-11T13:58:45.973116+08:00
2026-02-11,140000000,CAR (CORDILLERA ADMINISTRATIVE REGION),ABATAN PUBLIC MARKET,SPICES,Chili (Red) - KG,,2026-02-11T13:58:45.973116+08:00
2026-02-11,140000000,CAR (CORDILLERA ADMINISTRATIVE REGION),ABATAN PUBLIC MARKET (MT. PROVINCE),SPICES,Chili (Red) - KG,,2026-02-11T13:58:45.973116+08:00
2026-02-11,140000000,CAR (CORDILLERA ADMINISTRATIVE REGION),"ACOP, CAPONGA MARKET",SPICES,Chili (Red) - KG,,2026-02-11T13:58:45.973116+08:00
2026-02-11,140000000,CAR (CORDILLERA ADMINISTRATIVE REGION),ATOK PUBLIC MARKET,SPICES,Chili (Red) - KG,,2026-02-11T13:58:45.973116+08:00
2026-02-11,140000000,CAR (CORDILLERA ADMINISTRATIVE REGION),BANGUED PUBLIC MARKET,SPICES,Chili (Red) - KG,,2026-02-11T13:58:45.973116+08:00
2026-02-11,140000000,CAR (CORDILLERA ADMINISTRATIVE REGION),BONTOC PUBLIC MARKET,SPICES,Chili (Red) - KG,,2026-02-11T13:58:45.973116+08:00
2026-02-11,140000000,CAR (CORDILLERA ADMINISTRATIVE REGION),BULANAO PUBLIC MARKET,SPICES,Chili (Red) - KG,,2026-02-11T13:58:45.973116+08:00
2026-02-11,140000000,CAR (CORDILLERA ADMINISTRATIVE REGION),DAGUPAN TABUK CITY PUBLIC MARKET,SPICES,Chili (Red) - KG,,2026-02-11T13:58:45.973116+08:00
2026-02-11,140000000,CAR (CORDILLERA ADMINISTRATIVE REGION),FLORA PUBLIC MARKET,SPICES,Chili (Red) - KG,,2026-02-11T13:58:45.973116+08:00
2026-02-11,140000000,CAR (CORDILLERA ADMINISTRATIVE REGION),KAYANG MARKET,SPICES,Chili (Red) - KG,,2026-02-11T13:58:45.973116+08:00
2026-02-11,140000000,CAR (CORDILLERA ADMINISTRATIVE REGION),KIANGAN PUBLIC MARKET,SPICES,Chili (Red) - KG,,2026-02-11T13:58:45.973116+08:00
2026-02-11,140000000,CAR (CORDILLERA ADMINISTRATIVE REGION),LA TRINIDAD PUBLIC MARKET,SPICES,Chili (Red) - KG,,2026-02-11T13:58:45.973116+08:00
2026-02-11,140000000,CAR (CORDILLERA ADMINISTRATIVE REGION),LAGANGILANG PUBLIC MARKET,SPICES,Chili (Red) - KG,,2026-02-11T13:58:45.973116+08:00
2026-02-11,140000000,CAR (CORDILLERA ADMINISTRATIVE REGION),LAGAWE PUBLIC MARKET,SPICES,Chili (Red) - KG,,2026-02-11T13:58:45.973116+08:00
2026-02-11,140000000,CAR (CORDILLERA ADMINISTRATIVE REGION),LAMUT PUBLIC MARKET,SPICES,Chili (Red) - KG,,2026-02-11T13:58:45.973116+08:00
2026-02-11,140000000,CAR (CORDILLERA ADMINISTRATIVE REGION),LUNA PUBLIC MARKET,SPICES,Chili (Red) - KG,,2026-02-11T13:58:45.973116+08:00
2026-02-11,140000000,CAR (CORDILLERA ADMINISTRATIVE REGION),MABAAY PUBLIC MARKET,SPICES,Chili (Red) - KG,,2026-02-11T13:58:45.973116+08:00
2026-02-11,140000000,CAR (CORDILLERA ADMINISTRATIVE REGION),MANKAYAN PUBLIC MARKET,SPICES,Chili (Red) - KG,,2026-02-11T13:58:45.973116+08:00
2026-02-11,140000000,CAR (CORDILLERA ADMINISTRATIVE REGION),PIDIGAN PUBLIC MARKET,SPICES,Chili (Red) - KG,,2026-02-11T13:58:45.973116+08:00
2026-02-11,140000000,CAR (CORDILLERA ADMINISTRATIVE REGION),PINUKPUK PUBLIC MARKET,SPICES,Chili (Red) - KG,,2026-02-11T13:58:45.973116+08:00
2026-02-11,140000000,CAR (CORDILLERA ADMINISTRATIVE REGION),STA. MARCELA PUBLIC MARKET,SPICES,Chili (Red) - KG,,2026-02-11T13:58:45.973116+08:00
2026-02-11,140000000,CAR (CORDILLERA ADMINISTRATIVE REGION),A. LISTA PUBLIC MARKET,SPICES,Garlic(Imported) - KG,,2026-02-11T13:58:45.973116+08:00
2026-02-11,140000000,CAR (CORDILLERA ADMINISTRATIVE REGION),ABATAN PUBLIC MARKET,SPICES,Garlic(Imported) - KG,,2026-02-11T13:58:45.973116+08:00
2026-02-11,140000000,CAR (CORDILLERA ADMINISTRATIVE REGION),ABATAN PUBLIC MARKET (MT. PROVINCE),SPICES,Garlic(Imported) - KG,,2026-02-11T13:58:45.973116+08:00
2026-02-11,140000000,CAR (CORDILLERA ADMINISTRATIVE REGION),"ACOP, CAPONGA MARKET",SPICES,Garlic(Imported) - KG,,2026-02-11T13:58:45.973116+08:00
2026-02-11,140000000,CAR (CORDILLERA ADMINISTRATIVE REGION),ATOK PUBLIC MARKET,SPICES,Garlic(Imported) - KG,,2026-02-11T13:58:45.973116+08:00
2026-02-11,140000000,CAR (CORDILLERA ADMINISTRATIVE REGION),BONTOC PUBLIC MARKET,SPICES,Garlic(Imported) - KG,,2026-02-11T13:58:45.973116+08:00
2026-02-11,140000000,CAR (CORDILLERA ADMINISTRATIVE REGION),BULANAO PUBLIC MARKET,SPICES,Garlic(Imported) - KG,,2026-02-11T13:58:45.973116+08:00
2026-02-11,140000000,CAR (CORDILLERA ADMINISTRATIVE REGION),DAGUPAN TABUK CITY PUBLIC MARKET,SPICES,Garlic(Imported) - KG,,2026-02-11T13:58:45.973116+08:00
2026-02-11,140000000,CAR (CORDILLERA ADMINISTRATIVE REGION),FLORA PUBLIC MARKET,SPICES,Garlic(Imported) - KG,,2026-02-11T13:58:45.973116+08:00
2026-02-11,140000000,CAR (CORDILLERA ADMINISTRATIVE REGION),KAYANG MARKET,SPICES,Garlic(Imported) - KG,,2026-02-11T13:58:45.973116+08:00
2026-02-11,140000000,CAR (CORDILLERA ADMINISTRATIVE REGION),KIANGAN PUBLIC MARKET,SPICES,Garlic(Imported) - KG,,2026-02-11T13:58:45.973116+08:00
2026-02-11,140000000,CAR (CORDILLERA ADMINISTRATIVE REGION),LA TRINIDAD PUBLIC MARKET,SPICES,Garlic(Imported) - KG,,2026-02-11T13:58:45.973116+08:00
2026-02-11,140000000,CAR (CORDILLERA ADMINISTRATIVE REGION),LAGANGILANG PUBLIC MARKET,SPICES,Garlic(Imported) - KG,,2026-02-11T13:58:45.973116+08:00
2026-02-11,140000000,CAR (CORDILLERA ADMINISTRATIVE REGION),LAGAWE PUBLIC MARKET,SPICES,Garlic(Imported) - KG,,2026-02-11T13:58:45.973116+08:00
2026-02-11,140000000,CAR (CORDILLERA ADMINISTRATIVE REGION),LAMUT PUBLIC MARKET,SPICES,Garlic(Imported) - KG,,2026-02-11T13:58:45.973116+08:00
2026-02-11,140000000,CAR (CORDILLERA ADMINISTRATIVE REGION),LUNA PUBLIC MARKET,SPICES,Garlic(Imported) - KG,,2026-02-11T13:58:45.973116+08:00
2026-02-11,140000000,CAR (CORDILLERA ADMINISTRATIVE REGION),MABAAY PUBLIC MARKET,SPICES,Garlic(Imported) - KG,,2026-02-11T13:58:45.973116+08:00
2026-02-11,140000000,CAR (CORDILLERA ADMINISTRATIVE REGION),MANKAYAN PUBLIC MARKET,SPICES,Garlic(Imported) - KG,,2026-02-11T13:58:45.973116+08:00
2026-02-11,140000000,CAR (CORDILLERA ADMINISTRATIVE REGION),PIDIGAN PUBLIC MARKET,SPICES,Garlic(Imported) - KG,,2026-02-11T13:58:45.973116+08:00
2026-02-11,140000000,CAR (CORDILLERA ADMINISTRATIVE REGION),PINUKPUK PUBLIC MARKET,SPICES,Garlic(Imported) - KG,,2026-02-11T13:58:45.973116+08:00
2026-02-11,140000000,CAR (CORDILLERA ADMINISTRATIVE REGION),STA. MARCELA PUBLIC MARKET,SPICES,Garlic(Imported) - KG,,2026-02-11T13:58:45.973116+08:00
2026-02-11,140000000,CAR (CORDILLERA ADMINISTRATIVE REGION),A. LISTA PUBLIC MARKET,SPICES,Garlic(Native) - KG,,2026-02-11T13:58:45.973116+08:00
2026-02-11,140000000,CAR (CORDILLERA ADMINISTRATIVE REGION),ABATAN PUBLIC MARKET,SPICES,Garlic(Native) - KG,,2026-02-11T13:58:45.973116+08:00
2026-02-11,140000000,CAR (CORDILLERA ADMINISTRATIVE REGION),ABATAN PUBLIC MARKET (MT. PROVINCE),SPICES,Garlic(Native) - KG,,2026-02-11T13:58:45.973116+08:00
2026-02-11,140000000,CAR (CORDILLERA ADMINISTRATIVE REGION),"ACOP, CAPONGA MARKET",SPICES,Garlic(Native) - KG,,2026-02-11T13:58:45.973116+08:00
2026-02-11,140000000,CAR (CORDILLERA ADMINISTRATIVE REGION),ATOK PUBLIC MARKET,SPICES,Garlic(Native) - KG,,2026-02-11T13:58:45.973116+08:00
2026-02-11,140000000,CAR (CORDILLERA ADMINISTRATIVE REGION),BANGUED PUBLIC MARKET,SPICES,Garlic(Native) - KG,,2026-02-11T13:58:45.973116+08:00
2026-02-11,140000000,CAR (CORDILLERA ADMINISTRATIVE REGION),BONTOC PUBLIC MARKET,SPICES,Garlic(Native) - KG,,2026-02-11T13:58:45.973116+08:00
2026-02-11,140000000,CAR (CORDILLERA ADMINISTRATIVE REGION),BULANAO PUBLIC MARKET,SPICES,Garlic(Native) - KG,,2026-02-11T13:58:45.973116+08:00
2026-02-11,140000000,CAR (CORDILLERA ADMINISTRATIVE REGION),DAGUPAN TABUK CITY PUBLIC MARKET,SPICES,Garlic(Native) - KG,,2026-02-11T13:58:45.973116+08:00
2026-02-11,140000000,CAR (CORDILLERA ADMINISTRATIVE REGION),FLORA PUBLIC MARKET,SPICES,Garlic(Native) - KG,,2026-02-11T13:58:45.973116+08:00
2026-02-11,140000000,CAR (CORDILLERA ADMINISTRATIVE REGION),KAYANG MARKET,SPICES,Garlic(Native) - KG,,2026-02-11T13:58:45.973116+08:00
2026-02-11,140000000,CAR (CORDILLERA ADMINISTRATIVE REGION),KIANGAN PUBLIC MARKET,SPICES,Garlic(Native) - KG,,2026-02-11T13:58:45.973116+08:00
2026-02-11,140000000,CAR (CORDILLERA ADMINISTRATIVE REGION),LA TRINIDAD PUBLIC MARKET,SPICES,Garlic(Native) - KG,,2026-02-11T13:58:45.973116+08:00
2026-02-11,140000000,CAR (CORDILLERA ADMINISTRATIVE REGION),LAGANGILANG PUBLIC MARKET,SPICES,Garlic(Native) - KG,,2026-02-11T13:58:45.973116+08:00
2026-02-11,140000000,CAR (CORDILLERA ADMINISTRATIVE REGION),LAGAWE PUBLIC MARKET,SPICES,Garlic(Native) - KG,,2026-02-11T13:58:45.973116+08:00
2026-02-11,140000000,CAR (CORDILLERA ADMINISTRATIVE REGION),LAMUT PUBLIC MARKET,SPICES,Garlic(Native) - KG,,2026-02-11T13:58:45.973116+08:00
2026-02-11,140000000,CAR (CORDILLERA ADMINISTRATIVE REGION),LUNA PUBLIC MARKET,SPICES,Garlic(Native) - KG,,2026-02-11T13:58:45.973116+08:00
2026-02-11,140000000,CAR (CORDILLERA ADMINISTRATIVE REGION),MABAAY PUBLIC MARKET,SPICES,Garlic(Native) - KG,,2026-02-11T13:58:45.973116+08:00
2026-02-11,140000000,CAR (CORDILLERA ADMINISTRATIVE REGION),MANKAYAN PUBLIC MARKET,SPICES,Garlic(Native) - KG,,2026-02-11T13:58:45.973116+08:00
2026-02-11,140000000,CAR (CORDILLERA ADMINISTRATIVE REGION),PIDIGAN PUBLIC MARKET,SPICES,Garlic(Native) - KG,,2026-02-11T13:58:45.973116+08:00
2026-02-11,140000000,CAR (CORDILLERA ADMINISTRATIVE REGION),PINUKPUK PUBLIC MARKET,SPICES,Garlic(Native) - KG,,2026-02-11T13:58:45.973116+08:00
2026-02-11,140000000,CAR (CORDILLERA ADMINISTRATIVE REGION),STA. MARCELA PUBLIC MARKET,SPICES,Garlic(Native) - KG,,2026-02-11T13:58:45.973116+08:00
2026-02-11,140000000,CAR (CORDILLERA ADMINISTRATIVE REGION),A. LISTA PUBLIC MARKET,SPICES,"Ginger - FAIRLY WELL-MATURED, MEDIUM (150-300 GM)",,2026-02-11T13:58:45.973116+08:00
2026-02-11,140000000,CAR (CORDILLERA ADMINISTRATIVE REGION),ABATAN PUBLIC MARKET,SPICES,"Ginger - FAIRLY WELL-MATURED, MEDIUM (150-300 GM)",,2026-02-11T13:58:45.973116+08:00
2026-02-11,140000000,CAR (CORDILLERA ADMINISTRATIVE REGION),ABATAN PUBLIC MARKET (MT. PROVINCE),SPICES,"Ginger - FAIRLY WELL-MATURED, MEDIUM (150-300 GM)",,2026-02-11T13:58:45.973116+08:00
2026-02-11,140000000,CAR (CORDILLERA ADMINISTRATIVE REGION),"ACOP, CAPONGA MARKET",SPICES,"Ginger - FAIRLY WELL-MATURED, MEDIUM (150-300 GM)",,2026-02-11T13:58:45.973116+08:00
2026-02-11,140000000,CAR (CORDILLERA ADMINISTRATIVE REGION),ATOK PUBLIC MARKET,SPICES,"Ginger - FAIRLY WELL-MATURED, MEDIUM (150-300 GM)",,2026-02-11T13:58:45.973116+08:00
2026-02-11,140000000,CAR (CORDILLERA ADMINISTRATIVE REGION),BONTOC PUBLIC MARKET,SPICES,"Ginger - FAIRLY WELL-MATURED, MEDIUM (150-300 GM)",,2026-02-11T13:58:45.973116+08:00
2026-02-11,140000000,CAR (CORDILLERA ADMINISTRATIVE REGION),BULANAO PUBLIC MARKET,SPICES,"Ginger - FAIRLY WELL-MATURED, MEDIUM (150-300 GM)",,2026-02-11T13:58:45.973116+08:00
2026-02-11,140000000,CAR (CORDILLERA ADMINISTRATIVE REGION),DAGUPAN TABUK CITY PUBLIC MARKET,SPICES,"Ginger - FAIRLY WELL-MATURED, MEDIUM (150-300 GM)",,2026-02-11T13:58:45.973116+08:00
2026-02-11,140000000,CAR (CORDILLERA ADMINISTRATIVE REGION),FLORA PUBLIC MARKET,SPICES,"Ginger - FAIRLY WELL-MATURED, MEDIUM (150-300 GM)",,2026-02-11T13:58:45.973116+08:00
2026-02-11,140000000,CAR (CORDILLERA ADMINISTRATIVE REGION),KAYANG MARKET,SPICES,"Ginger - FAIRLY WELL-MATURED, MEDIUM (150-300 GM)",,2026-02-11T13:58:45.973116+08:00
2026-02-11,140000000,CAR (CORDILLERA ADMINISTRATIVE REGION),KIANGAN PUBLIC MARKET,SPICES,"Ginger - FAIRLY WELL-MATURED, MEDIUM (150-300 GM)",,2026-02-11T13:58:45.973116+08:00
2026-02-11,140000000,CAR (CORDILLERA ADMINISTRATIVE REGION),LA TRINIDAD PUBLIC MARKET,SPICES,"Ginger - FAIRLY WELL-MATURED, MEDIUM (150-300 GM)",,2026-02-11T13:58:45.973116+08:00
2026-02-11,140000000,CAR (CORDILLERA ADMINISTRATIVE REGION),LAGANGILANG PUBLIC MARKET,SPICES,"Ginger - FAIRLY WELL-MATURED, MEDIUM (150-300 GM)",,2026-02-11T13:58:45.973116+08:00
2026-02-11,140000000,CAR (CORDILLERA ADMINISTRATIVE REGION),LAGAWE PUBLIC MARKET,SPICES,"Ginger - FAIRLY WELL-MATURED, MEDIUM (150-300 GM)",,2026-02-11T13:58:45.973116+08:00
2026-02-11,140000000,CAR (CORDILLERA ADMINISTRATIVE REGION),LAMUT PUBLIC MARKET,SPICES,"Ginger - FAIRLY WELL-MATURED, MEDIUM (150-300 GM)",,2026-02-11T13:58:45.973116+08:00
2026-02-11,140000000,CAR (CORDILLERA ADMINISTRATIVE REGION),LUNA PUBLIC MARKET,SPICES,"Ginger - FAIRLY WELL-MATURED, MEDIUM (150-300 GM)",,2026-02-11T13:58:45.973116+08:00
2026-02-11,140000000,CAR (CORDILLERA ADMINISTRATIVE REGION),MABAAY PUBLIC MARKET,SPICES,"Ginger - FAIRLY WELL-MATURED, MEDIUM (150-300 GM)",,2026-02-11T13:58:45.973116+08:00
2026-02-11,140000000,CAR (CORDILLERA ADMINISTRATIVE REGION),MANKAYAN PUBLIC MARKET,SPICES,"Ginger - FAIRLY WELL-MATURED, MEDIUM (150-300 GM)",,2026-02-11T13:58:45.973116+08:00
2026-02-11,140000000,CAR (CORDILLERA ADMINISTRATIVE REGION),PIDIGAN PUBLIC MARKET,SPICES,"Ginger - FAIRLY WELL-MATURED, MEDIUM (150-300 GM)",,2026-02-11T13:58:45.973116+08:00
2026-02-11,140000000,CAR (CORDILLERA ADMINISTRATIVE REGION),PINUKPUK PUBLIC MARKET,SPICES,"Ginger - FAIRLY WELL-MATURED, MEDIUM (150-300 GM)",,2026-02-11T13:58:45.973116+08:00
2026-02-11,140000000,CAR (CORDILLERA ADMINISTRATIVE REGION),STA. MARCELA PUBLIC MARKET,SPICES,"Ginger - FAIRLY WELL-MATURED, MEDIUM (150-300 GM)",,2026-02-11T13:58:45.973116+08:00
2026-02-11,140000000,CAR (CORDILLERA ADMINISTRATIVE REGION),A. LISTA PUBLIC MARKET,SPICES,Red Onion (Imported) - KG,,2026-02-11T13:58:45.973116+08:00
2026-02-11,140000000,CAR (CORDILLERA ADMINISTRATIVE REGION),ABATAN PUBLIC MARKET,SPICES,Red Onion (Imported) - KG,,2026-02-11T13:58:45.973116+08:00
2026-02-11,140000000,CAR (CORDILLERA ADMINISTRATIVE REGION),ABATAN PUBLIC MARKET (MT. PROVINCE),SPICES,Red Onion (Imported) - KG,,2026-02-11T13:58:45.973116+08:00
2026-02-11,140000000,CAR (CORDILLERA ADMINISTRATIVE REGION),"ACOP, CAPONGA MARKET",SPICES,Red Onion (Imported) - KG,,2026-02-11T13:58:45.973116+08:00
2026-02-11,140000000,CAR (CORDILLERA ADMINISTRATIVE REGION),ATOK PUBLIC MARKET,SPICES,Red Onion (Imported) - KG,,2026-02-11T13:58:45.973116+08:00
2026-02-11,140000000,CAR (CORDILLERA ADMINISTRATIVE REGION),BANGUED PUBLIC MARKET,SPICES,Red Onion (Imported) - KG,,2026-02-11T13:58:45.973116+08:00
2026-02-11,140000000,CAR (CORDILLERA ADMINISTRATIVE REGION),BONTOC PUBLIC MARKET,SPICES,Red Onion (Imported) - KG,,2026-02-11T13:58:45.973116+08:00
2026-02-11,140000000,CAR (CORDILLERA ADMINISTRATIVE REGION),BULANAO PUBLIC MARKET,SPICES,Red Onion (Imported) - KG,,2026-02-11T13:58:45.973116+08:00
2026-02-11,140000000,CAR (CORDILLERA ADMINISTRATIVE REGION),DAGUPAN TABUK CITY PUBLIC MARKET,SPICES,Red Onion (Imported) - KG,,2026-02-11T13:58:45.973116+08:00
2026-02-11,140000000,CAR (CORDILLERA ADMINISTRATIVE REGION),FLORA PUBLIC MARKET,SPICES,Red Onion (Imported) - KG,,2026-02-11T13:58:45.973116+08:00
2026-02-11,140000000,CAR (CORDILLERA ADMINISTRATIVE REGION),KAYANG MARKET,SPICES,Red Onion (Imported) - KG,,2026-02-11T13:58:45.973116+08:00
2026-02-11,140000000,CAR (CORDILLERA ADMINISTRATIVE REGION),KIANGAN PUBLIC MARKET,SPICES,Red Onion (Imported) - KG,,2026-02-11T13:58:45.973116+08:00
2026-02-11,140000000,CAR (CORDILLERA ADMINISTRATIVE REGION),LA TRINIDAD PUBLIC MARKET,SPICES,Red Onion (Imported) - KG,,2026-02-11T13:58:45.973116+08:00
2026-02-11,140000000,CAR (CORDILLERA ADMINISTRATIVE REGION),LAGANGILANG PUBLIC MARKET,SPICES,Red Onion (Imported) - KG,,2026-02-11T13:58:45.973116+08:00
2026-02-11,140000000,CAR (CORDILLERA ADMINISTRATIVE REGION),LAGAWE PUBLIC MARKET,SPICES,Red Onion (Imported) - KG,,2026-02-11T13:58:45.973116+08:00
2026-02-11,140000000,CAR (CORDILLERA ADMINISTRATIVE REGION),LAMUT PUBLIC MARKET,SPICES,Red Onion (Imported) - KG,,2026-02-11T13:58:45.973116+08:00
2026-02-11,140000000,CAR (CORDILLERA ADMINISTRATIVE REGION),LUNA PUBLIC MARKET,SPICES,Red Onion (Imported) - KG,,2026-02-11T13:58:45.973116+08:00
2026-02-11,140000000,CAR (CORDILLERA ADMINISTRATIVE REGION),MABAAY PUBLIC MARKET,SPICES,Red Onion (Imported) - KG,,2026-02-11T13:58:45.973116+08:00
2026-02-11,140000000,CAR (CORDILLERA ADMINISTRATIVE REGION),MANKAYAN PUBLIC MARKET,SPICES,Red Onion (Imported) - KG,,2026-02-11T13:58:45.973116+08:00
2026-02-11,140000000,CAR (CORDILLERA ADMINISTRATIVE REGION),PIDIGAN PUBLIC MARKET,SPICES,Red Onion (Imported) - KG,,2026-02-11T13:58:45.973116+08:00
2026-02-11,140000000,CAR (CORDILLERA ADMINISTRATIVE REGION),PINUKPUK PUBLIC MARKET,SPICES,Red Onion (Imported) - KG,,2026-02-11T13:58:45.973116+08:00
2026-02-11,140000000,CAR (CORDILLERA ADMINISTRATIVE REGION),STA. MARCELA PUBLIC MARKET,SPICES,Red Onion (Imported) - KG,,2026-02-11T13:58:45.973116+08:00
2026-02-11,140000000,CAR (CORDILLERA ADMINISTRATIVE REGION),A. LISTA PUBLIC MARKET,SPICES,Red Onion - 13-15 PCS/KG,,2026-02-11T13:58:45.973116+08:00
2026-02-11,140000000,CAR (CORDILLERA ADMINISTRATIVE REGION),ABATAN PUBLIC MARKET,SPICES,Red Onion - 13-15 PCS/KG,,2026-02-11T13:58:45.973116+08:00
2026-02-11,140000000,CAR (CORDILLERA ADMINISTRATIVE REGION),ABATAN PUBLIC MARKET (MT. PROVINCE),SPICES,Red Onion - 13-15 PCS/KG,,2026-02-11T13:58:45.973116+08:00
2026-02-11,140000000,CAR (CORDILLERA ADMINISTRATIVE REGION),"ACOP, CAPONGA MARKET",SPICES,Red Onion - 13-15 PCS/KG,,2026-02-11T13:58:45.973116+08:00
2026-02-11,140000000,CAR (CORDILLERA ADMINISTRATIVE REGION),ATOK PUBLIC MARKET,SPICES,Red Onion - 13-15 PCS/KG,,2026-02-11T13:58:45.973116+08:00
2026-02-11,140000000,CAR (CORDILLERA ADMINISTRATIVE REGION),BAGUIO CITY PUBLIC MARKET,SPICES,Red Onion - 13-15 PCS/KG,,2026-02-11T13:58:45.973116+08:00
2026-02-11,140000000,CAR (CORDILLERA ADMINISTRATIVE REGION),BONTOC PUBLIC MARKET,SPICES,Red Onion - 13-15 PCS/KG,,2026-02-11T13:58:45.973116+08:00
2026-02-11,140000000,CAR (CORDILLERA ADMINISTRATIVE REGION),BULANAO PUBLIC MARKET,SPICES,Red Onion - 13-15 PCS/KG,,2026-02-11T13:58:45.973116+08:00
2026-02-11,140000000,CAR (CORDILLERA ADMINISTRATIVE REGION),DAGUPAN TABUK CITY PUBLIC MARKET,SPICES,Red Onion - 13-15 PCS/KG,,2026-02-11T13:58:45.973116+08:00
2026-02-11,140000000,CAR (CORDILLERA ADMINISTRATIVE REGION),FLORA PUBLIC MARKET,SPICES,Red Onion - 13-15 PCS/KG,,2026-02-11T13:58:45.973116+08:00
2026-02-11,140000000,CAR (CORDILLERA ADMINISTRATIVE REGION),KAYANG MARKET,SPICES,Red Onion - 13-15 PCS/KG,,2026-02-11T13:58:45.973116+08:00
2026-02-11,140000000,CAR (CORDILLERA ADMINISTRATIVE REGION),KIANGAN PUBLIC MARKET,SPICES,Red Onion - 13-15 PCS/KG,,2026-02-11T13:58:45.973116+08:00
2026-02-11,140000000,CAR (CORDILLERA ADMINISTRATIVE REGION),LA TRINIDAD PUBLIC MARKET,SPICES,Red Onion - 13-15 PCS/KG,,2026-02-11T13:58:45.973116+08:00
2026-02-11,140000000,CAR (CORDILLERA ADMINISTRATIVE REGION),LAGANGILANG PUBLIC MARKET,SPICES,Red Onion - 13-15 PCS/KG,,2026-02-11T13:58:45.973116+08:00
2026-02-11,140000000,CAR (CORDILLERA ADMINISTRATIVE REGION),LAGAWE PUBLIC MARKET,SPICES,Red Onion - 13-15 PCS/KG,,2026-02-11T13:58:45.973116+08:00
2026-02-11,140000000,CAR (CORDILLERA ADMINISTRATIVE REGION),LAMUT PUBLIC MARKET,SPICES,Red Onion - 13-15 PCS/KG,,2026-02-11T13:58:45.973116+08:00
2026-02-11,140000000,CAR (CORDILLERA ADMINISTRATIVE REGION),LUNA PUBLIC MARKET,SPICES,Red Onion - 13-15 PCS/KG,,2026-02-11T13:58:45.973116+08:00
2026-02-11,140000000,CAR (CORDILLERA ADMINISTRATIVE REGION),MABAAY PUBLIC MARKET,SPICES,Red Onion - 13-15 PCS/KG,,2026-02-11T13:58:45.973116+08:00
2026-02-11,140000000,CAR (CORDILLERA ADMINISTRATIVE REGION),MANKAYAN PUBLIC MARKET,SPICES,Red Onion - 13-15 PCS/KG,,2026-02-11T13:58:45.973116+08:00
2026-02-11,140000000,CAR (CORDILLERA ADMINISTRATIVE REGION),PIDIGAN PUBLIC MARKET,SPICES,Red Onion - 13-15 PCS/KG,,2026-02-11T13:58:45.973116+08:00
2026-02-11,140000000,CAR (CORDILLERA ADMINISTRATIVE REGION),PINUKPUK PUBLIC MARKET,SPICES,Red Onion - 13-15 PCS/KG,,2026-02-11T13:58:45.973116+08:00
2026-02-11,140000000,CAR (CORDILLERA ADMINISTRATIVE REGION),STA. MARCELA PUBLIC MARKET,SPICES,Red Onion - 13-15 PCS/KG,,2026-02-11T13:58:45.973116+08:00
2026-02-11,140000000,CAR (CORDILLERA ADMINISTRATIVE REGION),A. LISTA PUBLIC MARKET,SPICES,White Onion (Imported) - KG,,2026-02-11T13:58:45.973116+08:00
2026-02-11,140000000,CAR (CORDILLERA ADMINISTRATIVE REGION),ABATAN PUBLIC MARKET,SPICES,White Onion (Imported) - KG,,2026-02-11T13:58:45.973116+08:00
2026-02-11,140000000,CAR (CORDILLERA ADMINISTRATIVE REGION),ABATAN PUBLIC MARKET (MT. PROVINCE),SPICES,White Onion (Imported) - KG,,2026-02-11T13:58:45.973116+08:00
2026-02-11,140000000,CAR (CORDILLERA ADMINISTRATIVE REGION),"ACOP, CAPONGA MARKET",SPICES,White Onion (Imported) - KG,,2026-02-11T13:58:45.973116+08:00
2026-02-11,140000000,CAR (CORDILLERA ADMINISTRATIVE REGION),ATOK PUBLIC MARKET,SPICES,White Onion (Imported) - KG,,2026-02-11T13:58:45.973116+08:00
2026-02-11,140000000,CAR (CORDILLERA ADMINISTRATIVE REGION),BANGUED PUBLIC MARKET,SPICES,White Onion (Imported) - KG,,2026-02-11T13:58:45.973116+08:00
2026-02-11,140000000,CAR (CORDILLERA ADMINISTRATIVE REGION),BONTOC PUBLIC MARKET,SPICES,White Onion (Imported) - KG,,2026-02-11T13:58:45.973116+08:00
2026-02-11,140000000,CAR (CORDILLERA ADMINISTRATIVE REGION),BULANAO PUBLIC MARKET,SPICES,White Onion (Imported) - KG,,2026-02-11T13:58:45.973116+08:00
2026-02-11,140000000,CAR (CORDILLERA ADMINISTRATIVE REGION),DAGUPAN TABUK CITY PUBLIC MARKET,SPICES,White Onion (Imported) - KG,,2026-02-11T13:58:45.973116+08:00
2026-02-11,140000000,CAR (CORDILLERA ADMINISTRATIVE REGION),FLORA PUBLIC MARKET,SPICES,White Onion (Imported) - KG,,2026-02-11T13:58:45.973116+08:00
2026-02-11,140000000,CAR (CORDILLERA ADMINISTRATIVE REGION),KAYANG MARKET,SPICES,White Onion (Imported) - KG,,2026-02-11T13:58:45.973116+08:00
2026-02-11,140000000,CAR (CORDILLERA ADMINISTRATIVE REGION),KIANGAN PUBLIC MARKET,SPICES,White Onion (Imported) - KG,,2026-02-11T13:58:45.973116+08:00
2026-02-11,140000000,CAR (CORDILLERA ADMINISTRATIVE REGION),LA TRINIDAD PUBLIC MARKET,SPICES,White Onion (Imported) - KG,,2026-02-11T13:58:45.973116+08:00
2026-02-11,140000000,CAR (CORDILLERA ADMINISTRATIVE REGION),LAGANGILANG PUBLIC MARKET,SPICES,White Onion (Imported) - KG,,2026-02-11T13:58:45.973116+08:00
2026-02-11,140000000,CAR (CORDILLERA ADMINISTRATIVE REGION),LAGAWE PUBLIC MARKET,SPICES,White Onion (Imported) - KG,,2026-02-11T13:58:45.973116+08:00
2026-02-11,140000000,CAR (CORDILLERA ADMINISTRATIVE REGION),LAMUT PUBLIC MARKET,SPICES,White Onion (Imported) - KG,,2026-02-11T13:58:45.973116+08:00
2026-02-11,140000000,CAR (CORDILLERA ADMINISTRATIVE REGION),LUNA PUBLIC MARKET,SPICES,White Onion (Imported) - KG,,2026-02-11T13:58:45.973116+08:00
2026-02-11,140000000,CAR (CORDILLERA ADMINISTRATIVE REGION),MABAAY PUBLIC MARKET,SPICES,White Onion (Imported) - KG,,2026-02-11T13:58:45.973116+08:00
2026-02-11,140000000,CAR (CORDILLERA ADMINISTRATIVE REGION),MANKAYAN PUBLIC MARKET,SPICES,White Onion (Imported) - KG,,2026-02-11T13:58:45.973116+08:00
2026-02-11,140000000,CAR (CORDILLERA ADMINISTRATIVE REGION),PIDIGAN PUBLIC MARKET,SPICES,White Onion (Imported) - KG,,2026-02-11T13:58:45.973116+08:00
2026-02-11,140000000,CAR (CORDILLERA ADMINISTRATIVE REGION),PINUKPUK PUBLIC MARKET,SPICES,White Onion (Imported) - KG,,2026-02-11T13:58:45.973116+08:00
2026-02-11,140000000,CAR (CORDILLERA ADMINISTRATIVE REGION),STA. MARCELA PUBLIC MARKET,SPICES,White Onion (Imported) - KG,,2026-02-11T13:58:45.973116+08:00
2026-02-11,140000000,CAR (CORDILLERA ADMINISTRATIVE REGION),A. LISTA PUBLIC MARKET,SPICES,White Onion - KG,,2026-02-11T13:58:45.973116+08:00
2026-02-11,140000000,CAR (CORDILLERA ADMINISTRATIVE REGION),ABATAN PUBLIC MARKET,SPICES,White Onion - KG,,2026-02-11T13:58:45.973116+08:00
2026-02-11,140000000,CAR (CORDILLERA ADMINISTRATIVE REGION),ABATAN PUBLIC MARKET (MT. PROVINCE),SPICES,White Onion - KG,,2026-02-11T13:58:45.973116+08:00
2026-02-11,140000000,CAR (CORDILLERA ADMINISTRATIVE REGION),"ACOP, CAPONGA MARKET",SPICES,White Onion - KG,,2026-02-11T13:58:45.973116+08:00
2026-02-11,140000000,CAR (CORDILLERA ADMINISTRATIVE REGION),ATOK PUBLIC MARKET,SPICES,White Onion - KG,,2026-02-11T13:58:45.973116+08:00
2026-02-11,140000000,CAR (CORDILLERA ADMINISTRATIVE REGION),BONTOC PUBLIC MARKET,SPICES,White Onion - KG,,2026-02-11T13:58:45.973116+08:00
2026-02-11,140000000,CAR (CORDILLERA ADMINISTRATIVE REGION),BULANAO PUBLIC MARKET,SPICES,White Onion - KG,,2026-02-11T13:58:45.973116+08:00
2026-02-11,140000000,CAR (CORDILLERA ADMINISTRATIVE REGION),DAGUPAN TABUK CITY PUBLIC MARKET,SPICES,White Onion - KG,,2026-02-11T13:58:45.973116+08:00
2026-02-11,140000000,CAR (CORDILLERA ADMINISTRATIVE REGION),FLORA PUBLIC MARKET,SPICES,White Onion - KG,,2026-02-11T13:58:45.973116+08:00
2026-02-11,140000000,CAR (CORDILLERA ADMINISTRATIVE REGION),KAYANG MARKET,SPICES,White Onion - KG,,2026-02-11T13:58:45.973116+08:00
2026-02-11,140000000,CAR (CORDILLERA ADMINISTRATIVE REGION),KIANGAN PUBLIC MARKET,SPICES,White Onion - KG,,2026-02-11T13:58:45.973116+08:00
2026-02-11,140000000,CAR (CORDILLERA ADMINISTRATIVE REGION),LA TRINIDAD PUBLIC MARKET,SPICES,White Onion - KG,,2026-02-11T13:58:45.973116+08:00
2026-02-11,140000000,CAR (CORDILLERA ADMINISTRATIVE REGION),LAGANGILANG PUBLIC MARKET,SPICES,White Onion - KG,,2026-02-11T13:58:45.973116+08:00
2026-02-11,140000000,CAR (CORDILLERA ADMINISTRATIVE REGION),LAGAWE PUBLIC MARKET,SPICES,White Onion - KG,,2026-02-11T13:58:45.973116+08:00
2026-02-11,140000000,CAR (CORDILLERA ADMINISTRATIVE REGION),LAMUT PUBLIC MARKET,SPICES,White Onion - KG,,2026-02-11T13:58:45.973116+08:00
2026-02-11,140000000,CAR (CORDILLERA ADMINISTRATIVE REGION),LUNA PUBLIC MARKET,SPICES,White Onion - KG,,2026-02-11T13:58:45.973116+08:00
2026-02-11,140000000,CAR (CORDILLERA ADMINISTRATIVE REGION),MABAAY PUBLIC MARKET,SPICES,White Onion - KG,,2026-02-11T13:58:45.973116+08:00
2026-02-11,140000000,CAR (CORDILLERA ADMINISTRATIVE REGION),MANKAYAN PUBLIC MARKET,SPICES,White Onion - KG,,2026-02-11T13:58:45.973116+08:00
2026-02-11,140000000,CAR (CORDILLERA ADMINISTRATIVE REGION),PIDIGAN PUBLIC MARKET,SPICES,White Onion - KG,,2026-02-11T13:58:45.973116+08:00
2026-02-11,140000000,CAR (CORDILLERA ADMINISTRATIVE REGION),PINUKPUK PUBLIC MARKET,SPICES,White Onion - KG,,2026-02-11T13:58:45.973116+08:00
2026-02-11,140000000,CAR (CORDILLERA ADMINISTRATIVE REGION),STA. MARCELA PUBLIC MARKET,SPICES,White Onion - KG,,2026-02-11T13:58:45.973116+08:00
2026-02-11,140000000,,BAGUIO CITY PUBLIC MARKET,Rice,COMMERCIAL (IMPORTED) Premium (Yellow tagged) - 5% BROKEN,60.0,
2026-02-11,140000000,,BAGUIO CITY PUBLIC MARKET,Rice,COMMERCIAL (LOCAL) Premium (Yellow tagged) - 5% BROKEN,50.0,
2026-02-11,140000000,,BANGUED PUBLIC MARKET,Rice,COMMERCIAL (LOCAL) Premium (Yellow tagged) - 5% BROKEN,50.0,
2026-02-11,140000000,,BAGUIO CITY PUBLIC MARKET,Rice,COMMERCIAL (LOCAL) Regular Milled - 20-40% BRAN STREAK,44.0,
2026-02-11,140000000,,BANGUED PUBLIC MARKET,Rice,COMMERCIAL (LOCAL) Regular Milled - 20-40% BRAN STREAK,46.0,
2026-02-11,140000000,,BAGUIO CITY PUBLIC MARKET,Rice,COMMERCIAL (LOCAL) Special (Blue tagged) - WHITE RICE,44.0,
2026-02-11,140000000,,BANGUED PUBLIC MARKET,Rice,COMMERCIAL (LOCAL) Special (Blue tagged) - WHITE RICE,65.0,
2026-02-11,140000000,,BAGUIO CITY PUBLIC MARKET,Rice,COMMERCIAL (LOCAL) Well Milled - 1-19% BRAN STREAK,38.0,
2026-02-11,140000000,,BANGUED PUBLIC MARKET,Rice,COMMERCIAL (LOCAL) Well Milled - 1-19% BRAN STREAK,52.0,
2026-02-11,140000000,,BAGUIO CITY PUBLIC MARKET,Legumes,Mungbean - KG,140.0,
2026-02-11,140000000,,BANGUED PUBLIC MARKET,Legumes,Mungbean - KG,120.0,
2026-02-11,140000000,,BAGUIO CITY PUBLIC MARKET,Fish,Bangus (Medium) - MEDIUM (3-4PCS/KG),200.0,
2026-02-11,140000000,,BANGUED PUBLIC MARKET,Fish,Bangus (Medium) - MEDIUM (3-4PCS/KG),200.0,
2026-02-11,140000000,,BANGUED PUBLIC MARKET,Fish,"Galunggong(Imported) - MALE, MEDIUM (12-14PCS/KG)",220.0,
2026-02-11,140000000,,BAGUIO CITY PUBLIC MARKET,Fish,"Galunggong(Local) - MALE, MEDIUM(12-14PCS/KG)",300.0,
2026-02-11,140000000,,BANGUED PUBLIC MARKET,Fish,"Galunggong(Local) - MALE, MEDIUM(12-14PCS/KG)",200.0,
2026-02-11,140000000,,BAGUIO CITY PUBLIC MARKET,Fish,Tilapia - MEDIUM (5-6PCS/KG),140.0,
2026-02-11,140000000,,BANGUED PUBLIC MARKET,Fish,Tilapia - MEDIUM (5-6PCS/KG),180.0,
2026-02-11,140000000,,BAGUIO CITY PUBLIC MARKET,Fish,Bangus (Large) - LARGE (KG),280.0,
2026-02-11,140000000,,BAGUIO CITY PUBLIC MARKET,Fruits,Calamansi - KG,140.0,
2026-02-11,140000000,,BANGUED PUBLIC MARKET,Fruits,Calamansi - KG,120.0,
2026-02-11,140000000,,BAGUIO CITY PUBLIC MARKET,Fruits,Banana (Lakatan) - 8-10PCS/KG,80.0,
2026-02-11,140000000,,BANGUED PUBLIC MARKET,Fruits,Banana (Lakatan) - 8-10PCS/KG,100.0,
2026-02-11,140000000,,BANGUED PUBLIC MARKET,Fruits,Banana (Latundan) - 10-12PCS/KG,80.0,
2026-02-11,140000000,,BAGUIO CITY PUBLIC MARKET,Fruits,"Mango (Carabao) - RIPE, 3-4PCS/KG",170.0,
2026-02-11,140000000,,BAGUIO CITY PUBLIC MARKET,Fruits,"Papaya - SOLO, RIPE, 2-3PCS",65.0,
2026-02-11,140000000,,BAGUIO CITY PUBLIC MARKET,Fruits,Watermelon - KG,50.0,
2026-02-11,140000000,,BAGUIO CITY PUBLIC MARKET,Fruits,Banana (Saba) - KG,40.0,
2026-02-11,140000000,,BANGUED PUBLIC MARKET,Fruits,Banana (Saba) - KG,70.0,
2026-02-11,140000000,,BANGUED PUBLIC MARKET,Highland Vegetables,Cabbage (Scorpio) - 750GM-1KG/HEAD,60.0,
2026-02-11,140000000,,BAGUIO CITY PUBLIC MARKET,Highland Vegetables,Carrots - 8-10PCS/KG,80.0,
2026-02-11,140000000,,BANGUED PUBLIC MARKET,Highland Vegetables,Carrots - 8-10PCS/KG,100.0,
2026-02-11,140000000,,BAGUIO CITY PUBLIC MARKET,Highland Vegetables,Habichuelas (Baguio Bean) - KG,60.0,
2026-02-11,140000000,,BANGUED PUBLIC MARKET,Highland Vegetables,Habichuelas (Baguio Bean) - KG,100.0,
2026-02-11,140000000,,BAGUIO CITY PUBLIC MARKET,Highland Vegetables,White Potato - 10-12PCS/KG,140.0,
2026-02-11,140000000,,BANGUED PUBLIC MARKET,Highland Vegetables,White Potato - 10-12PCS/KG,100.0,
2026-02-11,140000000,,BAGUIO CITY PUBLIC MARKET,Highland Vegetables,Pechay (Baguio) - KG,80.0,
2026-02-11,140000000,,BANGUED PUBLIC MARKET,Highland Vegetables,Pechay (Baguio) - KG,80.0,
2026-02-11,140000000,,BAGUIO CITY PUBLIC MARKET,Highland Vegetables,Chayote - KG,50.0,
2026-02-11,140000000,,BANGUED PUBLIC MARKET,Highland Vegetables,Chayote - KG,60.0,
2026-02-11,140000000,,BANGUED PUBLIC MARKET,Highland Vegetables,Broccoli - MEDIUM (8-10CM DIAMETER/BUNCH HD),120.0,
2026-02-11,140000000,,BANGUED PUBLIC MARKET,Highland Vegetables,Cauliflower - MEDIUM (8-10CM DIAMETER/BUNCH HD),30.0,
2026-02-11,140000000,,BANGUED PUBLIC MARKET,Highland Vegetables,Bell Pepper (Green) - MEDIUM (151-250GM/PC),200.0,
2026-02-11,140000000,,BANGUED PUBLIC MARKET,Highland Vegetables,Bell Pepper (Red) - MEDIUM (151-250GM/PC),200.0,
2026-02-11,140000000,,BANGUED PUBLIC MARKET,Highland Vegetables,Celery - MEDIUM (501-800 G),100.0,
2026-02-11,140000000,,BAGUIO CITY PUBLIC MARKET,Highland Vegetables,Cabbage (Wonder Ball) - 510GM-1KG/HEAD,60.0,
2026-02-11,140000000,,BAGUIO CITY PUBLIC MARKET,Lowland Vegetables,Ampalaya - 4-5 PCS/KG,90.0,
2026-02-11,140000000,,BANGUED PUBLIC MARKET,Lowland Vegetables,Ampalaya - 4-5 PCS/KG,90.0,
2026-02-11,140000000,,BAGUIO CITY PUBLIC MARKET,Lowland Vegetables,Squash - SUPREMA VARIETY,60.0,
2026-02-11,140000000,,BANGUED PUBLIC MARKET,Lowland Vegetables,Squash - SUPREMA VARIETY,50.0,
2026-02-11,140000000,,BAGUIO CITY PUBLIC MARKET,Lowland Vegetables,Pechay (Native) - 3-4 SMALL BUNDLES/KG,60.0,
2026-02-11,140000000,,BANGUED PUBLIC MARKET,Lowland Vegetables,Pechay (Native) - 3-4 SMALL BUNDLES/KG,70.0,
2026-02-11,140000000,,BAGUIO CITY PUBLIC MARKET,Lowland Vegetables,Sitao - 3-4 SMALL BUNDLES/KG,90.0,
2026-02-11,140000000,,BANGUED PUBLIC MARKET,Lowland Vegetables,Sitao - 3-4 SMALL BUNDLES/KG,100.0,
2026-02-11,140000000,,BAGUIO CITY PUBLIC MARKET,Lowland Vegetables,Eggplant - 3-4 SMALL BUNDLES/KG,80.0,
2026-02-11,140000000,,BANGUED PUBLIC MARKET,Lowland Vegetables,Eggplant - 3-4 SMALL BUNDLES/KG,90.0,
2026-02-11,140000000,,BAGUIO CITY PUBLIC MARKET,Lowland Vegetables,Tomato - 15-18 PCS/KG,100.0,
2026-02-11,140000000,,BANGUED PUBLIC MARKET,Lowland Vegetables,Tomato - 15-18 PCS/KG,70.0,
2026-02-11,140000000,,BAGUIO CITY PUBLIC MARKET,Meat and Poultry,Beef Brisket - MEAT WITH BONES,420.0,
2026-02-11,140000000,,BANGUED PUBLIC MARKET,Meat and Poultry,Beef Brisket - MEAT WITH BONES,340.0,
2026-02-11,140000000,,BAGUIO CITY PUBLIC MARKET,Meat and Poultry,Beef Rump - LEAN MEAT / TAPADERA,450.0,
2026-02-11,140000000,,BANGUED PUBLIC MARKET,Meat and Poultry,Beef Rump - LEAN MEAT / TAPADERA,340.0,
2026-02-11,140000000,,BAGUIO CITY PUBLIC MARKET,Meat and Poultry,"Chicken Egg (White, Medium) - 56-60 grams/pc",10.0,
2026-02-11,140000000,,BANGUED PUBLIC MARKET,Meat and Poultry,"Chicken Egg (White, Medium) - 56-60 grams/pc",8.5,
2026-02-11,140000000,,BAGUIO CITY PUBLIC MARKET,Meat and Poultry,Pork Ham (Kasim),300.0,
2026-02-11,140000000,,BANGUED PUBLIC MARKET,Meat and Poultry,Pork Ham (Kasim),320.0,
2026-02-11,140000000,,BAGUIO CITY PUBLIC MARKET,Meat and Poultry,Pork Belly (Liempo),360.0,
2026-02-11,140000000,,BANGUED PUBLIC MARKET,Meat and Poultry,Pork Belly (Liempo),320.0,
2026-02-11,140000000,,BAGUIO CITY PUBLIC MARKET,Meat and Poultry,Whole Chicken - FULLY DRESSED,190.0,
2026-02-11,140000000,,BANGUED PUBLIC MARKET,Meat and Poultry,Whole Chicken - FULLY DRESSED,240.0,
2026-02-11,140000000,,BAGUIO CITY PUBLIC MARKET,Meat and Poultry,"Chicken Egg (White, Small) - 51-55 grams/pc",9.0,
2026-02-11,140000000,,BANGUED PUBLIC MARKET,Meat and Poultry,"Chicken Egg (White, Small) - 51-55 grams/pc",7.5,
2026-02-11,140000000,,BANGUED PUBLIC MARKET,Meat and Poultry,"Chicken Egg (White, Large) - 61-65 grams/pc",9.0,
2026-02-11,140000000,,BAGUIO CITY PUBLIC MARKET,Meat and Poultry,"Chicken Egg (White, Extra Large) - 66-70 grams/pc",8.7,
2026-02-11,140000000,,BANGUED PUBLIC MARKET,Meat and Poultry,"Chicken Egg (White, Extra Large) - 66-70 grams/pc",10.0,
2026-02-11,140000000,,BAGUIO CITY PUBLIC MARKET,Meat and Poultry,"Chicken Egg (White, Jumbo) - 71> grams/pc",10.0,
2026-02-11,140000000,,BAGUIO CITY PUBLIC MARKET,Spices,Garlic(Imported) - KG,140.0,
2026-02-11,140000000,,BANGUED PUBLIC MARKET,Spices,Garlic(Imported) - KG,150.0,
2026-02-11,140000000,,BAGUIO CITY PUBLIC MARKET,Spices,Garlic(Native) - KG,280.0,
2026-02-11,140000000,,BAGUIO CITY PUBLIC MARKET,Spices,"Ginger - FAIRLY WELL-MATURED, MEDIUM (150-300 GM)",120.0,
2026-02-11,140000000,,BANGUED PUBLIC MARKET,Spices,"Ginger - FAIRLY WELL-MATURED, MEDIUM (150-300 GM)",150.0,
2026-02-11,140000000,,BANGUED PUBLIC MARKET,Spices,Red Onion - 13-15 PCS/KG,200.0,
2026-02-11,140000000,,BAGUIO CITY PUBLIC MARKET,Spices,Red Onion (Imported) - KG,140.0,
2026-02-11,140000000,,BAGUIO CITY PUBLIC MARKET,Spices,White Onion - KG,120.0,
2026-02-11,140000000,,BANGUED PUBLIC MARKET,Spices,White Onion - KG,200.0,
2026-02-11,140000000,,BAGUIO CITY PUBLIC MARKET,Spices,White Onion (Imported) - KG,120.0,
2026-02-11,140000000,,BAGUIO CITY PUBLIC MARKET,Spices,Chili (Red) - KG,300.0,
2026-02-11,140000000,,BAGUIO CITY PUBLIC MARKET,Other Commodities,Cooking Oil Palm 1L - 1 LITER/BOTTLE,100.0,
2026-02-11,140000000,,BANGUED PUBLIC MARKET,Other Commodities,Cooking Oil Palm 350ML - 350 ML/BOTTLE,30.0,
2026-02-11,140000000,,BANGUED PUBLIC MARKET,Other Commodities,Sugar (Brown) - KG,88.0,
2026-02-11,140000000,,BANGUED PUBLIC MARKET,Other Commodities,Sugar (Washed) - KG,93.0,
2026-02-11,140000000,,BANGUED PUBLIC MARKET,Other Commodities,Sugar (Refined) - KG,100.0,
2026-02-11,140000000,,BANGUED PUBLIC MARKET,Other Commodities,Cooking Oil (Coconut) 350ML - 350 ML/BOTTLE,32.0,
2026-02-11,140000000,,BAGUIO CITY PUBLIC MARKET,Rice,COMMERCIAL (IMPORTED) Premium (Yellow tagged) - 5% BROKEN,60.0,
2026-02-11,140000000,,BAGUIO CITY PUBLIC MARKET,Rice,COMMERCIAL (LOCAL) Premium (Yellow tagged) - 5% BROKEN,50.0,
2026-02-11,140000000,,BANGUED PUBLIC MARKET,Rice,COMMERCIAL (LOCAL) Premium (Yellow tagged) - 5% BROKEN,50.0,
2026-02-11,140000000,,BAGUIO CITY PUBLIC MARKET,Rice,COMMERCIAL (LOCAL) Regular Milled - 20-40% BRAN STREAK,44.0,
2026-02-11,140000000,,BANGUED PUBLIC MARKET,Rice,COMMERCIAL (LOCAL) Regular Milled - 20-40% BRAN STREAK,46.0,
2026-02-11,140000000,,BAGUIO CITY PUBLIC MARKET,Rice,COMMERCIAL (LOCAL) Special (Blue tagged) - WHITE RICE,44.0,
2026-02-11,140000000,,BANGUED PUBLIC MARKET,Rice,COMMERCIAL (LOCAL) Special (Blue tagged) - WHITE RICE,65.0,
2026-02-11,140000000,,BAGUIO CITY PUBLIC MARKET,Rice,COMMERCIAL (LOCAL) Well Milled - 1-19% BRAN STREAK,38.0,
2026-02-11,140000000,,BANGUED PUBLIC MARKET,Rice,COMMERCIAL (LOCAL) Well Milled - 1-19% BRAN STREAK,52.0,
2026-02-11,140000000,,BAGUIO CITY PUBLIC MARKET,Legumes,Mungbean - KG,140.0,
2026-02-11,140000000,,BANGUED PUBLIC MARKET,Legumes,Mungbean - KG,120.0,
