extract_dt,region_id,region_name,market_name,category,commodity,price,scrape_ts
2026-02-11,150000000,BARMM (Bangsamoro Autonomous Region of Muslim Mindanao),BONGAO PUBLIC MARKET,CORN,"Corn (White) - Cob, Glutinous",,2026-02-11T13:58:45.973116+08:00
2026-02-11,150000000,BARMM (Bangsamoro Autonomous Region of Muslim Mindanao),COTABATO CITY MEGA MARKET,CORN,"Corn (White) - Cob, Glutinous",,2026-02-11T13:58:45.973116+08:00
2026-02-11,150000000,BARMM (Bangsamoro Autonomous Region of Muslim Mindanao),COTABATO CITY OLD MARKET,CORN,"Corn (White) - Cob, Glutinous",,2026-02-11T13:58:45.973116+08:00
2026-02-11,150000000,BARMM (Bangsamoro Autonomous Region of Muslim Mindanao),DATU ODIN SINSUAT PUBLIC MARKET,CORN,"Corn (White) - Cob, Glutinous",,2026-02-11T13:58:45.973116+08:00
2026-02-11,150000000,BARMM (Bangsamoro Autonomous Region of Muslim Mindanao),DATU PAGLAS PUBLIC MARKET,CORN,"Corn (White) - Cob, Glutinous",,2026-02-11T13:58:45.973116+08:00
2026-02-11,150000000,BARMM (Bangsamoro Autonomous Region of Muslim Mindanao),"JOLO PUBLIC, SERANTES CHINESE PIER MARKET",CORN,"Corn (White) - Cob, Glutinous",,2026-02-11T13:58:45.973116+08:00
2026-02-11,150000000,BARMM (Bangsamoro Autonomous Region of Muslim Mindanao),LAMITAN CITY PUBLIC MARKET,CORN,"Corn (White) - Cob, Glutinous",,2026-02-11T13:58:45.973116+08:00
2026-02-11,150000000,BARMM (Bangsamoro Autonomous Region of Muslim Mindanao),MAIMBUNG PUBLIC MARKET,CORN,"Corn (White) - Cob, Glutinous",,2026-02-11T13:58:45.973116+08:00
2026-02-11,150000000,BARMM (Bangsamoro Autonomous Region of Muslim Mindanao),MALUSO PUBLIC MARKET,CORN,"Corn (White) - Cob, Glutinous",,2026-02-11T13:58:45.973116+08:00
2026-02-11,150000000,BARMM (Bangsamoro Autonomous Region of Muslim Mindanao),OMAIRA MARKET,CORN,"Corn (White) - Cob, Glutinous",,2026-02-11T13:58:45.973116+08:00
2026-02-11,150000000,BARMM (Bangsamoro Autonomous Region of Muslim Mindanao),PARANG PUBLIC MARKET,CORN,"Corn (White) - Cob, Glutinous",,2026-02-11T13:58:45.973116+08:00
2026-02-11,150000000,BARMM (Bangsamoro Autonomous Region of Muslim Mindanao),SHARIFF AGUAK PUBLIC MARKET,CORN,"Corn (White) - Cob, Glutinous",,2026-02-11T13:58:45.973116+08:00
2026-02-11,150000000,BARMM (Bangsamoro Autonomous Region of Muslim Mindanao),"TUCA PUBLIC MARKET, MARAWI CITY",CORN,"Corn (White) - Cob, Glutinous",,2026-02-11T13:58:45.973116+08:00
2026-02-11,150000000,BARMM (Bangsamoro Autonomous Region of Muslim Mindanao),BONGAO PUBLIC MARKET,CORN,"Corn (Yellow) - Cob, Sweet Corn",,2026-02-11T13:58:45.973116+08:00
2026-02-11,150000000,BARMM (Bangsamoro Autonomous Region of Muslim Mindanao),COTABATO CITY MEGA MARKET,CORN,"Corn (Yellow) - Cob, Sweet Corn",,2026-02-11T13:58:45.973116+08:00
2026-02-11,150000000,BARMM (Bangsamoro Autonomous Region of Muslim Mindanao),COTABATO CITY OLD MARKET,CORN,"Corn (Yellow) - Cob, Sweet Corn",,2026-02-11T13:58:45.973116+08:00
2026-02-11,150000000,BARMM (Bangsamoro Autonomous Region of Muslim Mindanao),DATU ODIN SINSUAT PUBLIC MARKET,CORN,"Corn (Yellow) - Cob, Sweet Corn",,2026-02-11T13:58:45.973116+08:00
2026-02-11,150000000,BARMM (Bangsamoro Autonomous Region of Muslim Mindanao),DATU PAGLAS PUBLIC MARKET,CORN,"Corn (Yellow) - Cob, Sweet Corn",,2026-02-11T13:58:45.973116+08:00
2026-02-11,150000000,BARMM (Bangsamoro Autonomous Region of Muslim Mindanao),"JOLO PUBLIC, SERANTES CHINESE PIER MARKET",CORN,"Corn (Yellow) - Cob, Sweet Corn",,2026-02-11T13:58:45.973116+08:00
2026-02-11,150000000,BARMM (Bangsamoro Autonomous Region of Muslim Mindanao),MAIMBUNG PUBLIC MARKET,CORN,"Corn (Yellow) - Cob, Sweet Corn",,2026-02-11T13:58:45.973116+08:00
2026-02-11,150000000,BARMM (Bangsamoro Autonomous Region of Muslim Mindanao),MALUSO PUBLIC MARKET,CORN,"Corn (Yellow) - Cob, Sweet Corn",,2026-02-11T13:58:45.973116+08:00
2026-02-11,150000000,BARMM (Bangsamoro Autonomous Region of Muslim Mindanao),OMAIRA MARKET,CORN,"Corn (Yellow) - Cob, Sweet Corn",,2026-02-11T13:58:45.973116+08:00
2026-02-11,150000000,BARMM (Bangsamoro Autonomous Region of Muslim Mindanao),PARANG PUBLIC MARKET,CORN,"Corn (Yellow) - Cob, Sweet Corn",,2026-02-11T13:58:45.973116+08:00
2026-02-11,150000000,BARMM (Bangsamoro Autonomous Region of Muslim Mindanao),SHARIFF AGUAK PUBLIC MARKET,CORN,"Corn (Yellow) - Cob, Sweet Corn",,2026-02-11T13:58:45.973116+08:00
2026-02-11,150000000,BARMM (Bangsamoro Autonomous Region of Muslim Mindanao),"TUCA PUBLIC MARKET, MARAWI CITY",CORN,"Corn (Yellow) - Cob, Sweet Corn",,2026-02-11T13:58:45.973116+08:00
2026-02-11,150000000,BARMM (Bangsamoro Autonomous Region of Muslim Mindanao),BONGAO PUBLIC MARKET,CORN,"Corn Cracked (Yellow, Feed Grade) - KG",,2026-02-11T13:58:45.973116+08:00
2026-02-11,150000000,BARMM (Bangsamoro Autonomous Region of Muslim Mindanao),COTABATO CITY MEGA MARKET,CORN,"Corn Cracked (Yellow, Feed Grade) - KG",,2026-02-11T13:58:45.973116+08:00
2026-02-11,150000000,BARMM (Bangsamoro Autonomous Region of Muslim Mindanao),COTABATO CITY OLD MARKET,CORN,"Corn Cracked (Yellow, Feed Grade) - KG",,2026-02-11T13:58:45.973116+08:00
2026-02-11,150000000,BARMM (Bangsamoro Autonomous Region of Muslim Mindanao),DATU ODIN SINSUAT PUBLIC MARKET,CORN,"Corn Cracked (Yellow, Feed Grade) - KG",,2026-02-11T13:58:45.973116+08:00
2026-02-11,150000000,BARMM (Bangsamoro Autonomous Region of Muslim Mindanao),DATU PAGLAS PUBLIC MARKET,CORN,"Corn Cracked (Yellow, Feed Grade) - KG",,2026-02-11T13:58:45.973116+08:00
2026-02-11,150000000,BARMM (Bangsamoro Autonomous Region of Muslim Mindanao),"JOLO PUBLIC, SERANTES CHINESE PIER MARKET",CORN,"Corn Cracked (Yellow, Feed Grade) - KG",,2026-02-11T13:58:45.973116+08:00
2026-02-11,150000000,BARMM (Bangsamoro Autonomous Region of Muslim Mindanao),LAMITAN CITY PUBLIC MARKET,CORN,"Corn Cracked (Yellow, Feed Grade) - KG",,2026-02-11T13:58:45.973116+08:00
2026-02-11,150000000,BARMM (Bangsamoro Autonomous Region of Muslim Mindanao),MAIMBUNG PUBLIC MARKET,CORN,"Corn Cracked (Yellow, Feed Grade) - KG",,2026-02-11T13:58:45.973116+08:00
2026-02-11,150000000,BARMM (Bangsamoro Autonomous Region of Muslim Mindanao),MALUSO PUBLIC MARKET,CORN,"Corn Cracked (Yellow, Feed Grade) - KG",,2026-02-11T13:58:45.973116+08:00
2026-02-11,150000000,BARMM (Bangsamoro Autonomous Region of Muslim Mindanao),OMAIRA MARKET,CORN,"Corn Cracked (Yellow, Feed Grade) - KG",,2026-02-11T13:58:45.973116+08:00
2026-02-11,150000000,BARMM (Bangsamoro Autonomous Region of Muslim Mindanao),PARANG PUBLIC MARKET,CORN,"Corn Cracked (Yellow, Feed Grade) - KG",,2026-02-11T13:58:45.973116+08:00
2026-02-11,150000000,BARMM (Bangsamoro Autonomous Region of Muslim Mindanao),SHARIFF AGUAK PUBLIC MARKET,CORN,"Corn Cracked (Yellow, Feed Grade) - KG",,2026-02-11T13:58:45.973116+08:00
2026-02-11,150000000,BARMM (Bangsamoro Autonomous Region of Muslim Mindanao),"TUCA PUBLIC MARKET, MARAWI CITY",CORN,"Corn Cracked (Yellow, Feed Grade) - KG",,2026-02-11T13:58:45.973116+08:00
2026-02-11,150000000,BARMM (Bangsamoro Autonomous Region of Muslim Mindanao),BONGAO PUBLIC MARKET,CORN,Corn Grits (Feed Grade) - KG,,2026-02-11T13:58:45.973116+08:00
2026-02-11,150000000,BARMM (Bangsamoro Autonomous Region of Muslim Mindanao),COTABATO CITY MEGA MARKET,CORN,Corn Grits (Feed Grade) - KG,,2026-02-11T13:58:45.973116+08:00
2026-02-11,150000000,BARMM (Bangsamoro Autonomous Region of Muslim Mindanao),COTABATO CITY OLD MARKET,CORN,Corn Grits (Feed Grade) - KG,,2026-02-11T13:58:45.973116+08:00
2026-02-11,150000000,BARMM (Bangsamoro Autonomous Region of Muslim Mindanao),DATU ODIN SINSUAT PUBLIC MARKET,CORN,Corn Grits (Feed Grade) - KG,,2026-02-11T13:58:45.973116+08:00
2026-02-11,150000000,BARMM (Bangsamoro Autonomous Region of Muslim Mindanao),DATU PAGLAS PUBLIC MARKET,CORN,Corn Grits (Feed Grade) - KG,,2026-02-11T13:58:45.973116+08:00
2026-02-11,150000000,BARMM (Bangsamoro Autonomous Region of Muslim Mindanao),"JOLO PUBLIC, SERANTES CHINESE PIER MARKET",CORN,Corn Grits (Feed Grade) - KG,,2026-02-11T13:58:45.973116+08:00
2026-02-11,150000000,BARMM (Bangsamoro Autonomous Region of Muslim Mindanao),LAMITAN CITY PUBLIC MARKET,CORN,Corn Grits (Feed Grade) - KG,,2026-02-11T13:58:45.973116+08:00
2026-02-11,150000000,BARMM (Bangsamoro Autonomous Region of Muslim Mindanao),MAIMBUNG PUBLIC MARKET,CORN,Corn Grits (Feed Grade) - KG,,2026-02-11T13:58:45.973116+08:00
2026-02-11,150000000,BARMM (Bangsamoro Autonomous Region of Muslim Mindanao),MALUSO PUBLIC MARKET,CORN,Corn Grits (Feed Grade) - KG,,2026-02-11T13:58:45.973116+08:00
2026-02-11,150000000,BARMM (Bangsamoro Autonomous Region of Muslim Mindanao),OMAIRA MARKET,CORN,Corn Grits (Feed Grade) - KG,,2026-02-11T13:58:45.973116+08:00
2026-02-11,150000000,BARMM (Bangsamoro Autonomous Region of Muslim Mindanao),PARANG PUBLIC MARKET,CORN,Corn Grits (Feed Grade) - KG,,2026-02-11T13:58:45.973116+08:00
2026-02-11,150000000,BARMM (Bangsamoro Autonomous Region of Muslim Mindanao),SHARIFF AGUAK PUBLIC MARKET,CORN,Corn Grits (Feed Grade) - KG,,2026-02-11T13:58:45.973116+08:00
2026-02-11,150000000,BARMM (Bangsamoro Autonomous Region of Muslim Mindanao),"TUCA PUBLIC MARKET, MARAWI CITY",CORN,Corn Grits (Feed Grade) - KG,,2026-02-11T13:58:45.973116+08:00
2026-02-11,150000000,BARMM (Bangsamoro Autonomous Region of Muslim Mindanao),BONGAO PUBLIC MARKET,CORN,"Corn Grits (White, Food Grade) - KG",,2026-02-11T13:58:45.973116+08:00
2026-02-11,150000000,BARMM (Bangsamoro Autonomous Region of Muslim Mindanao),COTABATO CITY MEGA MARKET,CORN,"Corn Grits (White, Food Grade) - KG",,2026-02-11T13:58:45.973116+08:00
2026-02-11,150000000,BARMM (Bangsamoro Autonomous Region of Muslim Mindanao),COTABATO CITY OLD MARKET,CORN,"Corn Grits (White, Food Grade) - KG",,2026-02-11T13:58:45.973116+08:00
2026-02-11,150000000,BARMM (Bangsamoro Autonomous Region of Muslim Mindanao),DATU ODIN SINSUAT PUBLIC MARKET,CORN,"Corn Grits (White, Food Grade) - KG",,2026-02-11T13:58:45.973116+08:00
2026-02-11,150000000,BARMM (Bangsamoro Autonomous Region of Muslim Mindanao),DATU PAGLAS PUBLIC MARKET,CORN,"Corn Grits (White, Food Grade) - KG",,2026-02-11T13:58:45.973116+08:00
2026-02-11,150000000,BARMM (Bangsamoro Autonomous Region of Muslim Mindanao),"JOLO PUBLIC, SERANTES CHINESE PIER MARKET",CORN,"Corn Grits (White, Food Grade) - KG",,2026-02-11T13:58:45.973116+08:00
2026-02-11,150000000,BARMM (Bangsamoro Autonomous Region of Muslim Mindanao),LAMITAN CITY PUBLIC MARKET,CORN,"Corn Grits (White, Food Grade) - KG",,2026-02-11T13:58:45.973116+08:00
2026-02-11,150000000,BARMM (Bangsamoro Autonomous Region of Muslim Mindanao),MAIMBUNG PUBLIC MARKET,CORN,"Corn Grits (White, Food Grade) - KG",,2026-02-11T13:58:45.973116+08:00
2026-02-11,150000000,BARMM (Bangsamoro Autonomous Region of Muslim Mindanao),MALUSO PUBLIC MARKET,CORN,"Corn Grits (White, Food Grade) - KG",,2026-02-11T13:58:45.973116+08:00
2026-02-11,150000000,BARMM (Bangsamoro Autonomous Region of Muslim Mindanao),OMAIRA MARKET,CORN,"Corn Grits (White, Food Grade) - KG",,2026-02-11T13:58:45.973116+08:00
2026-02-11,150000000,BARMM (Bangsamoro Autonomous Region of Muslim Mindanao),PARANG PUBLIC MARKET,CORN,"Corn Grits (White, Food Grade) - KG",,2026-02-11T13:58:45.973116+08:00
2026-02-11,150000000,BARMM (Bangsamoro Autonomous Region of Muslim Mindanao),SHARIFF AGUAK PUBLIC MARKET,CORN,"Corn Grits (White, Food Grade) - KG",,2026-02-11T13:58:45.973116+08:00
2026-02-11,150000000,BARMM (Bangsamoro Autonomous Region of Muslim Mindanao),"TUCA PUBLIC MARKET, MARAWI CITY",CORN,"Corn Grits (White, Food Grade) - KG",,2026-02-11T13:58:45.973116+08:00
2026-02-11,150000000,BARMM (Bangsamoro Autonomous Region of Muslim Mindanao),BONGAO PUBLIC MARKET,CORN,"Corn Grits (Yellow, Food Grade) - KG",,2026-02-11T13:58:45.973116+08:00
2026-02-11,150000000,BARMM (Bangsamoro Autonomous Region of Muslim Mindanao),COTABATO CITY MEGA MARKET,CORN,"Corn Grits (Yellow, Food Grade) - KG",,2026-02-11T13:58:45.973116+08:00
2026-02-11,150000000,BARMM (Bangsamoro Autonomous Region of Muslim Mindanao),COTABATO CITY OLD MARKET,CORN,"Corn Grits (Yellow, Food Grade) - KG",,2026-02-11T13:58:45.973116+08:00
2026-02-11,150000000,BARMM (Bangsamoro Autonomous Region of Muslim Mindanao),DATU ODIN SINSUAT PUBLIC MARKET,CORN,"Corn Grits (Yellow, Food Grade) - KG",,2026-02-11T13:58:45.973116+08:00
2026-02-11,150000000,BARMM (Bangsamoro Autonomous Region of Muslim Mindanao),DATU PAGLAS PUBLIC MARKET,CORN,"Corn Grits (Yellow, Food Grade) - KG",,2026-02-11T13:58:45.973116+08:00
2026-02-11,150000000,BARMM (Bangsamoro Autonomous Region of Muslim Mindanao),"JOLO PUBLIC, SERANTES CHINESE PIER MARKET",CORN,"Corn Grits (Yellow, Food Grade) - KG",,2026-02-11T13:58:45.973116+08:00
2026-02-11,150000000,BARMM (Bangsamoro Autonomous Region of Muslim Mindanao),MAIMBUNG PUBLIC MARKET,CORN,"Corn Grits (Yellow, Food Grade) - KG",,2026-02-11T13:58:45.973116+08:00
2026-02-11,150000000,BARMM (Bangsamoro Autonomous Region of Muslim Mindanao),MALUSO PUBLIC MARKET,CORN,"Corn Grits (Yellow, Food Grade) - KG",,2026-02-11T13:58:45.973116+08:00
2026-02-11,150000000,BARMM (Bangsamoro Autonomous Region of Muslim Mindanao),OMAIRA MARKET,CORN,"Corn Grits (Yellow, Food Grade) - KG",,2026-02-11T13:58:45.973116+08:00
2026-02-11,150000000,BARMM (Bangsamoro Autonomous Region of Muslim Mindanao),PARANG PUBLIC MARKET,CORN,"Corn Grits (Yellow, Food Grade) - KG",,2026-02-11T13:58:45.973116+08:00
2026-02-11,150000000,BARMM (Bangsamoro Autonomous Region of Muslim Mindanao),SHARIFF AGUAK PUBLIC MARKET,CORN,"Corn Grits (Yellow, Food Grade) - KG",,2026-02-11T13:58:45.973116+08:00
2026-02-11,150000000,BARMM (Bangsamoro Autonomous Region of Muslim Mindanao),"TUCA PUBLIC MARKET, MARAWI CITY",CORN,"Corn Grits (Yellow, Food Grade) - KG",,2026-02-11T13:58:45.973116+08:00
2026-02-11,150000000,BARMM (Bangsamoro Autonomous Region of Muslim Mindanao),BONGAO PUBLIC MARKET,FISH,Alumahan - MEDIUM (4-6PCS/KG),,2026-02-11T13:58:45.973116+08:00
2026-02-11,150000000,BARMM (Bangsamoro Autonomous Region of Muslim Mindanao),COTABATO CITY MEGA MARKET,FISH,Alumahan - MEDIUM (4-6PCS/KG),,2026-02-11T13:58:45.973116+08:00
2026-02-11,150000000,BARMM (Bangsamoro Autonomous Region of Muslim Mindanao),COTABATO CITY OLD MARKET,FISH,Alumahan - MEDIUM (4-6PCS/KG),,2026-02-11T13:58:45.973116+08:00
2026-02-11,150000000,BARMM (Bangsamoro Autonomous Region of Muslim Mindanao),DATU ODIN SINSUAT PUBLIC MARKET,FISH,Alumahan - MEDIUM (4-6PCS/KG),,2026-02-11T13:58:45.973116+08:00
2026-02-11,150000000,BARMM (Bangsamoro Autonomous Region of Muslim Mindanao),DATU PAGLAS PUBLIC MARKET,FISH,Alumahan - MEDIUM (4-6PCS/KG),,2026-02-11T13:58:45.973116+08:00
2026-02-11,150000000,BARMM (Bangsamoro Autonomous Region of Muslim Mindanao),"JOLO PUBLIC, SERANTES CHINESE PIER MARKET",FISH,Alumahan - MEDIUM (4-6PCS/KG),,2026-02-11T13:58:45.973116+08:00
2026-02-11,150000000,BARMM (Bangsamoro Autonomous Region of Muslim Mindanao),MAIMBUNG PUBLIC MARKET,FISH,Alumahan - MEDIUM (4-6PCS/KG),,2026-02-11T13:58:45.973116+08:00
2026-02-11,150000000,BARMM (Bangsamoro Autonomous Region of Muslim Mindanao),MALUSO PUBLIC MARKET,FISH,Alumahan - MEDIUM (4-6PCS/KG),,2026-02-11T13:58:45.973116+08:00
2026-02-11,150000000,BARMM (Bangsamoro Autonomous Region of Muslim Mindanao),OMAIRA MARKET,FISH,Alumahan - MEDIUM (4-6PCS/KG),,2026-02-11T13:58:45.973116+08:00
2026-02-11,150000000,BARMM (Bangsamoro Autonomous Region of Muslim Mindanao),PARANG PUBLIC MARKET,FISH,Alumahan - MEDIUM (4-6PCS/KG),,2026-02-11T13:58:45.973116+08:00
2026-02-11,150000000,BARMM (Bangsamoro Autonomous Region of Muslim Mindanao),SHARIFF AGUAK PUBLIC MARKET,FISH,Alumahan - MEDIUM (4-6PCS/KG),,2026-02-11T13:58:45.973116+08:00
2026-02-11,150000000,BARMM (Bangsamoro Autonomous Region of Muslim Mindanao),"TUCA PUBLIC MARKET, MARAWI CITY",FISH,Alumahan - MEDIUM (4-6PCS/KG),,2026-02-11T13:58:45.973116+08:00
2026-02-11,150000000,BARMM (Bangsamoro Autonomous Region of Muslim Mindanao),BONGAO PUBLIC MARKET,FISH,Bangus (Large) - LARGE (KG),,2026-02-11T13:58:45.973116+08:00
2026-02-11,150000000,BARMM (Bangsamoro Autonomous Region of Muslim Mindanao),COTABATO CITY MEGA MARKET,FISH,Bangus (Large) - LARGE (KG),,2026-02-11T13:58:45.973116+08:00
2026-02-11,150000000,BARMM (Bangsamoro Autonomous Region of Muslim Mindanao),COTABATO CITY OLD MARKET,FISH,Bangus (Large) - LARGE (KG),,2026-02-11T13:58:45.973116+08:00
2026-02-11,150000000,BARMM (Bangsamoro Autonomous Region of Muslim Mindanao),DATU ODIN SINSUAT PUBLIC MARKET,FISH,Bangus (Large) - LARGE (KG),,2026-02-11T13:58:45.973116+08:00
2026-02-11,150000000,BARMM (Bangsamoro Autonomous Region of Muslim Mindanao),DATU PAGLAS PUBLIC MARKET,FISH,Bangus (Large) - LARGE (KG),,2026-02-11T13:58:45.973116+08:00
2026-02-11,150000000,BARMM (Bangsamoro Autonomous Region of Muslim Mindanao),"JOLO PUBLIC, SERANTES CHINESE PIER MARKET",FISH,Bangus (Large) - LARGE (KG),,2026-02-11T13:58:45.973116+08:00
2026-02-11,150000000,BARMM (Bangsamoro Autonomous Region of Muslim Mindanao),LAMITAN CITY PUBLIC MARKET,FISH,Bangus (Large) - LARGE (KG),,2026-02-11T13:58:45.973116+08:00
2026-02-11,150000000,BARMM (Bangsamoro Autonomous Region of Muslim Mindanao),MAIMBUNG PUBLIC MARKET,FISH,Bangus (Large) - LARGE (KG),,2026-02-11T13:58:45.973116+08:00
2026-02-11,150000000,BARMM (Bangsamoro Autonomous Region of Muslim Mindanao),MALUSO PUBLIC MARKET,FISH,Bangus (Large) - LARGE (KG),,2026-02-11T13:58:45.973116+08:00
2026-02-11,150000000,BARMM (Bangsamoro Autonomous Region of Muslim Mindanao),OMAIRA MARKET,FISH,Bangus (Large) - LARGE (KG),,2026-02-11T13:58:45.973116+08:00
2026-02-11,150000000,BARMM (Bangsamoro Autonomous Region of Muslim Mindanao),PARANG PUBLIC MARKET,FISH,Bangus (Large) - LARGE (KG),,2026-02-11T13:58:45.973116+08:00
2026-02-11,150000000,BARMM (Bangsamoro Autonomous Region of Muslim Mindanao),SHARIFF AGUAK PUBLIC MARKET,FISH,Bangus (Large) - LARGE (KG),,2026-02-11T13:58:45.973116+08:00
2026-02-11,150000000,BARMM (Bangsamoro Autonomous Region of Muslim Mindanao),"TUCA PUBLIC MARKET, MARAWI CITY",FISH,Bangus (Large) - LARGE (KG),,2026-02-11T13:58:45.973116+08:00
2026-02-11,150000000,BARMM (Bangsamoro Autonomous Region of Muslim Mindanao),BONGAO PUBLIC MARKET,FISH,Bangus (Medium) - MEDIUM (3-4PCS/KG),,2026-02-11T13:58:45.973116+08:00
2026-02-11,150000000,BARMM (Bangsamoro Autonomous Region of Muslim Mindanao),COTABATO CITY MEGA MARKET,FISH,Bangus (Medium) - MEDIUM (3-4PCS/KG),,2026-02-11T13:58:45.973116+08:00
2026-02-11,150000000,BARMM (Bangsamoro Autonomous Region of Muslim Mindanao),COTABATO CITY OLD MARKET,FISH,Bangus (Medium) - MEDIUM (3-4PCS/KG),,2026-02-11T13:58:45.973116+08:00
2026-02-11,150000000,BARMM (Bangsamoro Autonomous Region of Muslim Mindanao),DATU ODIN SINSUAT PUBLIC MARKET,FISH,Bangus (Medium) - MEDIUM (3-4PCS/KG),,2026-02-11T13:58:45.973116+08:00
2026-02-11,150000000,BARMM (Bangsamoro Autonomous Region of Muslim Mindanao),DATU PAGLAS PUBLIC MARKET,FISH,Bangus (Medium) - MEDIUM (3-4PCS/KG),,2026-02-11T13:58:45.973116+08:00
2026-02-11,150000000,BARMM (Bangsamoro Autonomous Region of Muslim Mindanao),"JOLO PUBLIC, SERANTES CHINESE PIER MARKET",FISH,Bangus (Medium) - MEDIUM (3-4PCS/KG),,2026-02-11T13:58:45.973116+08:00
2026-02-11,150000000,BARMM (Bangsamoro Autonomous Region of Muslim Mindanao),LAMITAN CITY PUBLIC MARKET,FISH,Bangus (Medium) - MEDIUM (3-4PCS/KG),,2026-02-11T13:58:45.973116+08:00
2026-02-11,150000000,BARMM (Bangsamoro Autonomous Region of Muslim Mindanao),MAIMBUNG PUBLIC MARKET,FISH,Bangus (Medium) - MEDIUM (3-4PCS/KG),,2026-02-11T13:58:45.973116+08:00
2026-02-11,150000000,BARMM (Bangsamoro Autonomous Region of Muslim Mindanao),MALUSO PUBLIC MARKET,FISH,Bangus (Medium) - MEDIUM (3-4PCS/KG),,2026-02-11T13:58:45.973116+08:00
2026-02-11,150000000,BARMM (Bangsamoro Autonomous Region of Muslim Mindanao),OMAIRA MARKET,FISH,Bangus (Medium) - MEDIUM (3-4PCS/KG),,2026-02-11T13:58:45.973116+08:00
2026-02-11,150000000,BARMM (Bangsamoro Autonomous Region of Muslim Mindanao),PARANG PUBLIC MARKET,FISH,Bangus (Medium) - MEDIUM (3-4PCS/KG),,2026-02-11T13:58:45.973116+08:00
2026-02-11,150000000,BARMM (Bangsamoro Autonomous Region of Muslim Mindanao),SHARIFF AGUAK PUBLIC MARKET,FISH,Bangus (Medium) - MEDIUM (3-4PCS/KG),,2026-02-11T13:58:45.973116+08:00
2026-02-11,150000000,BARMM (Bangsamoro Autonomous Region of Muslim Mindanao),"TUCA PUBLIC MARKET, MARAWI CITY",FISH,Bangus (Medium) - MEDIUM (3-4PCS/KG),,2026-02-11T13:58:45.973116+08:00
2026-02-11,150000000,BARMM (Bangsamoro Autonomous Region of Muslim Mindanao),BONGAO PUBLIC MARKET,FISH,Bonito,,2026-02-11T13:58:45.973116+08:00
2026-02-11,150000000,BARMM (Bangsamoro Autonomous Region of Muslim Mindanao),COTABATO CITY MEGA MARKET,FISH,Bonito,,2026-02-11T13:58:45.973116+08:00
2026-02-11,150000000,BARMM (Bangsamoro Autonomous Region of Muslim Mindanao),COTABATO CITY OLD MARKET,FISH,Bonito,,2026-02-11T13:58:45.973116+08:00
2026-02-11,150000000,BARMM (Bangsamoro Autonomous Region of Muslim Mindanao),DATU ODIN SINSUAT PUBLIC MARKET,FISH,Bonito,,2026-02-11T13:58:45.973116+08:00
2026-02-11,150000000,BARMM (Bangsamoro Autonomous Region of Muslim Mindanao),DATU PAGLAS PUBLIC MARKET,FISH,Bonito,,2026-02-11T13:58:45.973116+08:00
2026-02-11,150000000,BARMM (Bangsamoro Autonomous Region of Muslim Mindanao),"JOLO PUBLIC, SERANTES CHINESE PIER MARKET",FISH,Bonito,,2026-02-11T13:58:45.973116+08:00
2026-02-11,150000000,BARMM (Bangsamoro Autonomous Region of Muslim Mindanao),LAMITAN CITY PUBLIC MARKET,FISH,Bonito,,2026-02-11T13:58:45.973116+08:00
2026-02-11,150000000,BARMM (Bangsamoro Autonomous Region of Muslim Mindanao),MAIMBUNG PUBLIC MARKET,FISH,Bonito,,2026-02-11T13:58:45.973116+08:00
2026-02-11,150000000,BARMM (Bangsamoro Autonomous Region of Muslim Mindanao),MALUSO PUBLIC MARKET,FISH,Bonito,,2026-02-11T13:58:45.973116+08:00
2026-02-11,150000000,BARMM (Bangsamoro Autonomous Region of Muslim Mindanao),OMAIRA MARKET,FISH,Bonito,,2026-02-11T13:58:45.973116+08:00
2026-02-11,150000000,BARMM (Bangsamoro Autonomous Region of Muslim Mindanao),PARANG PUBLIC MARKET,FISH,Bonito,,2026-02-11T13:58:45.973116+08:00
2026-02-11,150000000,BARMM (Bangsamoro Autonomous Region of Muslim Mindanao),SHARIFF AGUAK PUBLIC MARKET,FISH,Bonito,,2026-02-11T13:58:45.973116+08:00
2026-02-11,150000000,BARMM (Bangsamoro Autonomous Region of Muslim Mindanao),"TUCA PUBLIC MARKET, MARAWI CITY",FISH,Bonito,,2026-02-11T13:58:45.973116+08:00
2026-02-11,150000000,BARMM (Bangsamoro Autonomous Region of Muslim Mindanao),BONGAO PUBLIC MARKET,FISH,"Galunggong(Imported) - MALE, MEDIUM (12-14PCS/KG)",,2026-02-11T13:58:45.973116+08:00
2026-02-11,150000000,BARMM (Bangsamoro Autonomous Region of Muslim Mindanao),COTABATO CITY MEGA MARKET,FISH,"Galunggong(Imported) - MALE, MEDIUM (12-14PCS/KG)",,2026-02-11T13:58:45.973116+08:00
2026-02-11,150000000,BARMM (Bangsamoro Autonomous Region of Muslim Mindanao),COTABATO CITY OLD MARKET,FISH,"Galunggong(Imported) - MALE, MEDIUM (12-14PCS/KG)",,2026-02-11T13:58:45.973116+08:00
2026-02-11,150000000,BARMM (Bangsamoro Autonomous Region of Muslim Mindanao),DATU ODIN SINSUAT PUBLIC MARKET,FISH,"Galunggong(Imported) - MALE, MEDIUM (12-14PCS/KG)",,2026-02-11T13:58:45.973116+08:00
2026-02-11,150000000,BARMM (Bangsamoro Autonomous Region of Muslim Mindanao),DATU PAGLAS PUBLIC MARKET,FISH,"Galunggong(Imported) - MALE, MEDIUM (12-14PCS/KG)",,2026-02-11T13:58:45.973116+08:00
2026-02-11,150000000,BARMM (Bangsamoro Autonomous Region of Muslim Mindanao),"JOLO PUBLIC, SERANTES CHINESE PIER MARKET",FISH,"Galunggong(Imported) - MALE, MEDIUM (12-14PCS/KG)",,2026-02-11T13:58:45.973116+08:00
2026-02-11,150000000,BARMM (Bangsamoro Autonomous Region of Muslim Mindanao),LAMITAN CITY PUBLIC MARKET,FISH,"Galunggong(Imported) - MALE, MEDIUM (12-14PCS/KG)",,2026-02-11T13:58:45.973116+08:00
2026-02-11,150000000,BARMM (Bangsamoro Autonomous Region of Muslim Mindanao),MAIMBUNG PUBLIC MARKET,FISH,"Galunggong(Imported) - MALE, MEDIUM (12-14PCS/KG)",,2026-02-11T13:58:45.973116+08:00
2026-02-11,150000000,BARMM (Bangsamoro Autonomous Region of Muslim Mindanao),MALUSO PUBLIC MARKET,FISH,"Galunggong(Imported) - MALE, MEDIUM (12-14PCS/KG)",,2026-02-11T13:58:45.973116+08:00
2026-02-11,150000000,BARMM (Bangsamoro Autonomous Region of Muslim Mindanao),OMAIRA MARKET,FISH,"Galunggong(Imported) - MALE, MEDIUM (12-14PCS/KG)",,2026-02-11T13:58:45.973116+08:00
2026-02-11,150000000,BARMM (Bangsamoro Autonomous Region of Muslim Mindanao),PARANG PUBLIC MARKET,FISH,"Galunggong(Imported) - MALE, MEDIUM (12-14PCS/KG)",,2026-02-11T13:58:45.973116+08:00
2026-02-11,150000000,BARMM (Bangsamoro Autonomous Region of Muslim Mindanao),SHARIFF AGUAK PUBLIC MARKET,FISH,"Galunggong(Imported) - MALE, MEDIUM (12-14PCS/KG)",,2026-02-11T13:58:45.973116+08:00
2026-02-11,150000000,BARMM (Bangsamoro Autonomous Region of Muslim Mindanao),"TUCA PUBLIC MARKET, MARAWI CITY",FISH,"Galunggong(Imported) - MALE, MEDIUM (12-14PCS/KG)",,2026-02-11T13:58:45.973116+08:00
2026-02-11,150000000,BARMM (Bangsamoro Autonomous Region of Muslim Mindanao),BONGAO PUBLIC MARKET,FISH,"Galunggong(Local) - MALE, MEDIUM(12-14PCS/KG)",,2026-02-11T13:58:45.973116+08:00
2026-02-11,150000000,BARMM (Bangsamoro Autonomous Region of Muslim Mindanao),COTABATO CITY MEGA MARKET,FISH,"Galunggong(Local) - MALE, MEDIUM(12-14PCS/KG)",,2026-02-11T13:58:45.973116+08:00
2026-02-11,150000000,BARMM (Bangsamoro Autonomous Region of Muslim Mindanao),COTABATO CITY OLD MARKET,FISH,"Galunggong(Local) - MALE, MEDIUM(12-14PCS/KG)",,2026-02-11T13:58:45.973116+08:00
2026-02-11,150000000,BARMM (Bangsamoro Autonomous Region of Muslim Mindanao),DATU ODIN SINSUAT PUBLIC MARKET,FISH,"Galunggong(Local) - MALE, MEDIUM(12-14PCS/KG)",,2026-02-11T13:58:45.973116+08:00
2026-02-11,150000000,BARMM (Bangsamoro Autonomous Region of Muslim Mindanao),DATU PAGLAS PUBLIC MARKET,FISH,"Galunggong(Local) - MALE, MEDIUM(12-14PCS/KG)",,2026-02-11T13:58:45.973116+08:00
2026-02-11,150000000,BARMM (Bangsamoro Autonomous Region of Muslim Mindanao),"JOLO PUBLIC, SERANTES CHINESE PIER MARKET",FISH,"Galunggong(Local) - MALE, MEDIUM(12-14PCS/KG)",,2026-02-11T13:58:45.973116+08:00
2026-02-11,150000000,BARMM (Bangsamoro Autonomous Region of Muslim Mindanao),LAMITAN CITY PUBLIC MARKET,FISH,"Galunggong(Local) - MALE, MEDIUM(12-14PCS/KG)",,2026-02-11T13:58:45.973116+08:00
2026-02-11,150000000,BARMM (Bangsamoro Autonomous Region of Muslim Mindanao),MAIMBUNG PUBLIC MARKET,FISH,"Galunggong(Local) - MALE, MEDIUM(12-14PCS/KG)",,2026-02-11T13:58:45.973116+08:00
2026-02-11,150000000,BARMM (Bangsamoro Autonomous Region of Muslim Mindanao),MALUSO PUBLIC MARKET,FISH,"Galunggong(Local) - MALE, MEDIUM(12-14PCS/KG)",,2026-02-11T13:58:45.973116+08:00
2026-02-11,150000000,BARMM (Bangsamoro Autonomous Region of Muslim Mindanao),OMAIRA MARKET,FISH,"Galunggong(Local) - MALE, MEDIUM(12-14PCS/KG)",,2026-02-11T13:58:45.973116+08:00
2026-02-11,150000000,BARMM (Bangsamoro Autonomous Region of Muslim Mindanao),PARANG PUBLIC MARKET,FISH,"Galunggong(Local) - MALE, MEDIUM(12-14PCS/KG)",,2026-02-11T13:58:45.973116+08:00
2026-02-11,150000000,BARMM (Bangsamoro Autonomous Region of Muslim Mindanao),SHARIFF AGUAK PUBLIC MARKET,FISH,"Galunggong(Local) - MALE, MEDIUM(12-14PCS/KG)",,2026-02-11T13:58:45.973116+08:00
2026-02-11,150000000,BARMM (Bangsamoro Autonomous Region of Muslim Mindanao),"TUCA PUBLIC MARKET, MARAWI CITY",FISH,"Galunggong(Local) - MALE, MEDIUM(12-14PCS/KG)",,2026-02-11T13:58:45.973116+08:00
2026-02-11,150000000,BARMM (Bangsamoro Autonomous Region of Muslim Mindanao),BONGAO PUBLIC MARKET,FISH,Salmon Head,,2026-02-11T13:58:45.973116+08:00
2026-02-11,150000000,BARMM (Bangsamoro Autonomous Region of Muslim Mindanao),COTABATO CITY MEGA MARKET,FISH,Salmon Head,,2026-02-11T13:58:45.973116+08:00
2026-02-11,150000000,BARMM (Bangsamoro Autonomous Region of Muslim Mindanao),COTABATO CITY OLD MARKET,FISH,Salmon Head,,2026-02-11T13:58:45.973116+08:00
2026-02-11,150000000,BARMM (Bangsamoro Autonomous Region of Muslim Mindanao),DATU ODIN SINSUAT PUBLIC MARKET,FISH,Salmon Head,,2026-02-11T13:58:45.973116+08:00
2026-02-11,150000000,BARMM (Bangsamoro Autonomous Region of Muslim Mindanao),DATU PAGLAS PUBLIC MARKET,FISH,Salmon Head,,2026-02-11T13:58:45.973116+08:00
2026-02-11,150000000,BARMM (Bangsamoro Autonomous Region of Muslim Mindanao),"JOLO PUBLIC, SERANTES CHINESE PIER MARKET",FISH,Salmon Head,,2026-02-11T13:58:45.973116+08:00
2026-02-11,150000000,BARMM (Bangsamoro Autonomous Region of Muslim Mindanao),LAMITAN CITY PUBLIC MARKET,FISH,Salmon Head,,2026-02-11T13:58:45.973116+08:00
2026-02-11,150000000,BARMM (Bangsamoro Autonomous Region of Muslim Mindanao),MAIMBUNG PUBLIC MARKET,FISH,Salmon Head,,2026-02-11T13:58:45.973116+08:00
2026-02-11,150000000,BARMM (Bangsamoro Autonomous Region of Muslim Mindanao),MALUSO PUBLIC MARKET,FISH,Salmon Head,,2026-02-11T13:58:45.973116+08:00
2026-02-11,150000000,BARMM (Bangsamoro Autonomous Region of Muslim Mindanao),OMAIRA MARKET,FISH,Salmon Head,,2026-02-11T13:58:45.973116+08:00
2026-02-11,150000000,BARMM (Bangsamoro Autonomous Region of Muslim Mindanao),PARANG PUBLIC MARKET,FISH,Salmon Head,,2026-02-11T13:58:45.973116+08:00
2026-02-11,150000000,BARMM (Bangsamoro Autonomous Region of Muslim Mindanao),SHARIFF AGUAK PUBLIC MARKET,FISH,Salmon Head,,2026-02-11T13:58:45.973116+08:00
2026-02-11,150000000,BARMM (Bangsamoro Autonomous Region of Muslim Mindanao),"TUCA PUBLIC MARKET, MARAWI CITY",FISH,Salmon Head,,2026-02-11T13:58:45.973116+08:00
2026-02-11,150000000,BARMM (Bangsamoro Autonomous Region of Muslim Mindanao),BONGAO PUBLIC MARKET,FISH,Sardines (Tamban),,2026-02-11T13:58:45.973116+08:00
2026-02-11,150000000,BARMM (Bangsamoro Autonomous Region of Muslim Mindanao),COTABATO CITY MEGA MARKET,FISH,Sardines (Tamban),,2026-02-11T13:58:45.973116+08:00
2026-02-11,150000000,BARMM (Bangsamoro Autonomous Region of Muslim Mindanao),COTABATO CITY OLD MARKET,FISH,Sardines (Tamban),,2026-02-11T13:58:45.973116+08:00
2026-02-11,150000000,BARMM (Bangsamoro Autonomous Region of Muslim Mindanao),DATU ODIN SINSUAT PUBLIC MARKET,FISH,Sardines (Tamban),,2026-02-11T13:58:45.973116+08:00
2026-02-11,150000000,BARMM (Bangsamoro Autonomous Region of Muslim Mindanao),DATU PAGLAS PUBLIC MARKET,FISH,Sardines (Tamban),,2026-02-11T13:58:45.973116+08:00
2026-02-11,150000000,BARMM (Bangsamoro Autonomous Region of Muslim Mindanao),"JOLO PUBLIC, SERANTES CHINESE PIER MARKET",FISH,Sardines (Tamban),,2026-02-11T13:58:45.973116+08:00
2026-02-11,150000000,BARMM (Bangsamoro Autonomous Region of Muslim Mindanao),MAIMBUNG PUBLIC MARKET,FISH,Sardines (Tamban),,2026-02-11T13:58:45.973116+08:00
2026-02-11,150000000,BARMM (Bangsamoro Autonomous Region of Muslim Mindanao),MALUSO PUBLIC MARKET,FISH,Sardines (Tamban),,2026-02-11T13:58:45.973116+08:00
2026-02-11,150000000,BARMM (Bangsamoro Autonomous Region of Muslim Mindanao),OMAIRA MARKET,FISH,Sardines (Tamban),,2026-02-11T13:58:45.973116+08:00
2026-02-11,150000000,BARMM (Bangsamoro Autonomous Region of Muslim Mindanao),PARANG PUBLIC MARKET,FISH,Sardines (Tamban),,2026-02-11T13:58:45.973116+08:00
2026-02-11,150000000,BARMM (Bangsamoro Autonomous Region of Muslim Mindanao),SHARIFF AGUAK PUBLIC MARKET,FISH,Sardines (Tamban),,2026-02-11T13:58:45.973116+08:00
2026-02-11,150000000,BARMM (Bangsamoro Autonomous Region of Muslim Mindanao),"TUCA PUBLIC MARKET, MARAWI CITY",FISH,Sardines (Tamban),,2026-02-11T13:58:45.973116+08:00
2026-02-11,150000000,BARMM (Bangsamoro Autonomous Region of Muslim Mindanao),BONGAO PUBLIC MARKET,FISH,Squid (Pusit Bisaya) - Medium,,2026-02-11T13:58:45.973116+08:00
2026-02-11,150000000,BARMM (Bangsamoro Autonomous Region of Muslim Mindanao),COTABATO CITY MEGA MARKET,FISH,Squid (Pusit Bisaya) - Medium,,2026-02-11T13:58:45.973116+08:00
2026-02-11,150000000,BARMM (Bangsamoro Autonomous Region of Muslim Mindanao),COTABATO CITY OLD MARKET,FISH,Squid (Pusit Bisaya) - Medium,,2026-02-11T13:58:45.973116+08:00
2026-02-11,150000000,BARMM (Bangsamoro Autonomous Region of Muslim Mindanao),DATU ODIN SINSUAT PUBLIC MARKET,FISH,Squid (Pusit Bisaya) - Medium,,2026-02-11T13:58:45.973116+08:00
2026-02-11,150000000,BARMM (Bangsamoro Autonomous Region of Muslim Mindanao),DATU PAGLAS PUBLIC MARKET,FISH,Squid (Pusit Bisaya) - Medium,,2026-02-11T13:58:45.973116+08:00
2026-02-11,150000000,BARMM (Bangsamoro Autonomous Region of Muslim Mindanao),"JOLO PUBLIC, SERANTES CHINESE PIER MARKET",FISH,Squid (Pusit Bisaya) - Medium,,2026-02-11T13:58:45.973116+08:00
2026-02-11,150000000,BARMM (Bangsamoro Autonomous Region of Muslim Mindanao),MAIMBUNG PUBLIC MARKET,FISH,Squid (Pusit Bisaya) - Medium,,2026-02-11T13:58:45.973116+08:00
2026-02-11,150000000,BARMM (Bangsamoro Autonomous Region of Muslim Mindanao),MALUSO PUBLIC MARKET,FISH,Squid (Pusit Bisaya) - Medium,,2026-02-11T13:58:45.973116+08:00
2026-02-11,150000000,BARMM (Bangsamoro Autonomous Region of Muslim Mindanao),OMAIRA MARKET,FISH,Squid (Pusit Bisaya) - Medium,,2026-02-11T13:58:45.973116+08:00
2026-02-11,150000000,BARMM (Bangsamoro Autonomous Region of Muslim Mindanao),PARANG PUBLIC MARKET,FISH,Squid (Pusit Bisaya) - Medium,,2026-02-11T13:58:45.973116+08:00
2026-02-11,150000000,BARMM (Bangsamoro Autonomous Region of Muslim Mindanao),SHARIFF AGUAK PUBLIC MARKET,FISH,Squid (Pusit Bisaya) - Medium,,2026-02-11T13:58:45.973116+08:00
2026-02-11,150000000,BARMM (Bangsamoro Autonomous Region of Muslim Mindanao),"TUCA PUBLIC MARKET, MARAWI CITY",FISH,Squid (Pusit Bisaya) - Medium,,2026-02-11T13:58:45.973116+08:00
2026-02-11,150000000,BARMM (Bangsamoro Autonomous Region of Muslim Mindanao),BONGAO PUBLIC MARKET,FISH,Tilapia - MEDIUM (5-6PCS/KG),,2026-02-11T13:58:45.973116+08:00
2026-02-11,150000000,BARMM (Bangsamoro Autonomous Region of Muslim Mindanao),COTABATO CITY MEGA MARKET,FISH,Tilapia - MEDIUM (5-6PCS/KG),,2026-02-11T13:58:45.973116+08:00
2026-02-11,150000000,BARMM (Bangsamoro Autonomous Region of Muslim Mindanao),COTABATO CITY OLD MARKET,FISH,Tilapia - MEDIUM (5-6PCS/KG),,2026-02-11T13:58:45.973116+08:00
2026-02-11,150000000,BARMM (Bangsamoro Autonomous Region of Muslim Mindanao),DATU ODIN SINSUAT PUBLIC MARKET,FISH,Tilapia - MEDIUM (5-6PCS/KG),,2026-02-11T13:58:45.973116+08:00
2026-02-11,150000000,BARMM (Bangsamoro Autonomous Region of Muslim Mindanao),DATU PAGLAS PUBLIC MARKET,FISH,Tilapia - MEDIUM (5-6PCS/KG),,2026-02-11T13:58:45.973116+08:00
2026-02-11,150000000,BARMM (Bangsamoro Autonomous Region of Muslim Mindanao),"JOLO PUBLIC, SERANTES CHINESE PIER MARKET",FISH,Tilapia - MEDIUM (5-6PCS/KG),,2026-02-11T13:58:45.973116+08:00
2026-02-11,150000000,BARMM (Bangsamoro Autonomous Region of Muslim Mindanao),LAMITAN CITY PUBLIC MARKET,FISH,Tilapia - MEDIUM (5-6PCS/KG),,2026-02-11T13:58:45.973116+08:00
2026-02-11,150000000,BARMM (Bangsamoro Autonomous Region of Muslim Mindanao),MAIMBUNG PUBLIC MARKET,FISH,Tilapia - MEDIUM (5-6PCS/KG),,2026-02-11T13:58:45.973116+08:00
2026-02-11,150000000,BARMM (Bangsamoro Autonomous Region of Muslim Mindanao),MALUSO PUBLIC MARKET,FISH,Tilapia - MEDIUM (5-6PCS/KG),,2026-02-11T13:58:45.973116+08:00
2026-02-11,150000000,BARMM (Bangsamoro Autonomous Region of Muslim Mindanao),OMAIRA MARKET,FISH,Tilapia - MEDIUM (5-6PCS/KG),,2026-02-11T13:58:45.973116+08:00
2026-02-11,150000000,BARMM (Bangsamoro Autonomous Region of Muslim Mindanao),PARANG PUBLIC MARKET,FISH,Tilapia - MEDIUM (5-6PCS/KG),,2026-02-11T13:58:45.973116+08:00
2026-02-11,150000000,BARMM (Bangsamoro Autonomous Region of Muslim Mindanao),SHARIFF AGUAK PUBLIC MARKET,FISH,Tilapia - MEDIUM (5-6PCS/KG),,2026-02-11T13:58:45.973116+08:00
2026-02-11,150000000,BARMM (Bangsamoro Autonomous Region of Muslim Mindanao),"TUCA PUBLIC MARKET, MARAWI CITY",FISH,Tilapia - MEDIUM (5-6PCS/KG),,2026-02-11T13:58:45.973116+08:00
2026-02-11,150000000,BARMM (Bangsamoro Autonomous Region of Muslim Mindanao),BONGAO PUBLIC MARKET,FISH,Yellow-Fin Tuna (Tambakol),,2026-02-11T13:58:45.973116+08:00
2026-02-11,150000000,BARMM (Bangsamoro Autonomous Region of Muslim Mindanao),COTABATO CITY MEGA MARKET,FISH,Yellow-Fin Tuna (Tambakol),,2026-02-11T13:58:45.973116+08:00
2026-02-11,150000000,BARMM (Bangsamoro Autonomous Region of Muslim Mindanao),COTABATO CITY OLD MARKET,FISH,Yellow-Fin Tuna (Tambakol),,2026-02-11T13:58:45.973116+08:00
2026-02-11,150000000,BARMM (Bangsamoro Autonomous Region of Muslim Mindanao),DATU ODIN SINSUAT PUBLIC MARKET,FISH,Yellow-Fin Tuna (Tambakol),,2026-02-11T13:58:45.973116+08:00
2026-02-11,150000000,BARMM (Bangsamoro Autonomous Region of Muslim Mindanao),DATU PAGLAS PUBLIC MARKET,FISH,Yellow-Fin Tuna (Tambakol),,2026-02-11T13:58:45.973116+08:00
2026-02-11,150000000,BARMM (Bangsamoro Autonomous Region of Muslim Mindanao),"JOLO PUBLIC, SERANTES CHINESE PIER MARKET",FISH,Yellow-Fin Tuna (Tambakol),,2026-02-11T13:58:45.973116+08:00
2026-02-11,150000000,BARMM (Bangsamoro Autonomous Region of Muslim Mindanao),LAMITAN CITY PUBLIC MARKET,FISH,Yellow-Fin Tuna (Tambakol),,2026-02-11T13:58:45.973116+08:00
2026-02-11,150000000,BARMM (Bangsamoro Autonomous Region of Muslim Mindanao),MAIMBUNG PUBLIC MARKET,FISH,Yellow-Fin Tuna (Tambakol),,2026-02-11T13:58:45.973116+08:00
2026-02-11,150000000,BARMM (Bangsamoro Autonomous Region of Muslim Mindanao),MALUSO PUBLIC MARKET,FISH,Yellow-Fin Tuna (Tambakol),,2026-02-11T13:58:45.973116+08:00
2026-02-11,150000000,BARMM (Bangsamoro Autonomous Region of Muslim Mindanao),OMAIRA MARKET,FISH,Yellow-Fin Tuna (Tambakol),,2026-02-11T13:58:45.973116+08:00
2026-02-11,150000000,BARMM (Bangsamoro Autonomous Region of Muslim Mindanao),PARANG PUBLIC MARKET,FISH,Yellow-Fin Tuna (Tambakol),,2026-02-11T13:58:45.973116+08:00
2026-02-11,150000000,BARMM (Bangsamoro Autonomous Region of Muslim Mindanao),SHARIFF AGUAK PUBLIC MARKET,FISH,Yellow-Fin Tuna (Tambakol),,2026-02-11T13:58:45.973116+08:00
2026-02-11,150000000,BARMM (Bangsamoro Autonomous Region of Muslim Mindanao),"TUCA PUBLIC MARKET, MARAWI CITY",FISH,Yellow-Fin Tuna (Tambakol),,2026-02-11T13:58:45.973116+08:00
2026-02-11,150000000,BARMM (Bangsamoro Autonomous Region of Muslim Mindanao),BONGAO PUBLIC MARKET,FRUITS,Avocado,,2026-02-11T13:58:45.973116+08:00
2026-02-11,150000000,BARMM (Bangsamoro Autonomous Region of Muslim Mindanao),COTABATO CITY MEGA MARKET,FRUITS,Avocado,,2026-02-11T13:58:45.973116+08:00
2026-02-11,150000000,BARMM (Bangsamoro Autonomous Region of Muslim Mindanao),COTABATO CITY OLD MARKET,FRUITS,Avocado,,2026-02-11T13:58:45.973116+08:00
2026-02-11,150000000,BARMM (Bangsamoro Autonomous Region of Muslim Mindanao),DATU ODIN SINSUAT PUBLIC MARKET,FRUITS,Avocado,,2026-02-11T13:58:45.973116+08:00
2026-02-11,150000000,BARMM (Bangsamoro Autonomous Region of Muslim Mindanao),DATU PAGLAS PUBLIC MARKET,FRUITS,Avocado,,2026-02-11T13:58:45.973116+08:00
2026-02-11,150000000,BARMM (Bangsamoro Autonomous Region of Muslim Mindanao),"JOLO PUBLIC, SERANTES CHINESE PIER MARKET",FRUITS,Avocado,,2026-02-11T13:58:45.973116+08:00
2026-02-11,150000000,BARMM (Bangsamoro Autonomous Region of Muslim Mindanao),MAIMBUNG PUBLIC MARKET,FRUITS,Avocado,,2026-02-11T13:58:45.973116+08:00
2026-02-11,150000000,BARMM (Bangsamoro Autonomous Region of Muslim Mindanao),MALUSO PUBLIC MARKET,FRUITS,Avocado,,2026-02-11T13:58:45.973116+08:00
2026-02-11,150000000,BARMM (Bangsamoro Autonomous Region of Muslim Mindanao),OMAIRA MARKET,FRUITS,Avocado,,2026-02-11T13:58:45.973116+08:00
2026-02-11,150000000,BARMM (Bangsamoro Autonomous Region of Muslim Mindanao),PARANG PUBLIC MARKET,FRUITS,Avocado,,2026-02-11T13:58:45.973116+08:00
2026-02-11,150000000,BARMM (Bangsamoro Autonomous Region of Muslim Mindanao),SHARIFF AGUAK PUBLIC MARKET,FRUITS,Avocado,,2026-02-11T13:58:45.973116+08:00
2026-02-11,150000000,BARMM (Bangsamoro Autonomous Region of Muslim Mindanao),"TUCA PUBLIC MARKET, MARAWI CITY",FRUITS,Avocado,,2026-02-11T13:58:45.973116+08:00
2026-02-11,150000000,BARMM (Bangsamoro Autonomous Region of Muslim Mindanao),BONGAO PUBLIC MARKET,FRUITS,Banana (Lakatan) - 8-10PCS/KG,,2026-02-11T13:58:45.973116+08:00
2026-02-11,150000000,BARMM (Bangsamoro Autonomous Region of Muslim Mindanao),COTABATO CITY MEGA MARKET,FRUITS,Banana (Lakatan) - 8-10PCS/KG,,2026-02-11T13:58:45.973116+08:00
2026-02-11,150000000,BARMM (Bangsamoro Autonomous Region of Muslim Mindanao),COTABATO CITY OLD MARKET,FRUITS,Banana (Lakatan) - 8-10PCS/KG,,2026-02-11T13:58:45.973116+08:00
2026-02-11,150000000,BARMM (Bangsamoro Autonomous Region of Muslim Mindanao),DATU ODIN SINSUAT PUBLIC MARKET,FRUITS,Banana (Lakatan) - 8-10PCS/KG,,2026-02-11T13:58:45.973116+08:00
2026-02-11,150000000,BARMM (Bangsamoro Autonomous Region of Muslim Mindanao),DATU PAGLAS PUBLIC MARKET,FRUITS,Banana (Lakatan) - 8-10PCS/KG,,2026-02-11T13:58:45.973116+08:00
2026-02-11,150000000,BARMM (Bangsamoro Autonomous Region of Muslim Mindanao),"JOLO PUBLIC, SERANTES CHINESE PIER MARKET",FRUITS,Banana (Lakatan) - 8-10PCS/KG,,2026-02-11T13:58:45.973116+08:00
2026-02-11,150000000,BARMM (Bangsamoro Autonomous Region of Muslim Mindanao),LAMITAN CITY PUBLIC MARKET,FRUITS,Banana (Lakatan) - 8-10PCS/KG,,2026-02-11T13:58:45.973116+08:00
2026-02-11,150000000,BARMM (Bangsamoro Autonomous Region of Muslim Mindanao),MAIMBUNG PUBLIC MARKET,FRUITS,Banana (Lakatan) - 8-10PCS/KG,,2026-02-11T13:58:45.973116+08:00
2026-02-11,150000000,BARMM (Bangsamoro Autonomous Region of Muslim Mindanao),MALUSO PUBLIC MARKET,FRUITS,Banana (Lakatan) - 8-10PCS/KG,,2026-02-11T13:58:45.973116+08:00
2026-02-11,150000000,BARMM (Bangsamoro Autonomous Region of Muslim Mindanao),OMAIRA MARKET,FRUITS,Banana (Lakatan) - 8-10PCS/KG,,2026-02-11T13:58:45.973116+08:00
2026-02-11,150000000,BARMM (Bangsamoro Autonomous Region of Muslim Mindanao),PARANG PUBLIC MARKET,FRUITS,Banana (Lakatan) - 8-10PCS/KG,,2026-02-11T13:58:45.973116+08:00
2026-02-11,150000000,BARMM (Bangsamoro Autonomous Region of Muslim Mindanao),SHARIFF AGUAK PUBLIC MARKET,FRUITS,Banana (Lakatan) - 8-10PCS/KG,,2026-02-11T13:58:45.973116+08:00
2026-02-11,150000000,BARMM (Bangsamoro Autonomous Region of Muslim Mindanao),"TUCA PUBLIC MARKET, MARAWI CITY",FRUITS,Banana (Lakatan) - 8-10PCS/KG,,2026-02-11T13:58:45.973116+08:00
2026-02-11,150000000,BARMM (Bangsamoro Autonomous Region of Muslim Mindanao),BONGAO PUBLIC MARKET,FRUITS,Banana (Latundan) - 10-12PCS/KG,,2026-02-11T13:58:45.973116+08:00
2026-02-11,150000000,BARMM (Bangsamoro Autonomous Region of Muslim Mindanao),COTABATO CITY MEGA MARKET,FRUITS,Banana (Latundan) - 10-12PCS/KG,,2026-02-11T13:58:45.973116+08:00
2026-02-11,150000000,BARMM (Bangsamoro Autonomous Region of Muslim Mindanao),COTABATO CITY OLD MARKET,FRUITS,Banana (Latundan) - 10-12PCS/KG,,2026-02-11T13:58:45.973116+08:00
2026-02-11,150000000,BARMM (Bangsamoro Autonomous Region of Muslim Mindanao),DATU ODIN SINSUAT PUBLIC MARKET,FRUITS,Banana (Latundan) - 10-12PCS/KG,,2026-02-11T13:58:45.973116+08:00
2026-02-11,150000000,BARMM (Bangsamoro Autonomous Region of Muslim Mindanao),DATU PAGLAS PUBLIC MARKET,FRUITS,Banana (Latundan) - 10-12PCS/KG,,2026-02-11T13:58:45.973116+08:00
2026-02-11,150000000,BARMM (Bangsamoro Autonomous Region of Muslim Mindanao),"JOLO PUBLIC, SERANTES CHINESE PIER MARKET",FRUITS,Banana (Latundan) - 10-12PCS/KG,,2026-02-11T13:58:45.973116+08:00
2026-02-11,150000000,BARMM (Bangsamoro Autonomous Region of Muslim Mindanao),MAIMBUNG PUBLIC MARKET,FRUITS,Banana (Latundan) - 10-12PCS/KG,,2026-02-11T13:58:45.973116+08:00
2026-02-11,150000000,BARMM (Bangsamoro Autonomous Region of Muslim Mindanao),MALUSO PUBLIC MARKET,FRUITS,Banana (Latundan) - 10-12PCS/KG,,2026-02-11T13:58:45.973116+08:00
2026-02-11,150000000,BARMM (Bangsamoro Autonomous Region of Muslim Mindanao),OMAIRA MARKET,FRUITS,Banana (Latundan) - 10-12PCS/KG,,2026-02-11T13:58:45.973116+08:00
2026-02-11,150000000,BARMM (Bangsamoro Autonomous Region of Muslim Mindanao),PARANG PUBLIC MARKET,FRUITS,Banana (Latundan) - 10-12PCS/KG,,2026-02-11T13:58:45.973116+08:00
2026-02-11,150000000,BARMM (Bangsamoro Autonomous Region of Muslim Mindanao),SHARIFF AGUAK PUBLIC MARKET,FRUITS,Banana (Latundan) - 10-12PCS/KG,,2026-02-11T13:58:45.973116+08:00
2026-02-11,150000000,BARMM (Bangsamoro Autonomous Region of Muslim Mindanao),"TUCA PUBLIC MARKET, MARAWI CITY",FRUITS,Banana (Latundan) - 10-12PCS/KG,,2026-02-11T13:58:45.973116+08:00
2026-02-11,150000000,BARMM (Bangsamoro Autonomous Region of Muslim Mindanao),BONGAO PUBLIC MARKET,FRUITS,Banana (Saba) - KG,,2026-02-11T13:58:45.973116+08:00
2026-02-11,150000000,BARMM (Bangsamoro Autonomous Region of Muslim Mindanao),COTABATO CITY MEGA MARKET,FRUITS,Banana (Saba) - KG,,2026-02-11T13:58:45.973116+08:00
2026-02-11,150000000,BARMM (Bangsamoro Autonomous Region of Muslim Mindanao),COTABATO CITY OLD MARKET,FRUITS,Banana (Saba) - KG,,2026-02-11T13:58:45.973116+08:00
2026-02-11,150000000,BARMM (Bangsamoro Autonomous Region of Muslim Mindanao),DATU ODIN SINSUAT PUBLIC MARKET,FRUITS,Banana (Saba) - KG,,2026-02-11T13:58:45.973116+08:00
2026-02-11,150000000,BARMM (Bangsamoro Autonomous Region of Muslim Mindanao),DATU PAGLAS PUBLIC MARKET,FRUITS,Banana (Saba) - KG,,2026-02-11T13:58:45.973116+08:00
2026-02-11,150000000,BARMM (Bangsamoro Autonomous Region of Muslim Mindanao),"JOLO PUBLIC, SERANTES CHINESE PIER MARKET",FRUITS,Banana (Saba) - KG,,2026-02-11T13:58:45.973116+08:00
2026-02-11,150000000,BARMM (Bangsamoro Autonomous Region of Muslim Mindanao),MAIMBUNG PUBLIC MARKET,FRUITS,Banana (Saba) - KG,,2026-02-11T13:58:45.973116+08:00
2026-02-11,150000000,BARMM (Bangsamoro Autonomous Region of Muslim Mindanao),MALUSO PUBLIC MARKET,FRUITS,Banana (Saba) - KG,,2026-02-11T13:58:45.973116+08:00
2026-02-11,150000000,BARMM (Bangsamoro Autonomous Region of Muslim Mindanao),OMAIRA MARKET,FRUITS,Banana (Saba) - KG,,2026-02-11T13:58:45.973116+08:00
2026-02-11,150000000,BARMM (Bangsamoro Autonomous Region of Muslim Mindanao),PARANG PUBLIC MARKET,FRUITS,Banana (Saba) - KG,,2026-02-11T13:58:45.973116+08:00
2026-02-11,150000000,BARMM (Bangsamoro Autonomous Region of Muslim Mindanao),SHARIFF AGUAK PUBLIC MARKET,FRUITS,Banana (Saba) - KG,,2026-02-11T13:58:45.973116+08:00
2026-02-11,150000000,BARMM (Bangsamoro Autonomous Region of Muslim Mindanao),"TUCA PUBLIC MARKET, MARAWI CITY",FRUITS,Banana (Saba) - KG,,2026-02-11T13:58:45.973116+08:00
2026-02-11,150000000,BARMM (Bangsamoro Autonomous Region of Muslim Mindanao),BONGAO PUBLIC MARKET,FRUITS,Calamansi - KG,,2026-02-11T13:58:45.973116+08:00
2026-02-11,150000000,BARMM (Bangsamoro Autonomous Region of Muslim Mindanao),COTABATO CITY MEGA MARKET,FRUITS,Calamansi - KG,,2026-02-11T13:58:45.973116+08:00
2026-02-11,150000000,BARMM (Bangsamoro Autonomous Region of Muslim Mindanao),COTABATO CITY OLD MARKET,FRUITS,Calamansi - KG,,2026-02-11T13:58:45.973116+08:00
2026-02-11,150000000,BARMM (Bangsamoro Autonomous Region of Muslim Mindanao),DATU ODIN SINSUAT PUBLIC MARKET,FRUITS,Calamansi - KG,,2026-02-11T13:58:45.973116+08:00
2026-02-11,150000000,BARMM (Bangsamoro Autonomous Region of Muslim Mindanao),DATU PAGLAS PUBLIC MARKET,FRUITS,Calamansi - KG,,2026-02-11T13:58:45.973116+08:00
2026-02-11,150000000,BARMM (Bangsamoro Autonomous Region of Muslim Mindanao),"JOLO PUBLIC, SERANTES CHINESE PIER MARKET",FRUITS,Calamansi - KG,,2026-02-11T13:58:45.973116+08:00
2026-02-11,150000000,BARMM (Bangsamoro Autonomous Region of Muslim Mindanao),MAIMBUNG PUBLIC MARKET,FRUITS,Calamansi - KG,,2026-02-11T13:58:45.973116+08:00
2026-02-11,150000000,BARMM (Bangsamoro Autonomous Region of Muslim Mindanao),MALUSO PUBLIC MARKET,FRUITS,Calamansi - KG,,2026-02-11T13:58:45.973116+08:00
2026-02-11,150000000,BARMM (Bangsamoro Autonomous Region of Muslim Mindanao),OMAIRA MARKET,FRUITS,Calamansi - KG,,2026-02-11T13:58:45.973116+08:00
2026-02-11,150000000,BARMM (Bangsamoro Autonomous Region of Muslim Mindanao),PARANG PUBLIC MARKET,FRUITS,Calamansi - KG,,2026-02-11T13:58:45.973116+08:00
2026-02-11,150000000,BARMM (Bangsamoro Autonomous Region of Muslim Mindanao),SHARIFF AGUAK PUBLIC MARKET,FRUITS,Calamansi - KG,,2026-02-11T13:58:45.973116+08:00
2026-02-11,150000000,BARMM (Bangsamoro Autonomous Region of Muslim Mindanao),"TUCA PUBLIC MARKET, MARAWI CITY",FRUITS,Calamansi - KG,,2026-02-11T13:58:45.973116+08:00
2026-02-11,150000000,BARMM (Bangsamoro Autonomous Region of Muslim Mindanao),BONGAO PUBLIC MARKET,FRUITS,"Mango (Carabao) - RIPE, 3-4PCS/KG",,2026-02-11T13:58:45.973116+08:00
2026-02-11,150000000,BARMM (Bangsamoro Autonomous Region of Muslim Mindanao),COTABATO CITY MEGA MARKET,FRUITS,"Mango (Carabao) - RIPE, 3-4PCS/KG",,2026-02-11T13:58:45.973116+08:00
2026-02-11,150000000,BARMM (Bangsamoro Autonomous Region of Muslim Mindanao),COTABATO CITY OLD MARKET,FRUITS,"Mango (Carabao) - RIPE, 3-4PCS/KG",,2026-02-11T13:58:45.973116+08:00
2026-02-11,150000000,BARMM (Bangsamoro Autonomous Region of Muslim Mindanao),DATU ODIN SINSUAT PUBLIC MARKET,FRUITS,"Mango (Carabao) - RIPE, 3-4PCS/KG",,2026-02-11T13:58:45.973116+08:00
2026-02-11,150000000,BARMM (Bangsamoro Autonomous Region of Muslim Mindanao),DATU PAGLAS PUBLIC MARKET,FRUITS,"Mango (Carabao) - RIPE, 3-4PCS/KG",,2026-02-11T13:58:45.973116+08:00
2026-02-11,150000000,BARMM (Bangsamoro Autonomous Region of Muslim Mindanao),"JOLO PUBLIC, SERANTES CHINESE PIER MARKET",FRUITS,"Mango (Carabao) - RIPE, 3-4PCS/KG",,2026-02-11T13:58:45.973116+08:00
2026-02-11,150000000,BARMM (Bangsamoro Autonomous Region of Muslim Mindanao),MAIMBUNG PUBLIC MARKET,FRUITS,"Mango (Carabao) - RIPE, 3-4PCS/KG",,2026-02-11T13:58:45.973116+08:00
2026-02-11,150000000,BARMM (Bangsamoro Autonomous Region of Muslim Mindanao),MALUSO PUBLIC MARKET,FRUITS,"Mango (Carabao) - RIPE, 3-4PCS/KG",,2026-02-11T13:58:45.973116+08:00
2026-02-11,150000000,BARMM (Bangsamoro Autonomous Region of Muslim Mindanao),OMAIRA MARKET,FRUITS,"Mango (Carabao) - RIPE, 3-4PCS/KG",,2026-02-11T13:58:45.973116+08:00
2026-02-11,150000000,BARMM (Bangsamoro Autonomous Region of Muslim Mindanao),PARANG PUBLIC MARKET,FRUITS,"Mango (Carabao) - RIPE, 3-4PCS/KG",,2026-02-11T13:58:45.973116+08:00
2026-02-11,150000000,BARMM (Bangsamoro Autonomous Region of Muslim Mindanao),SHARIFF AGUAK PUBLIC MARKET,FRUITS,"Mango (Carabao) - RIPE, 3-4PCS/KG",,2026-02-11T13:58:45.973116+08:00
2026-02-11,150000000,BARMM (Bangsamoro Autonomous Region of Muslim Mindanao),"TUCA PUBLIC MARKET, MARAWI CITY",FRUITS,"Mango (Carabao) - RIPE, 3-4PCS/KG",,2026-02-11T13:58:45.973116+08:00
2026-02-11,150000000,BARMM (Bangsamoro Autonomous Region of Muslim Mindanao),BONGAO PUBLIC MARKET,FRUITS,Melon,,2026-02-11T13:58:45.973116+08:00
2026-02-11,150000000,BARMM (Bangsamoro Autonomous Region of Muslim Mindanao),COTABATO CITY MEGA MARKET,FRUITS,Melon,,2026-02-11T13:58:45.973116+08:00
2026-02-11,150000000,BARMM (Bangsamoro Autonomous Region of Muslim Mindanao),COTABATO CITY OLD MARKET,FRUITS,Melon,,2026-02-11T13:58:45.973116+08:00
2026-02-11,150000000,BARMM (Bangsamoro Autonomous Region of Muslim Mindanao),DATU ODIN SINSUAT PUBLIC MARKET,FRUITS,Melon,,2026-02-11T13:58:45.973116+08:00
2026-02-11,150000000,BARMM (Bangsamoro Autonomous Region of Muslim Mindanao),DATU PAGLAS PUBLIC MARKET,FRUITS,Melon,,2026-02-11T13:58:45.973116+08:00
2026-02-11,150000000,BARMM (Bangsamoro Autonomous Region of Muslim Mindanao),"JOLO PUBLIC, SERANTES CHINESE PIER MARKET",FRUITS,Melon,,2026-02-11T13:58:45.973116+08:00
2026-02-11,150000000,BARMM (Bangsamoro Autonomous Region of Muslim Mindanao),LAMITAN CITY PUBLIC MARKET,FRUITS,Melon,,2026-02-11T13:58:45.973116+08:00
2026-02-11,150000000,BARMM (Bangsamoro Autonomous Region of Muslim Mindanao),MAIMBUNG PUBLIC MARKET,FRUITS,Melon,,2026-02-11T13:58:45.973116+08:00
2026-02-11,150000000,BARMM (Bangsamoro Autonomous Region of Muslim Mindanao),MALUSO PUBLIC MARKET,FRUITS,Melon,,2026-02-11T13:58:45.973116+08:00
2026-02-11,150000000,BARMM (Bangsamoro Autonomous Region of Muslim Mindanao),OMAIRA MARKET,FRUITS,Melon,,2026-02-11T13:58:45.973116+08:00
2026-02-11,150000000,BARMM (Bangsamoro Autonomous Region of Muslim Mindanao),PARANG PUBLIC MARKET,FRUITS,Melon,,2026-02-11T13:58:45.973116+08:00
2026-02-11,150000000,BARMM (Bangsamoro Autonomous Region of Muslim Mindanao),SHARIFF AGUAK PUBLIC MARKET,FRUITS,Melon,,2026-02-11T13:58:45.973116+08:00
2026-02-11,150000000,BARMM (Bangsamoro Autonomous Region of Muslim Mindanao),"TUCA PUBLIC MARKET, MARAWI CITY",FRUITS,Melon,,2026-02-11T13:58:45.973116+08:00
2026-02-11,150000000,BARMM (Bangsamoro Autonomous Region of Muslim Mindanao),BONGAO PUBLIC MARKET,FRUITS,"Papaya - SOLO, RIPE, 2-3PCS",,2026-02-11T13:58:45.973116+08:00
2026-02-11,150000000,BARMM (Bangsamoro Autonomous Region of Muslim Mindanao),COTABATO CITY MEGA MARKET,FRUITS,"Papaya - SOLO, RIPE, 2-3PCS",,2026-02-11T13:58:45.973116+08:00
2026-02-11,150000000,BARMM (Bangsamoro Autonomous Region of Muslim Mindanao),COTABATO CITY OLD MARKET,FRUITS,"Papaya - SOLO, RIPE, 2-3PCS",,2026-02-11T13:58:45.973116+08:00
2026-02-11,150000000,BARMM (Bangsamoro Autonomous Region of Muslim Mindanao),DATU ODIN SINSUAT PUBLIC MARKET,FRUITS,"Papaya - SOLO, RIPE, 2-3PCS",,2026-02-11T13:58:45.973116+08:00
2026-02-11,150000000,BARMM (Bangsamoro Autonomous Region of Muslim Mindanao),DATU PAGLAS PUBLIC MARKET,FRUITS,"Papaya - SOLO, RIPE, 2-3PCS",,2026-02-11T13:58:45.973116+08:00
2026-02-11,150000000,BARMM (Bangsamoro Autonomous Region of Muslim Mindanao),"JOLO PUBLIC, SERANTES CHINESE PIER MARKET",FRUITS,"Papaya - SOLO, RIPE, 2-3PCS",,2026-02-11T13:58:45.973116+08:00
2026-02-11,150000000,BARMM (Bangsamoro Autonomous Region of Muslim Mindanao),MAIMBUNG PUBLIC MARKET,FRUITS,"Papaya - SOLO, RIPE, 2-3PCS",,2026-02-11T13:58:45.973116+08:00
2026-02-11,150000000,BARMM (Bangsamoro Autonomous Region of Muslim Mindanao),MALUSO PUBLIC MARKET,FRUITS,"Papaya - SOLO, RIPE, 2-3PCS",,2026-02-11T13:58:45.973116+08:00
2026-02-11,150000000,BARMM (Bangsamoro Autonomous Region of Muslim Mindanao),OMAIRA MARKET,FRUITS,"Papaya - SOLO, RIPE, 2-3PCS",,2026-02-11T13:58:45.973116+08:00
2026-02-11,150000000,BARMM (Bangsamoro Autonomous Region of Muslim Mindanao),PARANG PUBLIC MARKET,FRUITS,"Papaya - SOLO, RIPE, 2-3PCS",,2026-02-11T13:58:45.973116+08:00
2026-02-11,150000000,BARMM (Bangsamoro Autonomous Region of Muslim Mindanao),SHARIFF AGUAK PUBLIC MARKET,FRUITS,"Papaya - SOLO, RIPE, 2-3PCS",,2026-02-11T13:58:45.973116+08:00
2026-02-11,150000000,BARMM (Bangsamoro Autonomous Region of Muslim Mindanao),"TUCA PUBLIC MARKET, MARAWI CITY",FRUITS,"Papaya - SOLO, RIPE, 2-3PCS",,2026-02-11T13:58:45.973116+08:00
2026-02-11,150000000,BARMM (Bangsamoro Autonomous Region of Muslim Mindanao),BONGAO PUBLIC MARKET,FRUITS,Pomelo - KG,,2026-02-11T13:58:45.973116+08:00
2026-02-11,150000000,BARMM (Bangsamoro Autonomous Region of Muslim Mindanao),COTABATO CITY MEGA MARKET,FRUITS,Pomelo - KG,,2026-02-11T13:58:45.973116+08:00
2026-02-11,150000000,BARMM (Bangsamoro Autonomous Region of Muslim Mindanao),COTABATO CITY OLD MARKET,FRUITS,Pomelo - KG,,2026-02-11T13:58:45.973116+08:00
2026-02-11,150000000,BARMM (Bangsamoro Autonomous Region of Muslim Mindanao),DATU ODIN SINSUAT PUBLIC MARKET,FRUITS,Pomelo - KG,,2026-02-11T13:58:45.973116+08:00
2026-02-11,150000000,BARMM (Bangsamoro Autonomous Region of Muslim Mindanao),DATU PAGLAS PUBLIC MARKET,FRUITS,Pomelo - KG,,2026-02-11T13:58:45.973116+08:00
2026-02-11,150000000,BARMM (Bangsamoro Autonomous Region of Muslim Mindanao),"JOLO PUBLIC, SERANTES CHINESE PIER MARKET",FRUITS,Pomelo - KG,,2026-02-11T13:58:45.973116+08:00
2026-02-11,150000000,BARMM (Bangsamoro Autonomous Region of Muslim Mindanao),LAMITAN CITY PUBLIC MARKET,FRUITS,Pomelo - KG,,2026-02-11T13:58:45.973116+08:00
2026-02-11,150000000,BARMM (Bangsamoro Autonomous Region of Muslim Mindanao),MAIMBUNG PUBLIC MARKET,FRUITS,Pomelo - KG,,2026-02-11T13:58:45.973116+08:00
2026-02-11,150000000,BARMM (Bangsamoro Autonomous Region of Muslim Mindanao),MALUSO PUBLIC MARKET,FRUITS,Pomelo - KG,,2026-02-11T13:58:45.973116+08:00
2026-02-11,150000000,BARMM (Bangsamoro Autonomous Region of Muslim Mindanao),OMAIRA MARKET,FRUITS,Pomelo - KG,,2026-02-11T13:58:45.973116+08:00
2026-02-11,150000000,BARMM (Bangsamoro Autonomous Region of Muslim Mindanao),PARANG PUBLIC MARKET,FRUITS,Pomelo - KG,,2026-02-11T13:58:45.973116+08:00
2026-02-11,150000000,BARMM (Bangsamoro Autonomous Region of Muslim Mindanao),SHARIFF AGUAK PUBLIC MARKET,FRUITS,Pomelo - KG,,2026-02-11T13:58:45.973116+08:00
2026-02-11,150000000,BARMM (Bangsamoro Autonomous Region of Muslim Mindanao),"TUCA PUBLIC MARKET, MARAWI CITY",FRUITS,Pomelo - KG,,2026-02-11T13:58:45.973116+08:00
2026-02-11,150000000,BARMM (Bangsamoro Autonomous Region of Muslim Mindanao),BONGAO PUBLIC MARKET,FRUITS,Watermelon - KG,,2026-02-11T13:58:45.973116+08:00
2026-02-11,150000000,BARMM (Bangsamoro Autonomous Region of Muslim Mindanao),COTABATO CITY MEGA MARKET,FRUITS,Watermelon - KG,,2026-02-11T13:58:45.973116+08:00
2026-02-11,150000000,BARMM (Bangsamoro Autonomous Region of Muslim Mindanao),COTABATO CITY OLD MARKET,FRUITS,Watermelon - KG,,2026-02-11T13:58:45.973116+08:00
2026-02-11,150000000,BARMM (Bangsamoro Autonomous Region of Muslim Mindanao),DATU ODIN SINSUAT PUBLIC MARKET,FRUITS,Watermelon - KG,,2026-02-11T13:58:45.973116+08:00
2026-02-11,150000000,BARMM (Bangsamoro Autonomous Region of Muslim Mindanao),DATU PAGLAS PUBLIC MARKET,FRUITS,Watermelon - KG,,2026-02-11T13:58:45.973116+08:00
2026-02-11,150000000,BARMM (Bangsamoro Autonomous Region of Muslim Mindanao),"JOLO PUBLIC, SERANTES CHINESE PIER MARKET",FRUITS,Watermelon - KG,,2026-02-11T13:58:45.973116+08:00
2026-02-11,150000000,BARMM (Bangsamoro Autonomous Region of Muslim Mindanao),MAIMBUNG PUBLIC MARKET,FRUITS,Watermelon - KG,,2026-02-11T13:58:45.973116+08:00
2026-02-11,150000000,BARMM (Bangsamoro Autonomous Region of Muslim Mindanao),MALUSO PUBLIC MARKET,FRUITS,Watermelon - KG,,2026-02-11T13:58:45.973116+08:00
2026-02-11,150000000,BARMM (Bangsamoro Autonomous Region of Muslim Mindanao),OMAIRA MARKET,FRUITS,Watermelon - KG,,2026-02-11T13:58:45.973116+08:00
2026-02-11,150000000,BARMM (Bangsamoro Autonomous Region of Muslim Mindanao),PARANG PUBLIC MARKET,FRUITS,Watermelon - KG,,2026-02-11T13:58:45.973116+08:00
2026-02-11,150000000,BARMM (Bangsamoro Autonomous Region of Muslim Mindanao),SHARIFF AGUAK PUBLIC MARKET,FRUITS,Watermelon - KG,,2026-02-11T13:58:45.973116+08:00
2026-02-11,150000000,BARMM (Bangsamoro Autonomous Region of Muslim Mindanao),"TUCA PUBLIC MARKET, MARAWI CITY",FRUITS,Watermelon - KG,,2026-02-11T13:58:45.973116+08:00
2026-02-11,150000000,BARMM (Bangsamoro Autonomous Region of Muslim Mindanao),BONGAO PUBLIC MARKET,HIGHLAND VEGETABLES,Bell Pepper (Green) - MEDIUM (151-250GM/PC),,2026-02-11T13:58:45.973116+08:00
2026-02-11,150000000,BARMM (Bangsamoro Autonomous Region of Muslim Mindanao),COTABATO CITY MEGA MARKET,HIGHLAND VEGETABLES,Bell Pepper (Green) - MEDIUM (151-250GM/PC),,2026-02-11T13:58:45.973116+08:00
2026-02-11,150000000,BARMM (Bangsamoro Autonomous Region of Muslim Mindanao),COTABATO CITY OLD MARKET,HIGHLAND VEGETABLES,Bell Pepper (Green) - MEDIUM (151-250GM/PC),,2026-02-11T13:58:45.973116+08:00
2026-02-11,150000000,BARMM (Bangsamoro Autonomous Region of Muslim Mindanao),DATU ODIN SINSUAT PUBLIC MARKET,HIGHLAND VEGETABLES,Bell Pepper (Green) - MEDIUM (151-250GM/PC),,2026-02-11T13:58:45.973116+08:00
2026-02-11,150000000,BARMM (Bangsamoro Autonomous Region of Muslim Mindanao),DATU PAGLAS PUBLIC MARKET,HIGHLAND VEGETABLES,Bell Pepper (Green) - MEDIUM (151-250GM/PC),,2026-02-11T13:58:45.973116+08:00
2026-02-11,150000000,BARMM (Bangsamoro Autonomous Region of Muslim Mindanao),"JOLO PUBLIC, SERANTES CHINESE PIER MARKET",HIGHLAND VEGETABLES,Bell Pepper (Green) - MEDIUM (151-250GM/PC),,2026-02-11T13:58:45.973116+08:00
2026-02-11,150000000,BARMM (Bangsamoro Autonomous Region of Muslim Mindanao),MAIMBUNG PUBLIC MARKET,HIGHLAND VEGETABLES,Bell Pepper (Green) - MEDIUM (151-250GM/PC),,2026-02-11T13:58:45.973116+08:00
2026-02-11,150000000,BARMM (Bangsamoro Autonomous Region of Muslim Mindanao),MALUSO PUBLIC MARKET,HIGHLAND VEGETABLES,Bell Pepper (Green) - MEDIUM (151-250GM/PC),,2026-02-11T13:58:45.973116+08:00
2026-02-11,150000000,BARMM (Bangsamoro Autonomous Region of Muslim Mindanao),OMAIRA MARKET,HIGHLAND VEGETABLES,Bell Pepper (Green) - MEDIUM (151-250GM/PC),,2026-02-11T13:58:45.973116+08:00
2026-02-11,150000000,BARMM (Bangsamoro Autonomous Region of Muslim Mindanao),PARANG PUBLIC MARKET,HIGHLAND VEGETABLES,Bell Pepper (Green) - MEDIUM (151-250GM/PC),,2026-02-11T13:58:45.973116+08:00
2026-02-11,150000000,BARMM (Bangsamoro Autonomous Region of Muslim Mindanao),SHARIFF AGUAK PUBLIC MARKET,HIGHLAND VEGETABLES,Bell Pepper (Green) - MEDIUM (151-250GM/PC),,2026-02-11T13:58:45.973116+08:00
2026-02-11,150000000,BARMM (Bangsamoro Autonomous Region of Muslim Mindanao),"TUCA PUBLIC MARKET, MARAWI CITY",HIGHLAND VEGETABLES,Bell Pepper (Green) - MEDIUM (151-250GM/PC),,2026-02-11T13:58:45.973116+08:00
2026-02-11,150000000,BARMM (Bangsamoro Autonomous Region of Muslim Mindanao),BONGAO PUBLIC MARKET,HIGHLAND VEGETABLES,Bell Pepper (Red) - MEDIUM (151-250GM/PC),,2026-02-11T13:58:45.973116+08:00
2026-02-11,150000000,BARMM (Bangsamoro Autonomous Region of Muslim Mindanao),COTABATO CITY MEGA MARKET,HIGHLAND VEGETABLES,Bell Pepper (Red) - MEDIUM (151-250GM/PC),,2026-02-11T13:58:45.973116+08:00
2026-02-11,150000000,BARMM (Bangsamoro Autonomous Region of Muslim Mindanao),COTABATO CITY OLD MARKET,HIGHLAND VEGETABLES,Bell Pepper (Red) - MEDIUM (151-250GM/PC),,2026-02-11T13:58:45.973116+08:00
2026-02-11,150000000,BARMM (Bangsamoro Autonomous Region of Muslim Mindanao),DATU ODIN SINSUAT PUBLIC MARKET,HIGHLAND VEGETABLES,Bell Pepper (Red) - MEDIUM (151-250GM/PC),,2026-02-11T13:58:45.973116+08:00
2026-02-11,150000000,BARMM (Bangsamoro Autonomous Region of Muslim Mindanao),DATU PAGLAS PUBLIC MARKET,HIGHLAND VEGETABLES,Bell Pepper (Red) - MEDIUM (151-250GM/PC),,2026-02-11T13:58:45.973116+08:00
2026-02-11,150000000,BARMM (Bangsamoro Autonomous Region of Muslim Mindanao),"JOLO PUBLIC, SERANTES CHINESE PIER MARKET",HIGHLAND VEGETABLES,Bell Pepper (Red) - MEDIUM (151-250GM/PC),,2026-02-11T13:58:45.973116+08:00
2026-02-11,150000000,BARMM (Bangsamoro Autonomous Region of Muslim Mindanao),MAIMBUNG PUBLIC MARKET,HIGHLAND VEGETABLES,Bell Pepper (Red) - MEDIUM (151-250GM/PC),,2026-02-11T13:58:45.973116+08:00
2026-02-11,150000000,BARMM (Bangsamoro Autonomous Region of Muslim Mindanao),MALUSO PUBLIC MARKET,HIGHLAND VEGETABLES,Bell Pepper (Red) - MEDIUM (151-250GM/PC),,2026-02-11T13:58:45.973116+08:00
2026-02-11,150000000,BARMM (Bangsamoro Autonomous Region of Muslim Mindanao),OMAIRA MARKET,HIGHLAND VEGETABLES,Bell Pepper (Red) - MEDIUM (151-250GM/PC),,2026-02-11T13:58:45.973116+08:00
2026-02-11,150000000,BARMM (Bangsamoro Autonomous Region of Muslim Mindanao),PARANG PUBLIC MARKET,HIGHLAND VEGETABLES,Bell Pepper (Red) - MEDIUM (151-250GM/PC),,2026-02-11T13:58:45.973116+08:00
2026-02-11,150000000,BARMM (Bangsamoro Autonomous Region of Muslim Mindanao),SHARIFF AGUAK PUBLIC MARKET,HIGHLAND VEGETABLES,Bell Pepper (Red) - MEDIUM (151-250GM/PC),,2026-02-11T13:58:45.973116+08:00
2026-02-11,150000000,BARMM (Bangsamoro Autonomous Region of Muslim Mindanao),"TUCA PUBLIC MARKET, MARAWI CITY",HIGHLAND VEGETABLES,Bell Pepper (Red) - MEDIUM (151-250GM/PC),,2026-02-11T13:58:45.973116+08:00
2026-02-11,150000000,BARMM (Bangsamoro Autonomous Region of Muslim Mindanao),BONGAO PUBLIC MARKET,HIGHLAND VEGETABLES,Broccoli - MEDIUM (8-10CM DIAMETER/BUNCH HD),,2026-02-11T13:58:45.973116+08:00
2026-02-11,150000000,BARMM (Bangsamoro Autonomous Region of Muslim Mindanao),COTABATO CITY MEGA MARKET,HIGHLAND VEGETABLES,Broccoli - MEDIUM (8-10CM DIAMETER/BUNCH HD),,2026-02-11T13:58:45.973116+08:00
2026-02-11,150000000,BARMM (Bangsamoro Autonomous Region of Muslim Mindanao),COTABATO CITY OLD MARKET,HIGHLAND VEGETABLES,Broccoli - MEDIUM (8-10CM DIAMETER/BUNCH HD),,2026-02-11T13:58:45.973116+08:00
2026-02-11,150000000,BARMM (Bangsamoro Autonomous Region of Muslim Mindanao),DATU ODIN SINSUAT PUBLIC MARKET,HIGHLAND VEGETABLES,Broccoli - MEDIUM (8-10CM DIAMETER/BUNCH HD),,2026-02-11T13:58:45.973116+08:00
2026-02-11,150000000,BARMM (Bangsamoro Autonomous Region of Muslim Mindanao),DATU PAGLAS PUBLIC MARKET,HIGHLAND VEGETABLES,Broccoli - MEDIUM (8-10CM DIAMETER/BUNCH HD),,2026-02-11T13:58:45.973116+08:00
2026-02-11,150000000,BARMM (Bangsamoro Autonomous Region of Muslim Mindanao),"JOLO PUBLIC, SERANTES CHINESE PIER MARKET",HIGHLAND VEGETABLES,Broccoli - MEDIUM (8-10CM DIAMETER/BUNCH HD),,2026-02-11T13:58:45.973116+08:00
2026-02-11,150000000,BARMM (Bangsamoro Autonomous Region of Muslim Mindanao),LAMITAN CITY PUBLIC MARKET,HIGHLAND VEGETABLES,Broccoli - MEDIUM (8-10CM DIAMETER/BUNCH HD),,2026-02-11T13:58:45.973116+08:00
2026-02-11,150000000,BARMM (Bangsamoro Autonomous Region of Muslim Mindanao),MAIMBUNG PUBLIC MARKET,HIGHLAND VEGETABLES,Broccoli - MEDIUM (8-10CM DIAMETER/BUNCH HD),,2026-02-11T13:58:45.973116+08:00
2026-02-11,150000000,BARMM (Bangsamoro Autonomous Region of Muslim Mindanao),MALUSO PUBLIC MARKET,HIGHLAND VEGETABLES,Broccoli - MEDIUM (8-10CM DIAMETER/BUNCH HD),,2026-02-11T13:58:45.973116+08:00
2026-02-11,150000000,BARMM (Bangsamoro Autonomous Region of Muslim Mindanao),OMAIRA MARKET,HIGHLAND VEGETABLES,Broccoli - MEDIUM (8-10CM DIAMETER/BUNCH HD),,2026-02-11T13:58:45.973116+08:00
2026-02-11,150000000,BARMM (Bangsamoro Autonomous Region of Muslim Mindanao),PARANG PUBLIC MARKET,HIGHLAND VEGETABLES,Broccoli - MEDIUM (8-10CM DIAMETER/BUNCH HD),,2026-02-11T13:58:45.973116+08:00
2026-02-11,150000000,BARMM (Bangsamoro Autonomous Region of Muslim Mindanao),SHARIFF AGUAK PUBLIC MARKET,HIGHLAND VEGETABLES,Broccoli - MEDIUM (8-10CM DIAMETER/BUNCH HD),,2026-02-11T13:58:45.973116+08:00
2026-02-11,150000000,BARMM (Bangsamoro Autonomous Region of Muslim Mindanao),"TUCA PUBLIC MARKET, MARAWI CITY",HIGHLAND VEGETABLES,Broccoli - MEDIUM (8-10CM DIAMETER/BUNCH HD),,2026-02-11T13:58:45.973116+08:00
2026-02-11,150000000,BARMM (Bangsamoro Autonomous Region of Muslim Mindanao),BONGAO PUBLIC MARKET,HIGHLAND VEGETABLES,Cabbage (Rare Ball) - 510GM-1KG/HEAD,,2026-02-11T13:58:45.973116+08:00
2026-02-11,150000000,BARMM (Bangsamoro Autonomous Region of Muslim Mindanao),COTABATO CITY MEGA MARKET,HIGHLAND VEGETABLES,Cabbage (Rare Ball) - 510GM-1KG/HEAD,,2026-02-11T13:58:45.973116+08:00
2026-02-11,150000000,BARMM (Bangsamoro Autonomous Region of Muslim Mindanao),COTABATO CITY OLD MARKET,HIGHLAND VEGETABLES,Cabbage (Rare Ball) - 510GM-1KG/HEAD,,2026-02-11T13:58:45.973116+08:00
2026-02-11,150000000,BARMM (Bangsamoro Autonomous Region of Muslim Mindanao),DATU ODIN SINSUAT PUBLIC MARKET,HIGHLAND VEGETABLES,Cabbage (Rare Ball) - 510GM-1KG/HEAD,,2026-02-11T13:58:45.973116+08:00
2026-02-11,150000000,BARMM (Bangsamoro Autonomous Region of Muslim Mindanao),DATU PAGLAS PUBLIC MARKET,HIGHLAND VEGETABLES,Cabbage (Rare Ball) - 510GM-1KG/HEAD,,2026-02-11T13:58:45.973116+08:00
2026-02-11,150000000,BARMM (Bangsamoro Autonomous Region of Muslim Mindanao),"JOLO PUBLIC, SERANTES CHINESE PIER MARKET",HIGHLAND VEGETABLES,Cabbage (Rare Ball) - 510GM-1KG/HEAD,,2026-02-11T13:58:45.973116+08:00
2026-02-11,150000000,BARMM (Bangsamoro Autonomous Region of Muslim Mindanao),LAMITAN CITY PUBLIC MARKET,HIGHLAND VEGETABLES,Cabbage (Rare Ball) - 510GM-1KG/HEAD,,2026-02-11T13:58:45.973116+08:00
2026-02-11,150000000,BARMM (Bangsamoro Autonomous Region of Muslim Mindanao),MAIMBUNG PUBLIC MARKET,HIGHLAND VEGETABLES,Cabbage (Rare Ball) - 510GM-1KG/HEAD,,2026-02-11T13:58:45.973116+08:00
2026-02-11,150000000,BARMM (Bangsamoro Autonomous Region of Muslim Mindanao),MALUSO PUBLIC MARKET,HIGHLAND VEGETABLES,Cabbage (Rare Ball) - 510GM-1KG/HEAD,,2026-02-11T13:58:45.973116+08:00
2026-02-11,150000000,BARMM (Bangsamoro Autonomous Region of Muslim Mindanao),OMAIRA MARKET,HIGHLAND VEGETABLES,Cabbage (Rare Ball) - 510GM-1KG/HEAD,,2026-02-11T13:58:45.973116+08:00
2026-02-11,150000000,BARMM (Bangsamoro Autonomous Region of Muslim Mindanao),PARANG PUBLIC MARKET,HIGHLAND VEGETABLES,Cabbage (Rare Ball) - 510GM-1KG/HEAD,,2026-02-11T13:58:45.973116+08:00
2026-02-11,150000000,BARMM (Bangsamoro Autonomous Region of Muslim Mindanao),SHARIFF AGUAK PUBLIC MARKET,HIGHLAND VEGETABLES,Cabbage (Rare Ball) - 510GM-1KG/HEAD,,2026-02-11T13:58:45.973116+08:00
2026-02-11,150000000,BARMM (Bangsamoro Autonomous Region of Muslim Mindanao),"TUCA PUBLIC MARKET, MARAWI CITY",HIGHLAND VEGETABLES,Cabbage (Rare Ball) - 510GM-1KG/HEAD,,2026-02-11T13:58:45.973116+08:00
2026-02-11,150000000,BARMM (Bangsamoro Autonomous Region of Muslim Mindanao),BONGAO PUBLIC MARKET,HIGHLAND VEGETABLES,Cabbage (Scorpio) - 750GM-1KG/HEAD,,2026-02-11T13:58:45.973116+08:00
2026-02-11,150000000,BARMM (Bangsamoro Autonomous Region of Muslim Mindanao),COTABATO CITY MEGA MARKET,HIGHLAND VEGETABLES,Cabbage (Scorpio) - 750GM-1KG/HEAD,,2026-02-11T13:58:45.973116+08:00
2026-02-11,150000000,BARMM (Bangsamoro Autonomous Region of Muslim Mindanao),COTABATO CITY OLD MARKET,HIGHLAND VEGETABLES,Cabbage (Scorpio) - 750GM-1KG/HEAD,,2026-02-11T13:58:45.973116+08:00
2026-02-11,150000000,BARMM (Bangsamoro Autonomous Region of Muslim Mindanao),DATU ODIN SINSUAT PUBLIC MARKET,HIGHLAND VEGETABLES,Cabbage (Scorpio) - 750GM-1KG/HEAD,,2026-02-11T13:58:45.973116+08:00
2026-02-11,150000000,BARMM (Bangsamoro Autonomous Region of Muslim Mindanao),DATU PAGLAS PUBLIC MARKET,HIGHLAND VEGETABLES,Cabbage (Scorpio) - 750GM-1KG/HEAD,,2026-02-11T13:58:45.973116+08:00
2026-02-11,150000000,BARMM (Bangsamoro Autonomous Region of Muslim Mindanao),"JOLO PUBLIC, SERANTES CHINESE PIER MARKET",HIGHLAND VEGETABLES,Cabbage (Scorpio) - 750GM-1KG/HEAD,,2026-02-11T13:58:45.973116+08:00
2026-02-11,150000000,BARMM (Bangsamoro Autonomous Region of Muslim Mindanao),MAIMBUNG PUBLIC MARKET,HIGHLAND VEGETABLES,Cabbage (Scorpio) - 750GM-1KG/HEAD,,2026-02-11T13:58:45.973116+08:00
2026-02-11,150000000,BARMM (Bangsamoro Autonomous Region of Muslim Mindanao),MALUSO PUBLIC MARKET,HIGHLAND VEGETABLES,Cabbage (Scorpio) - 750GM-1KG/HEAD,,2026-02-11T13:58:45.973116+08:00
2026-02-11,150000000,BARMM (Bangsamoro Autonomous Region of Muslim Mindanao),OMAIRA MARKET,HIGHLAND VEGETABLES,Cabbage (Scorpio) - 750GM-1KG/HEAD,,2026-02-11T13:58:45.973116+08:00
2026-02-11,150000000,BARMM (Bangsamoro Autonomous Region of Muslim Mindanao),PARANG PUBLIC MARKET,HIGHLAND VEGETABLES,Cabbage (Scorpio) - 750GM-1KG/HEAD,,2026-02-11T13:58:45.973116+08:00
2026-02-11,150000000,BARMM (Bangsamoro Autonomous Region of Muslim Mindanao),SHARIFF AGUAK PUBLIC MARKET,HIGHLAND VEGETABLES,Cabbage (Scorpio) - 750GM-1KG/HEAD,,2026-02-11T13:58:45.973116+08:00
2026-02-11,150000000,BARMM (Bangsamoro Autonomous Region of Muslim Mindanao),"TUCA PUBLIC MARKET, MARAWI CITY",HIGHLAND VEGETABLES,Cabbage (Scorpio) - 750GM-1KG/HEAD,,2026-02-11T13:58:45.973116+08:00
2026-02-11,150000000,BARMM (Bangsamoro Autonomous Region of Muslim Mindanao),BONGAO PUBLIC MARKET,HIGHLAND VEGETABLES,Cabbage (Wonder Ball) - 510GM-1KG/HEAD,,2026-02-11T13:58:45.973116+08:00
2026-02-11,150000000,BARMM (Bangsamoro Autonomous Region of Muslim Mindanao),COTABATO CITY MEGA MARKET,HIGHLAND VEGETABLES,Cabbage (Wonder Ball) - 510GM-1KG/HEAD,,2026-02-11T13:58:45.973116+08:00
2026-02-11,150000000,BARMM (Bangsamoro Autonomous Region of Muslim Mindanao),COTABATO CITY OLD MARKET,HIGHLAND VEGETABLES,Cabbage (Wonder Ball) - 510GM-1KG/HEAD,,2026-02-11T13:58:45.973116+08:00
2026-02-11,150000000,BARMM (Bangsamoro Autonomous Region of Muslim Mindanao),DATU ODIN SINSUAT PUBLIC MARKET,HIGHLAND VEGETABLES,Cabbage (Wonder Ball) - 510GM-1KG/HEAD,,2026-02-11T13:58:45.973116+08:00
2026-02-11,150000000,BARMM (Bangsamoro Autonomous Region of Muslim Mindanao),DATU PAGLAS PUBLIC MARKET,HIGHLAND VEGETABLES,Cabbage (Wonder Ball) - 510GM-1KG/HEAD,,2026-02-11T13:58:45.973116+08:00
2026-02-11,150000000,BARMM (Bangsamoro Autonomous Region of Muslim Mindanao),"JOLO PUBLIC, SERANTES CHINESE PIER MARKET",HIGHLAND VEGETABLES,Cabbage (Wonder Ball) - 510GM-1KG/HEAD,,2026-02-11T13:58:45.973116+08:00
2026-02-11,150000000,BARMM (Bangsamoro Autonomous Region of Muslim Mindanao),LAMITAN CITY PUBLIC MARKET,HIGHLAND VEGETABLES,Cabbage (Wonder Ball) - 510GM-1KG/HEAD,,2026-02-11T13:58:45.973116+08:00
2026-02-11,150000000,BARMM (Bangsamoro Autonomous Region of Muslim Mindanao),MAIMBUNG PUBLIC MARKET,HIGHLAND VEGETABLES,Cabbage (Wonder Ball) - 510GM-1KG/HEAD,,2026-02-11T13:58:45.973116+08:00
2026-02-11,150000000,BARMM (Bangsamoro Autonomous Region of Muslim Mindanao),MALUSO PUBLIC MARKET,HIGHLAND VEGETABLES,Cabbage (Wonder Ball) - 510GM-1KG/HEAD,,2026-02-11T13:58:45.973116+08:00
2026-02-11,150000000,BARMM (Bangsamoro Autonomous Region of Muslim Mindanao),OMAIRA MARKET,HIGHLAND VEGETABLES,Cabbage (Wonder Ball) - 510GM-1KG/HEAD,,2026-02-11T13:58:45.973116+08:00
2026-02-11,150000000,BARMM (Bangsamoro Autonomous Region of Muslim Mindanao),PARANG PUBLIC MARKET,HIGHLAND VEGETABLES,Cabbage (Wonder Ball) - 510GM-1KG/HEAD,,2026-02-11T13:58:45.973116+08:00
2026-02-11,150000000,BARMM (Bangsamoro Autonomous Region of Muslim Mindanao),SHARIFF AGUAK PUBLIC MARKET,HIGHLAND VEGETABLES,Cabbage (Wonder Ball) - 510GM-1KG/HEAD,,2026-02-11T13:58:45.973116+08:00
2026-02-11,150000000,BARMM (Bangsamoro Autonomous Region of Muslim Mindanao),"TUCA PUBLIC MARKET, MARAWI CITY",HIGHLAND VEGETABLES,Cabbage (Wonder Ball) - 510GM-1KG/HEAD,,2026-02-11T13:58:45.973116+08:00
2026-02-11,150000000,BARMM (Bangsamoro Autonomous Region of Muslim Mindanao),BONGAO PUBLIC MARKET,HIGHLAND VEGETABLES,Carrots - 8-10PCS/KG,,2026-02-11T13:58:45.973116+08:00
2026-02-11,150000000,BARMM (Bangsamoro Autonomous Region of Muslim Mindanao),COTABATO CITY MEGA MARKET,HIGHLAND VEGETABLES,Carrots - 8-10PCS/KG,,2026-02-11T13:58:45.973116+08:00
2026-02-11,150000000,BARMM (Bangsamoro Autonomous Region of Muslim Mindanao),COTABATO CITY OLD MARKET,HIGHLAND VEGETABLES,Carrots - 8-10PCS/KG,,2026-02-11T13:58:45.973116+08:00
2026-02-11,150000000,BARMM (Bangsamoro Autonomous Region of Muslim Mindanao),DATU ODIN SINSUAT PUBLIC MARKET,HIGHLAND VEGETABLES,Carrots - 8-10PCS/KG,,2026-02-11T13:58:45.973116+08:00
2026-02-11,150000000,BARMM (Bangsamoro Autonomous Region of Muslim Mindanao),DATU PAGLAS PUBLIC MARKET,HIGHLAND VEGETABLES,Carrots - 8-10PCS/KG,,2026-02-11T13:58:45.973116+08:00
2026-02-11,150000000,BARMM (Bangsamoro Autonomous Region of Muslim Mindanao),"JOLO PUBLIC, SERANTES CHINESE PIER MARKET",HIGHLAND VEGETABLES,Carrots - 8-10PCS/KG,,2026-02-11T13:58:45.973116+08:00
2026-02-11,150000000,BARMM (Bangsamoro Autonomous Region of Muslim Mindanao),MAIMBUNG PUBLIC MARKET,HIGHLAND VEGETABLES,Carrots - 8-10PCS/KG,,2026-02-11T13:58:45.973116+08:00
2026-02-11,150000000,BARMM (Bangsamoro Autonomous Region of Muslim Mindanao),MALUSO PUBLIC MARKET,HIGHLAND VEGETABLES,Carrots - 8-10PCS/KG,,2026-02-11T13:58:45.973116+08:00
2026-02-11,150000000,BARMM (Bangsamoro Autonomous Region of Muslim Mindanao),OMAIRA MARKET,HIGHLAND VEGETABLES,Carrots - 8-10PCS/KG,,2026-02-11T13:58:45.973116+08:00
2026-02-11,150000000,BARMM (Bangsamoro Autonomous Region of Muslim Mindanao),PARANG PUBLIC MARKET,HIGHLAND VEGETABLES,Carrots - 8-10PCS/KG,,2026-02-11T13:58:45.973116+08:00
2026-02-11,150000000,BARMM (Bangsamoro Autonomous Region of Muslim Mindanao),SHARIFF AGUAK PUBLIC MARKET,HIGHLAND VEGETABLES,Carrots - 8-10PCS/KG,,2026-02-11T13:58:45.973116+08:00
2026-02-11,150000000,BARMM (Bangsamoro Autonomous Region of Muslim Mindanao),"TUCA PUBLIC MARKET, MARAWI CITY",HIGHLAND VEGETABLES,Carrots - 8-10PCS/KG,,2026-02-11T13:58:45.973116+08:00
2026-02-11,150000000,BARMM (Bangsamoro Autonomous Region of Muslim Mindanao),BONGAO PUBLIC MARKET,HIGHLAND VEGETABLES,Cauliflower - MEDIUM (8-10CM DIAMETER/BUNCH HD),,2026-02-11T13:58:45.973116+08:00
2026-02-11,150000000,BARMM (Bangsamoro Autonomous Region of Muslim Mindanao),COTABATO CITY MEGA MARKET,HIGHLAND VEGETABLES,Cauliflower - MEDIUM (8-10CM DIAMETER/BUNCH HD),,2026-02-11T13:58:45.973116+08:00
2026-02-11,150000000,BARMM (Bangsamoro Autonomous Region of Muslim Mindanao),COTABATO CITY OLD MARKET,HIGHLAND VEGETABLES,Cauliflower - MEDIUM (8-10CM DIAMETER/BUNCH HD),,2026-02-11T13:58:45.973116+08:00
2026-02-11,150000000,BARMM (Bangsamoro Autonomous Region of Muslim Mindanao),DATU ODIN SINSUAT PUBLIC MARKET,HIGHLAND VEGETABLES,Cauliflower - MEDIUM (8-10CM DIAMETER/BUNCH HD),,2026-02-11T13:58:45.973116+08:00
2026-02-11,150000000,BARMM (Bangsamoro Autonomous Region of Muslim Mindanao),DATU PAGLAS PUBLIC MARKET,HIGHLAND VEGETABLES,Cauliflower - MEDIUM (8-10CM DIAMETER/BUNCH HD),,2026-02-11T13:58:45.973116+08:00
2026-02-11,150000000,BARMM (Bangsamoro Autonomous Region of Muslim Mindanao),"JOLO PUBLIC, SERANTES CHINESE PIER MARKET",HIGHLAND VEGETABLES,Cauliflower - MEDIUM (8-10CM DIAMETER/BUNCH HD),,2026-02-11T13:58:45.973116+08:00
2026-02-11,150000000,BARMM (Bangsamoro Autonomous Region of Muslim Mindanao),LAMITAN CITY PUBLIC MARKET,HIGHLAND VEGETABLES,Cauliflower - MEDIUM (8-10CM DIAMETER/BUNCH HD),,2026-02-11T13:58:45.973116+08:00
2026-02-11,150000000,BARMM (Bangsamoro Autonomous Region of Muslim Mindanao),MAIMBUNG PUBLIC MARKET,HIGHLAND VEGETABLES,Cauliflower - MEDIUM (8-10CM DIAMETER/BUNCH HD),,2026-02-11T13:58:45.973116+08:00
2026-02-11,150000000,BARMM (Bangsamoro Autonomous Region of Muslim Mindanao),MALUSO PUBLIC MARKET,HIGHLAND VEGETABLES,Cauliflower - MEDIUM (8-10CM DIAMETER/BUNCH HD),,2026-02-11T13:58:45.973116+08:00
2026-02-11,150000000,BARMM (Bangsamoro Autonomous Region of Muslim Mindanao),OMAIRA MARKET,HIGHLAND VEGETABLES,Cauliflower - MEDIUM (8-10CM DIAMETER/BUNCH HD),,2026-02-11T13:58:45.973116+08:00
2026-02-11,150000000,BARMM (Bangsamoro Autonomous Region of Muslim Mindanao),PARANG PUBLIC MARKET,HIGHLAND VEGETABLES,Cauliflower - MEDIUM (8-10CM DIAMETER/BUNCH HD),,2026-02-11T13:58:45.973116+08:00
2026-02-11,150000000,BARMM (Bangsamoro Autonomous Region of Muslim Mindanao),SHARIFF AGUAK PUBLIC MARKET,HIGHLAND VEGETABLES,Cauliflower - MEDIUM (8-10CM DIAMETER/BUNCH HD),,2026-02-11T13:58:45.973116+08:00
2026-02-11,150000000,BARMM (Bangsamoro Autonomous Region of Muslim Mindanao),"TUCA PUBLIC MARKET, MARAWI CITY",HIGHLAND VEGETABLES,Cauliflower - MEDIUM (8-10CM DIAMETER/BUNCH HD),,2026-02-11T13:58:45.973116+08:00
2026-02-11,150000000,BARMM (Bangsamoro Autonomous Region of Muslim Mindanao),BONGAO PUBLIC MARKET,HIGHLAND VEGETABLES,Celery - MEDIUM (501-800 G),,2026-02-11T13:58:45.973116+08:00
2026-02-11,150000000,BARMM (Bangsamoro Autonomous Region of Muslim Mindanao),COTABATO CITY MEGA MARKET,HIGHLAND VEGETABLES,Celery - MEDIUM (501-800 G),,2026-02-11T13:58:45.973116+08:00
2026-02-11,150000000,BARMM (Bangsamoro Autonomous Region of Muslim Mindanao),COTABATO CITY OLD MARKET,HIGHLAND VEGETABLES,Celery - MEDIUM (501-800 G),,2026-02-11T13:58:45.973116+08:00
2026-02-11,150000000,BARMM (Bangsamoro Autonomous Region of Muslim Mindanao),DATU ODIN SINSUAT PUBLIC MARKET,HIGHLAND VEGETABLES,Celery - MEDIUM (501-800 G),,2026-02-11T13:58:45.973116+08:00
2026-02-11,150000000,BARMM (Bangsamoro Autonomous Region of Muslim Mindanao),DATU PAGLAS PUBLIC MARKET,HIGHLAND VEGETABLES,Celery - MEDIUM (501-800 G),,2026-02-11T13:58:45.973116+08:00
2026-02-11,150000000,BARMM (Bangsamoro Autonomous Region of Muslim Mindanao),"JOLO PUBLIC, SERANTES CHINESE PIER MARKET",HIGHLAND VEGETABLES,Celery - MEDIUM (501-800 G),,2026-02-11T13:58:45.973116+08:00
2026-02-11,150000000,BARMM (Bangsamoro Autonomous Region of Muslim Mindanao),LAMITAN CITY PUBLIC MARKET,HIGHLAND VEGETABLES,Celery - MEDIUM (501-800 G),,2026-02-11T13:58:45.973116+08:00
2026-02-11,150000000,BARMM (Bangsamoro Autonomous Region of Muslim Mindanao),MAIMBUNG PUBLIC MARKET,HIGHLAND VEGETABLES,Celery - MEDIUM (501-800 G),,2026-02-11T13:58:45.973116+08:00
2026-02-11,150000000,BARMM (Bangsamoro Autonomous Region of Muslim Mindanao),MALUSO PUBLIC MARKET,HIGHLAND VEGETABLES,Celery - MEDIUM (501-800 G),,2026-02-11T13:58:45.973116+08:00
2026-02-11,150000000,BARMM (Bangsamoro Autonomous Region of Muslim Mindanao),OMAIRA MARKET,HIGHLAND VEGETABLES,Celery - MEDIUM (501-800 G),,2026-02-11T13:58:45.973116+08:00
2026-02-11,150000000,BARMM (Bangsamoro Autonomous Region of Muslim Mindanao),PARANG PUBLIC MARKET,HIGHLAND VEGETABLES,Celery - MEDIUM (501-800 G),,2026-02-11T13:58:45.973116+08:00
2026-02-11,150000000,BARMM (Bangsamoro Autonomous Region of Muslim Mindanao),SHARIFF AGUAK PUBLIC MARKET,HIGHLAND VEGETABLES,Celery - MEDIUM (501-800 G),,2026-02-11T13:58:45.973116+08:00
2026-02-11,150000000,BARMM (Bangsamoro Autonomous Region of Muslim Mindanao),"TUCA PUBLIC MARKET, MARAWI CITY",HIGHLAND VEGETABLES,Celery - MEDIUM (501-800 G),,2026-02-11T13:58:45.973116+08:00
2026-02-11,150000000,BARMM (Bangsamoro Autonomous Region of Muslim Mindanao),BONGAO PUBLIC MARKET,HIGHLAND VEGETABLES,Chayote - KG,,2026-02-11T13:58:45.973116+08:00
2026-02-11,150000000,BARMM (Bangsamoro Autonomous Region of Muslim Mindanao),COTABATO CITY MEGA MARKET,HIGHLAND VEGETABLES,Chayote - KG,,2026-02-11T13:58:45.973116+08:00
2026-02-11,150000000,BARMM (Bangsamoro Autonomous Region of Muslim Mindanao),COTABATO CITY OLD MARKET,HIGHLAND VEGETABLES,Chayote - KG,,2026-02-11T13:58:45.973116+08:00
2026-02-11,150000000,BARMM (Bangsamoro Autonomous Region of Muslim Mindanao),DATU ODIN SINSUAT PUBLIC MARKET,HIGHLAND VEGETABLES,Chayote - KG,,2026-02-11T13:58:45.973116+08:00
2026-02-11,150000000,BARMM (Bangsamoro Autonomous Region of Muslim Mindanao),DATU PAGLAS PUBLIC MARKET,HIGHLAND VEGETABLES,Chayote - KG,,2026-02-11T13:58:45.973116+08:00
2026-02-11,150000000,BARMM (Bangsamoro Autonomous Region of Muslim Mindanao),"JOLO PUBLIC, SERANTES CHINESE PIER MARKET",HIGHLAND VEGETABLES,Chayote - KG,,2026-02-11T13:58:45.973116+08:00
2026-02-11,150000000,BARMM (Bangsamoro Autonomous Region of Muslim Mindanao),MAIMBUNG PUBLIC MARKET,HIGHLAND VEGETABLES,Chayote - KG,,2026-02-11T13:58:45.973116+08:00
2026-02-11,150000000,BARMM (Bangsamoro Autonomous Region of Muslim Mindanao),MALUSO PUBLIC MARKET,HIGHLAND VEGETABLES,Chayote - KG,,2026-02-11T13:58:45.973116+08:00
2026-02-11,150000000,BARMM (Bangsamoro Autonomous Region of Muslim Mindanao),OMAIRA MARKET,HIGHLAND VEGETABLES,Chayote - KG,,2026-02-11T13:58:45.973116+08:00
2026-02-11,150000000,BARMM (Bangsamoro Autonomous Region of Muslim Mindanao),PARANG PUBLIC MARKET,HIGHLAND VEGETABLES,Chayote - KG,,2026-02-11T13:58:45.973116+08:00
2026-02-11,150000000,BARMM (Bangsamoro Autonomous Region of Muslim Mindanao),SHARIFF AGUAK PUBLIC MARKET,HIGHLAND VEGETABLES,Chayote - KG,,2026-02-11T13:58:45.973116+08:00
2026-02-11,150000000,BARMM (Bangsamoro Autonomous Region of Muslim Mindanao),"TUCA PUBLIC MARKET, MARAWI CITY",HIGHLAND VEGETABLES,Chayote - KG,,2026-02-11T13:58:45.973116+08:00
2026-02-11,150000000,BARMM (Bangsamoro Autonomous Region of Muslim Mindanao),BONGAO PUBLIC MARKET,HIGHLAND VEGETABLES,Habichuelas (Baguio Bean) - KG,,2026-02-11T13:58:45.973116+08:00
2026-02-11,150000000,BARMM (Bangsamoro Autonomous Region of Muslim Mindanao),COTABATO CITY MEGA MARKET,HIGHLAND VEGETABLES,Habichuelas (Baguio Bean) - KG,,2026-02-11T13:58:45.973116+08:00
2026-02-11,150000000,BARMM (Bangsamoro Autonomous Region of Muslim Mindanao),COTABATO CITY OLD MARKET,HIGHLAND VEGETABLES,Habichuelas (Baguio Bean) - KG,,2026-02-11T13:58:45.973116+08:00
2026-02-11,150000000,BARMM (Bangsamoro Autonomous Region of Muslim Mindanao),DATU ODIN SINSUAT PUBLIC MARKET,HIGHLAND VEGETABLES,Habichuelas (Baguio Bean) - KG,,2026-02-11T13:58:45.973116+08:00
2026-02-11,150000000,BARMM (Bangsamoro Autonomous Region of Muslim Mindanao),DATU PAGLAS PUBLIC MARKET,HIGHLAND VEGETABLES,Habichuelas (Baguio Bean) - KG,,2026-02-11T13:58:45.973116+08:00
2026-02-11,150000000,BARMM (Bangsamoro Autonomous Region of Muslim Mindanao),"JOLO PUBLIC, SERANTES CHINESE PIER MARKET",HIGHLAND VEGETABLES,Habichuelas (Baguio Bean) - KG,,2026-02-11T13:58:45.973116+08:00
2026-02-11,150000000,BARMM (Bangsamoro Autonomous Region of Muslim Mindanao),LAMITAN CITY PUBLIC MARKET,HIGHLAND VEGETABLES,Habichuelas (Baguio Bean) - KG,,2026-02-11T13:58:45.973116+08:00
2026-02-11,150000000,BARMM (Bangsamoro Autonomous Region of Muslim Mindanao),MAIMBUNG PUBLIC MARKET,HIGHLAND VEGETABLES,Habichuelas (Baguio Bean) - KG,,2026-02-11T13:58:45.973116+08:00
2026-02-11,150000000,BARMM (Bangsamoro Autonomous Region of Muslim Mindanao),MALUSO PUBLIC MARKET,HIGHLAND VEGETABLES,Habichuelas (Baguio Bean) - KG,,2026-02-11T13:58:45.973116+08:00
2026-02-11,150000000,BARMM (Bangsamoro Autonomous Region of Muslim Mindanao),OMAIRA MARKET,HIGHLAND VEGETABLES,Habichuelas (Baguio Bean) - KG,,2026-02-11T13:58:45.973116+08:00
2026-02-11,150000000,BARMM (Bangsamoro Autonomous Region of Muslim Mindanao),PARANG PUBLIC MARKET,HIGHLAND VEGETABLES,Habichuelas (Baguio Bean) - KG,,2026-02-11T13:58:45.973116+08:00
2026-02-11,150000000,BARMM (Bangsamoro Autonomous Region of Muslim Mindanao),SHARIFF AGUAK PUBLIC MARKET,HIGHLAND VEGETABLES,Habichuelas (Baguio Bean) - KG,,2026-02-11T13:58:45.973116+08:00
2026-02-11,150000000,BARMM (Bangsamoro Autonomous Region of Muslim Mindanao),"TUCA PUBLIC MARKET, MARAWI CITY",HIGHLAND VEGETABLES,Habichuelas (Baguio Bean) - KG,,2026-02-11T13:58:45.973116+08:00
2026-02-11,150000000,BARMM (Bangsamoro Autonomous Region of Muslim Mindanao),BONGAO PUBLIC MARKET,HIGHLAND VEGETABLES,Lettuce (Green Ice),,2026-02-11T13:58:45.973116+08:00
2026-02-11,150000000,BARMM (Bangsamoro Autonomous Region of Muslim Mindanao),COTABATO CITY MEGA MARKET,HIGHLAND VEGETABLES,Lettuce (Green Ice),,2026-02-11T13:58:45.973116+08:00
2026-02-11,150000000,BARMM (Bangsamoro Autonomous Region of Muslim Mindanao),COTABATO CITY OLD MARKET,HIGHLAND VEGETABLES,Lettuce (Green Ice),,2026-02-11T13:58:45.973116+08:00
2026-02-11,150000000,BARMM (Bangsamoro Autonomous Region of Muslim Mindanao),DATU ODIN SINSUAT PUBLIC MARKET,HIGHLAND VEGETABLES,Lettuce (Green Ice),,2026-02-11T13:58:45.973116+08:00
2026-02-11,150000000,BARMM (Bangsamoro Autonomous Region of Muslim Mindanao),DATU PAGLAS PUBLIC MARKET,HIGHLAND VEGETABLES,Lettuce (Green Ice),,2026-02-11T13:58:45.973116+08:00
2026-02-11,150000000,BARMM (Bangsamoro Autonomous Region of Muslim Mindanao),"JOLO PUBLIC, SERANTES CHINESE PIER MARKET",HIGHLAND VEGETABLES,Lettuce (Green Ice),,2026-02-11T13:58:45.973116+08:00
2026-02-11,150000000,BARMM (Bangsamoro Autonomous Region of Muslim Mindanao),LAMITAN CITY PUBLIC MARKET,HIGHLAND VEGETABLES,Lettuce (Green Ice),,2026-02-11T13:58:45.973116+08:00
2026-02-11,150000000,BARMM (Bangsamoro Autonomous Region of Muslim Mindanao),MAIMBUNG PUBLIC MARKET,HIGHLAND VEGETABLES,Lettuce (Green Ice),,2026-02-11T13:58:45.973116+08:00
2026-02-11,150000000,BARMM (Bangsamoro Autonomous Region of Muslim Mindanao),MALUSO PUBLIC MARKET,HIGHLAND VEGETABLES,Lettuce (Green Ice),,2026-02-11T13:58:45.973116+08:00
2026-02-11,150000000,BARMM (Bangsamoro Autonomous Region of Muslim Mindanao),OMAIRA MARKET,HIGHLAND VEGETABLES,Lettuce (Green Ice),,2026-02-11T13:58:45.973116+08:00
2026-02-11,150000000,BARMM (Bangsamoro Autonomous Region of Muslim Mindanao),PARANG PUBLIC MARKET,HIGHLAND VEGETABLES,Lettuce (Green Ice),,2026-02-11T13:58:45.973116+08:00
2026-02-11,150000000,BARMM (Bangsamoro Autonomous Region of Muslim Mindanao),SHARIFF AGUAK PUBLIC MARKET,HIGHLAND VEGETABLES,Lettuce (Green Ice),,2026-02-11T13:58:45.973116+08:00
2026-02-11,150000000,BARMM (Bangsamoro Autonomous Region of Muslim Mindanao),"TUCA PUBLIC MARKET, MARAWI CITY",HIGHLAND VEGETABLES,Lettuce (Green Ice),,2026-02-11T13:58:45.973116+08:00
2026-02-11,150000000,BARMM (Bangsamoro Autonomous Region of Muslim Mindanao),BONGAO PUBLIC MARKET,HIGHLAND VEGETABLES,Lettuce (Iceberg) - MEDIUM(301-450CM DIAMETER/BUNCH HD),,2026-02-11T13:58:45.973116+08:00
2026-02-11,150000000,BARMM (Bangsamoro Autonomous Region of Muslim Mindanao),COTABATO CITY MEGA MARKET,HIGHLAND VEGETABLES,Lettuce (Iceberg) - MEDIUM(301-450CM DIAMETER/BUNCH HD),,2026-02-11T13:58:45.973116+08:00
2026-02-11,150000000,BARMM (Bangsamoro Autonomous Region of Muslim Mindanao),COTABATO CITY OLD MARKET,HIGHLAND VEGETABLES,Lettuce (Iceberg) - MEDIUM(301-450CM DIAMETER/BUNCH HD),,2026-02-11T13:58:45.973116+08:00
2026-02-11,150000000,BARMM (Bangsamoro Autonomous Region of Muslim Mindanao),DATU ODIN SINSUAT PUBLIC MARKET,HIGHLAND VEGETABLES,Lettuce (Iceberg) - MEDIUM(301-450CM DIAMETER/BUNCH HD),,2026-02-11T13:58:45.973116+08:00
2026-02-11,150000000,BARMM (Bangsamoro Autonomous Region of Muslim Mindanao),DATU PAGLAS PUBLIC MARKET,HIGHLAND VEGETABLES,Lettuce (Iceberg) - MEDIUM(301-450CM DIAMETER/BUNCH HD),,2026-02-11T13:58:45.973116+08:00
2026-02-11,150000000,BARMM (Bangsamoro Autonomous Region of Muslim Mindanao),"JOLO PUBLIC, SERANTES CHINESE PIER MARKET",HIGHLAND VEGETABLES,Lettuce (Iceberg) - MEDIUM(301-450CM DIAMETER/BUNCH HD),,2026-02-11T13:58:45.973116+08:00
2026-02-11,150000000,BARMM (Bangsamoro Autonomous Region of Muslim Mindanao),LAMITAN CITY PUBLIC MARKET,HIGHLAND VEGETABLES,Lettuce (Iceberg) - MEDIUM(301-450CM DIAMETER/BUNCH HD),,2026-02-11T13:58:45.973116+08:00
2026-02-11,150000000,BARMM (Bangsamoro Autonomous Region of Muslim Mindanao),MAIMBUNG PUBLIC MARKET,HIGHLAND VEGETABLES,Lettuce (Iceberg) - MEDIUM(301-450CM DIAMETER/BUNCH HD),,2026-02-11T13:58:45.973116+08:00
2026-02-11,150000000,BARMM (Bangsamoro Autonomous Region of Muslim Mindanao),MALUSO PUBLIC MARKET,HIGHLAND VEGETABLES,Lettuce (Iceberg) - MEDIUM(301-450CM DIAMETER/BUNCH HD),,2026-02-11T13:58:45.973116+08:00
2026-02-11,150000000,BARMM (Bangsamoro Autonomous Region of Muslim Mindanao),OMAIRA MARKET,HIGHLAND VEGETABLES,Lettuce (Iceberg) - MEDIUM(301-450CM DIAMETER/BUNCH HD),,2026-02-11T13:58:45.973116+08:00
2026-02-11,150000000,BARMM (Bangsamoro Autonomous Region of Muslim Mindanao),PARANG PUBLIC MARKET,HIGHLAND VEGETABLES,Lettuce (Iceberg) - MEDIUM(301-450CM DIAMETER/BUNCH HD),,2026-02-11T13:58:45.973116+08:00
2026-02-11,150000000,BARMM (Bangsamoro Autonomous Region of Muslim Mindanao),SHARIFF AGUAK PUBLIC MARKET,HIGHLAND VEGETABLES,Lettuce (Iceberg) - MEDIUM(301-450CM DIAMETER/BUNCH HD),,2026-02-11T13:58:45.973116+08:00
2026-02-11,150000000,BARMM (Bangsamoro Autonomous Region of Muslim Mindanao),"TUCA PUBLIC MARKET, MARAWI CITY",HIGHLAND VEGETABLES,Lettuce (Iceberg) - MEDIUM(301-450CM DIAMETER/BUNCH HD),,2026-02-11T13:58:45.973116+08:00
2026-02-11,150000000,BARMM (Bangsamoro Autonomous Region of Muslim Mindanao),BONGAO PUBLIC MARKET,HIGHLAND VEGETABLES,Lettuce (Romaine),,2026-02-11T13:58:45.973116+08:00
2026-02-11,150000000,BARMM (Bangsamoro Autonomous Region of Muslim Mindanao),COTABATO CITY MEGA MARKET,HIGHLAND VEGETABLES,Lettuce (Romaine),,2026-02-11T13:58:45.973116+08:00
2026-02-11,150000000,BARMM (Bangsamoro Autonomous Region of Muslim Mindanao),COTABATO CITY OLD MARKET,HIGHLAND VEGETABLES,Lettuce (Romaine),,2026-02-11T13:58:45.973116+08:00
2026-02-11,150000000,BARMM (Bangsamoro Autonomous Region of Muslim Mindanao),DATU ODIN SINSUAT PUBLIC MARKET,HIGHLAND VEGETABLES,Lettuce (Romaine),,2026-02-11T13:58:45.973116+08:00
2026-02-11,150000000,BARMM (Bangsamoro Autonomous Region of Muslim Mindanao),DATU PAGLAS PUBLIC MARKET,HIGHLAND VEGETABLES,Lettuce (Romaine),,2026-02-11T13:58:45.973116+08:00
2026-02-11,150000000,BARMM (Bangsamoro Autonomous Region of Muslim Mindanao),"JOLO PUBLIC, SERANTES CHINESE PIER MARKET",HIGHLAND VEGETABLES,Lettuce (Romaine),,2026-02-11T13:58:45.973116+08:00
2026-02-11,150000000,BARMM (Bangsamoro Autonomous Region of Muslim Mindanao),LAMITAN CITY PUBLIC MARKET,HIGHLAND VEGETABLES,Lettuce (Romaine),,2026-02-11T13:58:45.973116+08:00
2026-02-11,150000000,BARMM (Bangsamoro Autonomous Region of Muslim Mindanao),MAIMBUNG PUBLIC MARKET,HIGHLAND VEGETABLES,Lettuce (Romaine),,2026-02-11T13:58:45.973116+08:00
2026-02-11,150000000,BARMM (Bangsamoro Autonomous Region of Muslim Mindanao),MALUSO PUBLIC MARKET,HIGHLAND VEGETABLES,Lettuce (Romaine),,2026-02-11T13:58:45.973116+08:00
2026-02-11,150000000,BARMM (Bangsamoro Autonomous Region of Muslim Mindanao),OMAIRA MARKET,HIGHLAND VEGETABLES,Lettuce (Romaine),,2026-02-11T13:58:45.973116+08:00
2026-02-11,150000000,BARMM (Bangsamoro Autonomous Region of Muslim Mindanao),PARANG PUBLIC MARKET,HIGHLAND VEGETABLES,Lettuce (Romaine),,2026-02-11T13:58:45.973116+08:00
2026-02-11,150000000,BARMM (Bangsamoro Autonomous Region of Muslim Mindanao),SHARIFF AGUAK PUBLIC MARKET,HIGHLAND VEGETABLES,Lettuce (Romaine),,2026-02-11T13:58:45.973116+08:00
2026-02-11,150000000,BARMM (Bangsamoro Autonomous Region of Muslim Mindanao),"TUCA PUBLIC MARKET, MARAWI CITY",HIGHLAND VEGETABLES,Lettuce (Romaine),,2026-02-11T13:58:45.973116+08:00
2026-02-11,150000000,BARMM (Bangsamoro Autonomous Region of Muslim Mindanao),BONGAO PUBLIC MARKET,HIGHLAND VEGETABLES,Pechay (Baguio) - KG,,2026-02-11T13:58:45.973116+08:00
2026-02-11,150000000,BARMM (Bangsamoro Autonomous Region of Muslim Mindanao),COTABATO CITY MEGA MARKET,HIGHLAND VEGETABLES,Pechay (Baguio) - KG,,2026-02-11T13:58:45.973116+08:00
2026-02-11,150000000,BARMM (Bangsamoro Autonomous Region of Muslim Mindanao),COTABATO CITY OLD MARKET,HIGHLAND VEGETABLES,Pechay (Baguio) - KG,,2026-02-11T13:58:45.973116+08:00
2026-02-11,150000000,BARMM (Bangsamoro Autonomous Region of Muslim Mindanao),DATU ODIN SINSUAT PUBLIC MARKET,HIGHLAND VEGETABLES,Pechay (Baguio) - KG,,2026-02-11T13:58:45.973116+08:00
2026-02-11,150000000,BARMM (Bangsamoro Autonomous Region of Muslim Mindanao),DATU PAGLAS PUBLIC MARKET,HIGHLAND VEGETABLES,Pechay (Baguio) - KG,,2026-02-11T13:58:45.973116+08:00
2026-02-11,150000000,BARMM (Bangsamoro Autonomous Region of Muslim Mindanao),"JOLO PUBLIC, SERANTES CHINESE PIER MARKET",HIGHLAND VEGETABLES,Pechay (Baguio) - KG,,2026-02-11T13:58:45.973116+08:00
2026-02-11,150000000,BARMM (Bangsamoro Autonomous Region of Muslim Mindanao),LAMITAN CITY PUBLIC MARKET,HIGHLAND VEGETABLES,Pechay (Baguio) - KG,,2026-02-11T13:58:45.973116+08:00
2026-02-11,150000000,BARMM (Bangsamoro Autonomous Region of Muslim Mindanao),MAIMBUNG PUBLIC MARKET,HIGHLAND VEGETABLES,Pechay (Baguio) - KG,,2026-02-11T13:58:45.973116+08:00
2026-02-11,150000000,BARMM (Bangsamoro Autonomous Region of Muslim Mindanao),MALUSO PUBLIC MARKET,HIGHLAND VEGETABLES,Pechay (Baguio) - KG,,2026-02-11T13:58:45.973116+08:00
2026-02-11,150000000,BARMM (Bangsamoro Autonomous Region of Muslim Mindanao),OMAIRA MARKET,HIGHLAND VEGETABLES,Pechay (Baguio) - KG,,2026-02-11T13:58:45.973116+08:00
2026-02-11,150000000,BARMM (Bangsamoro Autonomous Region of Muslim Mindanao),PARANG PUBLIC MARKET,HIGHLAND VEGETABLES,Pechay (Baguio) - KG,,2026-02-11T13:58:45.973116+08:00
2026-02-11,150000000,BARMM (Bangsamoro Autonomous Region of Muslim Mindanao),SHARIFF AGUAK PUBLIC MARKET,HIGHLAND VEGETABLES,Pechay (Baguio) - KG,,2026-02-11T13:58:45.973116+08:00
2026-02-11,150000000,BARMM (Bangsamoro Autonomous Region of Muslim Mindanao),"TUCA PUBLIC MARKET, MARAWI CITY",HIGHLAND VEGETABLES,Pechay (Baguio) - KG,,2026-02-11T13:58:45.973116+08:00
2026-02-11,150000000,BARMM (Bangsamoro Autonomous Region of Muslim Mindanao),BONGAO PUBLIC MARKET,HIGHLAND VEGETABLES,White Potato - 10-12PCS/KG,,2026-02-11T13:58:45.973116+08:00
2026-02-11,150000000,BARMM (Bangsamoro Autonomous Region of Muslim Mindanao),COTABATO CITY MEGA MARKET,HIGHLAND VEGETABLES,White Potato - 10-12PCS/KG,,2026-02-11T13:58:45.973116+08:00
2026-02-11,150000000,BARMM (Bangsamoro Autonomous Region of Muslim Mindanao),COTABATO CITY OLD MARKET,HIGHLAND VEGETABLES,White Potato - 10-12PCS/KG,,2026-02-11T13:58:45.973116+08:00
2026-02-11,150000000,BARMM (Bangsamoro Autonomous Region of Muslim Mindanao),DATU ODIN SINSUAT PUBLIC MARKET,HIGHLAND VEGETABLES,White Potato - 10-12PCS/KG,,2026-02-11T13:58:45.973116+08:00
2026-02-11,150000000,BARMM (Bangsamoro Autonomous Region of Muslim Mindanao),DATU PAGLAS PUBLIC MARKET,HIGHLAND VEGETABLES,White Potato - 10-12PCS/KG,,2026-02-11T13:58:45.973116+08:00
2026-02-11,150000000,BARMM (Bangsamoro Autonomous Region of Muslim Mindanao),"JOLO PUBLIC, SERANTES CHINESE PIER MARKET",HIGHLAND VEGETABLES,White Potato - 10-12PCS/KG,,2026-02-11T13:58:45.973116+08:00
2026-02-11,150000000,BARMM (Bangsamoro Autonomous Region of Muslim Mindanao),MAIMBUNG PUBLIC MARKET,HIGHLAND VEGETABLES,White Potato - 10-12PCS/KG,,2026-02-11T13:58:45.973116+08:00
2026-02-11,150000000,BARMM (Bangsamoro Autonomous Region of Muslim Mindanao),MALUSO PUBLIC MARKET,HIGHLAND VEGETABLES,White Potato - 10-12PCS/KG,,2026-02-11T13:58:45.973116+08:00
2026-02-11,150000000,BARMM (Bangsamoro Autonomous Region of Muslim Mindanao),OMAIRA MARKET,HIGHLAND VEGETABLES,White Potato - 10-12PCS/KG,,2026-02-11T13:58:45.973116+08:00
2026-02-11,150000000,BARMM (Bangsamoro Autonomous Region of Muslim Mindanao),PARANG PUBLIC MARKET,HIGHLAND VEGETABLES,White Potato - 10-12PCS/KG,,2026-02-11T13:58:45.973116+08:00
2026-02-11,150000000,BARMM (Bangsamoro Autonomous Region of Muslim Mindanao),SHARIFF AGUAK PUBLIC MARKET,HIGHLAND VEGETABLES,White Potato - 10-12PCS/KG,,2026-02-11T13:58:45.973116+08:00
2026-02-11,150000000,BARMM (Bangsamoro Autonomous Region of Muslim Mindanao),"TUCA PUBLIC MARKET, MARAWI CITY",HIGHLAND VEGETABLES,White Potato - 10-12PCS/KG,,2026-02-11T13:58:45.973116+08:00
2026-02-11,150000000,BARMM (Bangsamoro Autonomous Region of Muslim Mindanao),BONGAO PUBLIC MARKET,LEGUMES,Mungbean - KG,,2026-02-11T13:58:45.973116+08:00
2026-02-11,150000000,BARMM (Bangsamoro Autonomous Region of Muslim Mindanao),COTABATO CITY MEGA MARKET,LEGUMES,Mungbean - KG,,2026-02-11T13:58:45.973116+08:00
2026-02-11,150000000,BARMM (Bangsamoro Autonomous Region of Muslim Mindanao),COTABATO CITY OLD MARKET,LEGUMES,Mungbean - KG,,2026-02-11T13:58:45.973116+08:00
2026-02-11,150000000,BARMM (Bangsamoro Autonomous Region of Muslim Mindanao),DATU ODIN SINSUAT PUBLIC MARKET,LEGUMES,Mungbean - KG,,2026-02-11T13:58:45.973116+08:00
2026-02-11,150000000,BARMM (Bangsamoro Autonomous Region of Muslim Mindanao),DATU PAGLAS PUBLIC MARKET,LEGUMES,Mungbean - KG,,2026-02-11T13:58:45.973116+08:00
2026-02-11,150000000,BARMM (Bangsamoro Autonomous Region of Muslim Mindanao),"JOLO PUBLIC, SERANTES CHINESE PIER MARKET",LEGUMES,Mungbean - KG,,2026-02-11T13:58:45.973116+08:00
2026-02-11,150000000,BARMM (Bangsamoro Autonomous Region of Muslim Mindanao),LAMITAN CITY PUBLIC MARKET,LEGUMES,Mungbean - KG,,2026-02-11T13:58:45.973116+08:00
2026-02-11,150000000,BARMM (Bangsamoro Autonomous Region of Muslim Mindanao),MAIMBUNG PUBLIC MARKET,LEGUMES,Mungbean - KG,,2026-02-11T13:58:45.973116+08:00
2026-02-11,150000000,BARMM (Bangsamoro Autonomous Region of Muslim Mindanao),MALUSO PUBLIC MARKET,LEGUMES,Mungbean - KG,,2026-02-11T13:58:45.973116+08:00
2026-02-11,150000000,BARMM (Bangsamoro Autonomous Region of Muslim Mindanao),OMAIRA MARKET,LEGUMES,Mungbean - KG,,2026-02-11T13:58:45.973116+08:00
2026-02-11,150000000,BARMM (Bangsamoro Autonomous Region of Muslim Mindanao),PARANG PUBLIC MARKET,LEGUMES,Mungbean - KG,,2026-02-11T13:58:45.973116+08:00
2026-02-11,150000000,BARMM (Bangsamoro Autonomous Region of Muslim Mindanao),SHARIFF AGUAK PUBLIC MARKET,LEGUMES,Mungbean - KG,,2026-02-11T13:58:45.973116+08:00
2026-02-11,150000000,BARMM (Bangsamoro Autonomous Region of Muslim Mindanao),"TUCA PUBLIC MARKET, MARAWI CITY",LEGUMES,Mungbean - KG,,2026-02-11T13:58:45.973116+08:00
2026-02-11,150000000,BARMM (Bangsamoro Autonomous Region of Muslim Mindanao),BONGAO PUBLIC MARKET,LOWLAND VEGETABLES,Ampalaya - 4-5 PCS/KG,,2026-02-11T13:58:45.973116+08:00
2026-02-11,150000000,BARMM (Bangsamoro Autonomous Region of Muslim Mindanao),COTABATO CITY MEGA MARKET,LOWLAND VEGETABLES,Ampalaya - 4-5 PCS/KG,,2026-02-11T13:58:45.973116+08:00
2026-02-11,150000000,BARMM (Bangsamoro Autonomous Region of Muslim Mindanao),COTABATO CITY OLD MARKET,LOWLAND VEGETABLES,Ampalaya - 4-5 PCS/KG,,2026-02-11T13:58:45.973116+08:00
2026-02-11,150000000,BARMM (Bangsamoro Autonomous Region of Muslim Mindanao),DATU ODIN SINSUAT PUBLIC MARKET,LOWLAND VEGETABLES,Ampalaya - 4-5 PCS/KG,,2026-02-11T13:58:45.973116+08:00
2026-02-11,150000000,BARMM (Bangsamoro Autonomous Region of Muslim Mindanao),DATU PAGLAS PUBLIC MARKET,LOWLAND VEGETABLES,Ampalaya - 4-5 PCS/KG,,2026-02-11T13:58:45.973116+08:00
2026-02-11,150000000,BARMM (Bangsamoro Autonomous Region of Muslim Mindanao),"JOLO PUBLIC, SERANTES CHINESE PIER MARKET",LOWLAND VEGETABLES,Ampalaya - 4-5 PCS/KG,,2026-02-11T13:58:45.973116+08:00
2026-02-11,150000000,BARMM (Bangsamoro Autonomous Region of Muslim Mindanao),MAIMBUNG PUBLIC MARKET,LOWLAND VEGETABLES,Ampalaya - 4-5 PCS/KG,,2026-02-11T13:58:45.973116+08:00
2026-02-11,150000000,BARMM (Bangsamoro Autonomous Region of Muslim Mindanao),MALUSO PUBLIC MARKET,LOWLAND VEGETABLES,Ampalaya - 4-5 PCS/KG,,2026-02-11T13:58:45.973116+08:00
2026-02-11,150000000,BARMM (Bangsamoro Autonomous Region of Muslim Mindanao),OMAIRA MARKET,LOWLAND VEGETABLES,Ampalaya - 4-5 PCS/KG,,2026-02-11T13:58:45.973116+08:00
2026-02-11,150000000,BARMM (Bangsamoro Autonomous Region of Muslim Mindanao),PARANG PUBLIC MARKET,LOWLAND VEGETABLES,Ampalaya - 4-5 PCS/KG,,2026-02-11T13:58:45.973116+08:00
2026-02-11,150000000,BARMM (Bangsamoro Autonomous Region of Muslim Mindanao),SHARIFF AGUAK PUBLIC MARKET,LOWLAND VEGETABLES,Ampalaya - 4-5 PCS/KG,,2026-02-11T13:58:45.973116+08:00
2026-02-11,150000000,BARMM (Bangsamoro Autonomous Region of Muslim Mindanao),"TUCA PUBLIC MARKET, MARAWI CITY",LOWLAND VEGETABLES,Ampalaya - 4-5 PCS/KG,,2026-02-11T13:58:45.973116+08:00
2026-02-11,150000000,BARMM (Bangsamoro Autonomous Region of Muslim Mindanao),BONGAO PUBLIC MARKET,LOWLAND VEGETABLES,Eggplant - 3-4 SMALL BUNDLES/KG,,2026-02-11T13:58:45.973116+08:00
2026-02-11,150000000,BARMM (Bangsamoro Autonomous Region of Muslim Mindanao),COTABATO CITY MEGA MARKET,LOWLAND VEGETABLES,Eggplant - 3-4 SMALL BUNDLES/KG,,2026-02-11T13:58:45.973116+08:00
2026-02-11,150000000,BARMM (Bangsamoro Autonomous Region of Muslim Mindanao),COTABATO CITY OLD MARKET,LOWLAND VEGETABLES,Eggplant - 3-4 SMALL BUNDLES/KG,,2026-02-11T13:58:45.973116+08:00
2026-02-11,150000000,BARMM (Bangsamoro Autonomous Region of Muslim Mindanao),DATU ODIN SINSUAT PUBLIC MARKET,LOWLAND VEGETABLES,Eggplant - 3-4 SMALL BUNDLES/KG,,2026-02-11T13:58:45.973116+08:00
2026-02-11,150000000,BARMM (Bangsamoro Autonomous Region of Muslim Mindanao),DATU PAGLAS PUBLIC MARKET,LOWLAND VEGETABLES,Eggplant - 3-4 SMALL BUNDLES/KG,,2026-02-11T13:58:45.973116+08:00
2026-02-11,150000000,BARMM (Bangsamoro Autonomous Region of Muslim Mindanao),"JOLO PUBLIC, SERANTES CHINESE PIER MARKET",LOWLAND VEGETABLES,Eggplant - 3-4 SMALL BUNDLES/KG,,2026-02-11T13:58:45.973116+08:00
2026-02-11,150000000,BARMM (Bangsamoro Autonomous Region of Muslim Mindanao),MAIMBUNG PUBLIC MARKET,LOWLAND VEGETABLES,Eggplant - 3-4 SMALL BUNDLES/KG,,2026-02-11T13:58:45.973116+08:00
2026-02-11,150000000,BARMM (Bangsamoro Autonomous Region of Muslim Mindanao),MALUSO PUBLIC MARKET,LOWLAND VEGETABLES,Eggplant - 3-4 SMALL BUNDLES/KG,,2026-02-11T13:58:45.973116+08:00
2026-02-11,150000000,BARMM (Bangsamoro Autonomous Region of Muslim Mindanao),OMAIRA MARKET,LOWLAND VEGETABLES,Eggplant - 3-4 SMALL BUNDLES/KG,,2026-02-11T13:58:45.973116+08:00
2026-02-11,150000000,BARMM (Bangsamoro Autonomous Region of Muslim Mindanao),PARANG PUBLIC MARKET,LOWLAND VEGETABLES,Eggplant - 3-4 SMALL BUNDLES/KG,,2026-02-11T13:58:45.973116+08:00
2026-02-11,150000000,BARMM (Bangsamoro Autonomous Region of Muslim Mindanao),SHARIFF AGUAK PUBLIC MARKET,LOWLAND VEGETABLES,Eggplant - 3-4 SMALL BUNDLES/KG,,2026-02-11T13:58:45.973116+08:00
2026-02-11,150000000,BARMM (Bangsamoro Autonomous Region of Muslim Mindanao),"TUCA PUBLIC MARKET, MARAWI CITY",LOWLAND VEGETABLES,Eggplant - 3-4 SMALL BUNDLES/KG,,2026-02-11T13:58:45.973116+08:00
2026-02-11,150000000,BARMM (Bangsamoro Autonomous Region of Muslim Mindanao),BONGAO PUBLIC MARKET,LOWLAND VEGETABLES,Pechay (Native) - 3-4 SMALL BUNDLES/KG,,2026-02-11T13:58:45.973116+08:00
2026-02-11,150000000,BARMM (Bangsamoro Autonomous Region of Muslim Mindanao),COTABATO CITY MEGA MARKET,LOWLAND VEGETABLES,Pechay (Native) - 3-4 SMALL BUNDLES/KG,,2026-02-11T13:58:45.973116+08:00
2026-02-11,150000000,BARMM (Bangsamoro Autonomous Region of Muslim Mindanao),COTABATO CITY OLD MARKET,LOWLAND VEGETABLES,Pechay (Native) - 3-4 SMALL BUNDLES/KG,,2026-02-11T13:58:45.973116+08:00
2026-02-11,150000000,BARMM (Bangsamoro Autonomous Region of Muslim Mindanao),DATU ODIN SINSUAT PUBLIC MARKET,LOWLAND VEGETABLES,Pechay (Native) - 3-4 SMALL BUNDLES/KG,,2026-02-11T13:58:45.973116+08:00
2026-02-11,150000000,BARMM (Bangsamoro Autonomous Region of Muslim Mindanao),DATU PAGLAS PUBLIC MARKET,LOWLAND VEGETABLES,Pechay (Native) - 3-4 SMALL BUNDLES/KG,,2026-02-11T13:58:45.973116+08:00
2026-02-11,150000000,BARMM (Bangsamoro Autonomous Region of Muslim Mindanao),"JOLO PUBLIC, SERANTES CHINESE PIER MARKET",LOWLAND VEGETABLES,Pechay (Native) - 3-4 SMALL BUNDLES/KG,,2026-02-11T13:58:45.973116+08:00
2026-02-11,150000000,BARMM (Bangsamoro Autonomous Region of Muslim Mindanao),MAIMBUNG PUBLIC MARKET,LOWLAND VEGETABLES,Pechay (Native) - 3-4 SMALL BUNDLES/KG,,2026-02-11T13:58:45.973116+08:00
2026-02-11,150000000,BARMM (Bangsamoro Autonomous Region of Muslim Mindanao),MALUSO PUBLIC MARKET,LOWLAND VEGETABLES,Pechay (Native) - 3-4 SMALL BUNDLES/KG,,2026-02-11T13:58:45.973116+08:00
2026-02-11,150000000,BARMM (Bangsamoro Autonomous Region of Muslim Mindanao),OMAIRA MARKET,LOWLAND VEGETABLES,Pechay (Native) - 3-4 SMALL BUNDLES/KG,,2026-02-11T13:58:45.973116+08:00
2026-02-11,150000000,BARMM (Bangsamoro Autonomous Region of Muslim Mindanao),PARANG PUBLIC MARKET,LOWLAND VEGETABLES,Pechay (Native) - 3-4 SMALL BUNDLES/KG,,2026-02-11T13:58:45.973116+08:00
2026-02-11,150000000,BARMM (Bangsamoro Autonomous Region of Muslim Mindanao),SHARIFF AGUAK PUBLIC MARKET,LOWLAND VEGETABLES,Pechay (Native) - 3-4 SMALL BUNDLES/KG,,2026-02-11T13:58:45.973116+08:00
2026-02-11,150000000,BARMM (Bangsamoro Autonomous Region of Muslim Mindanao),"TUCA PUBLIC MARKET, MARAWI CITY",LOWLAND VEGETABLES,Pechay (Native) - 3-4 SMALL BUNDLES/KG,,2026-02-11T13:58:45.973116+08:00
2026-02-11,150000000,BARMM (Bangsamoro Autonomous Region of Muslim Mindanao),BONGAO PUBLIC MARKET,LOWLAND VEGETABLES,Sitao - 3-4 SMALL BUNDLES/KG,,2026-02-11T13:58:45.973116+08:00
2026-02-11,150000000,BARMM (Bangsamoro Autonomous Region of Muslim Mindanao),COTABATO CITY MEGA MARKET,LOWLAND VEGETABLES,Sitao - 3-4 SMALL BUNDLES/KG,,2026-02-11T13:58:45.973116+08:00
2026-02-11,150000000,BARMM (Bangsamoro Autonomous Region of Muslim Mindanao),COTABATO CITY OLD MARKET,LOWLAND VEGETABLES,Sitao - 3-4 SMALL BUNDLES/KG,,2026-02-11T13:58:45.973116+08:00
2026-02-11,150000000,BARMM (Bangsamoro Autonomous Region of Muslim Mindanao),DATU ODIN SINSUAT PUBLIC MARKET,LOWLAND VEGETABLES,Sitao - 3-4 SMALL BUNDLES/KG,,2026-02-11T13:58:45.973116+08:00
2026-02-11,150000000,BARMM (Bangsamoro Autonomous Region of Muslim Mindanao),DATU PAGLAS PUBLIC MARKET,LOWLAND VEGETABLES,Sitao - 3-4 SMALL BUNDLES/KG,,2026-02-11T13:58:45.973116+08:00
2026-02-11,150000000,BARMM (Bangsamoro Autonomous Region of Muslim Mindanao),"JOLO PUBLIC, SERANTES CHINESE PIER MARKET",LOWLAND VEGETABLES,Sitao - 3-4 SMALL BUNDLES/KG,,2026-02-11T13:58:45.973116+08:00
2026-02-11,150000000,BARMM (Bangsamoro Autonomous Region of Muslim Mindanao),MAIMBUNG PUBLIC MARKET,LOWLAND VEGETABLES,Sitao - 3-4 SMALL BUNDLES/KG,,2026-02-11T13:58:45.973116+08:00
2026-02-11,150000000,BARMM (Bangsamoro Autonomous Region of Muslim Mindanao),MALUSO PUBLIC MARKET,LOWLAND VEGETABLES,Sitao - 3-4 SMALL BUNDLES/KG,,2026-02-11T13:58:45.973116+08:00
2026-02-11,150000000,BARMM (Bangsamoro Autonomous Region of Muslim Mindanao),OMAIRA MARKET,LOWLAND VEGETABLES,Sitao - 3-4 SMALL BUNDLES/KG,,2026-02-11T13:58:45.973116+08:00
2026-02-11,150000000,BARMM (Bangsamoro Autonomous Region of Muslim Mindanao),PARANG PUBLIC MARKET,LOWLAND VEGETABLES,Sitao - 3-4 SMALL BUNDLES/KG,,2026-02-11T13:58:45.973116+08:00
2026-02-11,150000000,BARMM (Bangsamoro Autonomous Region of Muslim Mindanao),SHARIFF AGUAK PUBLIC MARKET,LOWLAND VEGETABLES,Sitao - 3-4 SMALL BUNDLES/KG,,2026-02-11T13:58:45.973116+08:00
2026-02-11,150000000,BARMM (Bangsamoro Autonomous Region of Muslim Mindanao),"TUCA PUBLIC MARKET, MARAWI CITY",LOWLAND VEGETABLES,Sitao - 3-4 SMALL BUNDLES/KG,,2026-02-11T13:58:45.973116+08:00
2026-02-11,150000000,BARMM (Bangsamoro Autonomous Region of Muslim Mindanao),BONGAO PUBLIC MARKET,LOWLAND VEGETABLES,Squash - SUPREMA VARIETY,,2026-02-11T13:58:45.973116+08:00
2026-02-11,150000000,BARMM (Bangsamoro Autonomous Region of Muslim Mindanao),COTABATO CITY MEGA MARKET,LOWLAND VEGETABLES,Squash - SUPREMA VARIETY,,2026-02-11T13:58:45.973116+08:00
2026-02-11,150000000,BARMM (Bangsamoro Autonomous Region of Muslim Mindanao),COTABATO CITY OLD MARKET,LOWLAND VEGETABLES,Squash - SUPREMA VARIETY,,2026-02-11T13:58:45.973116+08:00
2026-02-11,150000000,BARMM (Bangsamoro Autonomous Region of Muslim Mindanao),DATU ODIN SINSUAT PUBLIC MARKET,LOWLAND VEGETABLES,Squash - SUPREMA VARIETY,,2026-02-11T13:58:45.973116+08:00
2026-02-11,150000000,BARMM (Bangsamoro Autonomous Region of Muslim Mindanao),DATU PAGLAS PUBLIC MARKET,LOWLAND VEGETABLES,Squash - SUPREMA VARIETY,,2026-02-11T13:58:45.973116+08:00
2026-02-11,150000000,BARMM (Bangsamoro Autonomous Region of Muslim Mindanao),"JOLO PUBLIC, SERANTES CHINESE PIER MARKET",LOWLAND VEGETABLES,Squash - SUPREMA VARIETY,,2026-02-11T13:58:45.973116+08:00
2026-02-11,150000000,BARMM (Bangsamoro Autonomous Region of Muslim Mindanao),MAIMBUNG PUBLIC MARKET,LOWLAND VEGETABLES,Squash - SUPREMA VARIETY,,2026-02-11T13:58:45.973116+08:00
2026-02-11,150000000,BARMM (Bangsamoro Autonomous Region of Muslim Mindanao),MALUSO PUBLIC MARKET,LOWLAND VEGETABLES,Squash - SUPREMA VARIETY,,2026-02-11T13:58:45.973116+08:00
2026-02-11,150000000,BARMM (Bangsamoro Autonomous Region of Muslim Mindanao),OMAIRA MARKET,LOWLAND VEGETABLES,Squash - SUPREMA VARIETY,,2026-02-11T13:58:45.973116+08:00
2026-02-11,150000000,BARMM (Bangsamoro Autonomous Region of Muslim Mindanao),PARANG PUBLIC MARKET,LOWLAND VEGETABLES,Squash - SUPREMA VARIETY,,2026-02-11T13:58:45.973116+08:00
2026-02-11,150000000,BARMM (Bangsamoro Autonomous Region of Muslim Mindanao),SHARIFF AGUAK PUBLIC MARKET,LOWLAND VEGETABLES,Squash - SUPREMA VARIETY,,2026-02-11T13:58:45.973116+08:00
2026-02-11,150000000,BARMM (Bangsamoro Autonomous Region of Muslim Mindanao),"TUCA PUBLIC MARKET, MARAWI CITY",LOWLAND VEGETABLES,Squash - SUPREMA VARIETY,,2026-02-11T13:58:45.973116+08:00
2026-02-11,150000000,BARMM (Bangsamoro Autonomous Region of Muslim Mindanao),BONGAO PUBLIC MARKET,LOWLAND VEGETABLES,Tomato - 15-18 PCS/KG,,2026-02-11T13:58:45.973116+08:00
2026-02-11,150000000,BARMM (Bangsamoro Autonomous Region of Muslim Mindanao),COTABATO CITY MEGA MARKET,LOWLAND VEGETABLES,Tomato - 15-18 PCS/KG,,2026-02-11T13:58:45.973116+08:00
2026-02-11,150000000,BARMM (Bangsamoro Autonomous Region of Muslim Mindanao),COTABATO CITY OLD MARKET,LOWLAND VEGETABLES,Tomato - 15-18 PCS/KG,,2026-02-11T13:58:45.973116+08:00
2026-02-11,150000000,BARMM (Bangsamoro Autonomous Region of Muslim Mindanao),DATU ODIN SINSUAT PUBLIC MARKET,LOWLAND VEGETABLES,Tomato - 15-18 PCS/KG,,2026-02-11T13:58:45.973116+08:00
2026-02-11,150000000,BARMM (Bangsamoro Autonomous Region of Muslim Mindanao),DATU PAGLAS PUBLIC MARKET,LOWLAND VEGETABLES,Tomato - 15-18 PCS/KG,,2026-02-11T13:58:45.973116+08:00
2026-02-11,150000000,BARMM (Bangsamoro Autonomous Region of Muslim Mindanao),"JOLO PUBLIC, SERANTES CHINESE PIER MARKET",LOWLAND VEGETABLES,Tomato - 15-18 PCS/KG,,2026-02-11T13:58:45.973116+08:00
2026-02-11,150000000,BARMM (Bangsamoro Autonomous Region of Muslim Mindanao),MAIMBUNG PUBLIC MARKET,LOWLAND VEGETABLES,Tomato - 15-18 PCS/KG,,2026-02-11T13:58:45.973116+08:00
2026-02-11,150000000,BARMM (Bangsamoro Autonomous Region of Muslim Mindanao),MALUSO PUBLIC MARKET,LOWLAND VEGETABLES,Tomato - 15-18 PCS/KG,,2026-02-11T13:58:45.973116+08:00
2026-02-11,150000000,BARMM (Bangsamoro Autonomous Region of Muslim Mindanao),OMAIRA MARKET,LOWLAND VEGETABLES,Tomato - 15-18 PCS/KG,,2026-02-11T13:58:45.973116+08:00
2026-02-11,150000000,BARMM (Bangsamoro Autonomous Region of Muslim Mindanao),PARANG PUBLIC MARKET,LOWLAND VEGETABLES,Tomato - 15-18 PCS/KG,,2026-02-11T13:58:45.973116+08:00
2026-02-11,150000000,BARMM (Bangsamoro Autonomous Region of Muslim Mindanao),SHARIFF AGUAK PUBLIC MARKET,LOWLAND VEGETABLES,Tomato - 15-18 PCS/KG,,2026-02-11T13:58:45.973116+08:00
2026-02-11,150000000,BARMM (Bangsamoro Autonomous Region of Muslim Mindanao),"TUCA PUBLIC MARKET, MARAWI CITY",LOWLAND VEGETABLES,Tomato - 15-18 PCS/KG,,2026-02-11T13:58:45.973116+08:00
2026-02-11,150000000,BARMM (Bangsamoro Autonomous Region of Muslim Mindanao),BONGAO PUBLIC MARKET,MEAT AND POULTRY,Beef Brisket - MEAT WITH BONES,,2026-02-11T13:58:45.973116+08:00
2026-02-11,150000000,BARMM (Bangsamoro Autonomous Region of Muslim Mindanao),COTABATO CITY MEGA MARKET,MEAT AND POULTRY,Beef Brisket - MEAT WITH BONES,,2026-02-11T13:58:45.973116+08:00
2026-02-11,150000000,BARMM (Bangsamoro Autonomous Region of Muslim Mindanao),COTABATO CITY OLD MARKET,MEAT AND POULTRY,Beef Brisket - MEAT WITH BONES,,2026-02-11T13:58:45.973116+08:00
2026-02-11,150000000,BARMM (Bangsamoro Autonomous Region of Muslim Mindanao),DATU ODIN SINSUAT PUBLIC MARKET,MEAT AND POULTRY,Beef Brisket - MEAT WITH BONES,,2026-02-11T13:58:45.973116+08:00
2026-02-11,150000000,BARMM (Bangsamoro Autonomous Region of Muslim Mindanao),DATU PAGLAS PUBLIC MARKET,MEAT AND POULTRY,Beef Brisket - MEAT WITH BONES,,2026-02-11T13:58:45.973116+08:00
2026-02-11,150000000,BARMM (Bangsamoro Autonomous Region of Muslim Mindanao),"JOLO PUBLIC, SERANTES CHINESE PIER MARKET",MEAT AND POULTRY,Beef Brisket - MEAT WITH BONES,,2026-02-11T13:58:45.973116+08:00
2026-02-11,150000000,BARMM (Bangsamoro Autonomous Region of Muslim Mindanao),LAMITAN CITY PUBLIC MARKET,MEAT AND POULTRY,Beef Brisket - MEAT WITH BONES,,2026-02-11T13:58:45.973116+08:00
2026-02-11,150000000,BARMM (Bangsamoro Autonomous Region of Muslim Mindanao),MAIMBUNG PUBLIC MARKET,MEAT AND POULTRY,Beef Brisket - MEAT WITH BONES,,2026-02-11T13:58:45.973116+08:00
2026-02-11,150000000,BARMM (Bangsamoro Autonomous Region of Muslim Mindanao),MALUSO PUBLIC MARKET,MEAT AND POULTRY,Beef Brisket - MEAT WITH BONES,,2026-02-11T13:58:45.973116+08:00
2026-02-11,150000000,BARMM (Bangsamoro Autonomous Region of Muslim Mindanao),OMAIRA MARKET,MEAT AND POULTRY,Beef Brisket - MEAT WITH BONES,,2026-02-11T13:58:45.973116+08:00
2026-02-11,150000000,BARMM (Bangsamoro Autonomous Region of Muslim Mindanao),PARANG PUBLIC MARKET,MEAT AND POULTRY,Beef Brisket - MEAT WITH BONES,,2026-02-11T13:58:45.973116+08:00
2026-02-11,150000000,BARMM (Bangsamoro Autonomous Region of Muslim Mindanao),SHARIFF AGUAK PUBLIC MARKET,MEAT AND POULTRY,Beef Brisket - MEAT WITH BONES,,2026-02-11T13:58:45.973116+08:00
2026-02-11,150000000,BARMM (Bangsamoro Autonomous Region of Muslim Mindanao),"TUCA PUBLIC MARKET, MARAWI CITY",MEAT AND POULTRY,Beef Brisket - MEAT WITH BONES,,2026-02-11T13:58:45.973116+08:00
2026-02-11,150000000,BARMM (Bangsamoro Autonomous Region of Muslim Mindanao),BONGAO PUBLIC MARKET,MEAT AND POULTRY,Beef Rump - LEAN MEAT / TAPADERA,,2026-02-11T13:58:45.973116+08:00
2026-02-11,150000000,BARMM (Bangsamoro Autonomous Region of Muslim Mindanao),COTABATO CITY MEGA MARKET,MEAT AND POULTRY,Beef Rump - LEAN MEAT / TAPADERA,,2026-02-11T13:58:45.973116+08:00
2026-02-11,150000000,BARMM (Bangsamoro Autonomous Region of Muslim Mindanao),COTABATO CITY OLD MARKET,MEAT AND POULTRY,Beef Rump - LEAN MEAT / TAPADERA,,2026-02-11T13:58:45.973116+08:00
2026-02-11,150000000,BARMM (Bangsamoro Autonomous Region of Muslim Mindanao),DATU ODIN SINSUAT PUBLIC MARKET,MEAT AND POULTRY,Beef Rump - LEAN MEAT / TAPADERA,,2026-02-11T13:58:45.973116+08:00
2026-02-11,150000000,BARMM (Bangsamoro Autonomous Region of Muslim Mindanao),DATU PAGLAS PUBLIC MARKET,MEAT AND POULTRY,Beef Rump - LEAN MEAT / TAPADERA,,2026-02-11T13:58:45.973116+08:00
2026-02-11,150000000,BARMM (Bangsamoro Autonomous Region of Muslim Mindanao),"JOLO PUBLIC, SERANTES CHINESE PIER MARKET",MEAT AND POULTRY,Beef Rump - LEAN MEAT / TAPADERA,,2026-02-11T13:58:45.973116+08:00
2026-02-11,150000000,BARMM (Bangsamoro Autonomous Region of Muslim Mindanao),LAMITAN CITY PUBLIC MARKET,MEAT AND POULTRY,Beef Rump - LEAN MEAT / TAPADERA,,2026-02-11T13:58:45.973116+08:00
2026-02-11,150000000,BARMM (Bangsamoro Autonomous Region of Muslim Mindanao),MAIMBUNG PUBLIC MARKET,MEAT AND POULTRY,Beef Rump - LEAN MEAT / TAPADERA,,2026-02-11T13:58:45.973116+08:00
2026-02-11,150000000,BARMM (Bangsamoro Autonomous Region of Muslim Mindanao),MALUSO PUBLIC MARKET,MEAT AND POULTRY,Beef Rump - LEAN MEAT / TAPADERA,,2026-02-11T13:58:45.973116+08:00
2026-02-11,150000000,BARMM (Bangsamoro Autonomous Region of Muslim Mindanao),OMAIRA MARKET,MEAT AND POULTRY,Beef Rump - LEAN MEAT / TAPADERA,,2026-02-11T13:58:45.973116+08:00
2026-02-11,150000000,BARMM (Bangsamoro Autonomous Region of Muslim Mindanao),PARANG PUBLIC MARKET,MEAT AND POULTRY,Beef Rump - LEAN MEAT / TAPADERA,,2026-02-11T13:58:45.973116+08:00
2026-02-11,150000000,BARMM (Bangsamoro Autonomous Region of Muslim Mindanao),SHARIFF AGUAK PUBLIC MARKET,MEAT AND POULTRY,Beef Rump - LEAN MEAT / TAPADERA,,2026-02-11T13:58:45.973116+08:00
2026-02-11,150000000,BARMM (Bangsamoro Autonomous Region of Muslim Mindanao),"TUCA PUBLIC MARKET, MARAWI CITY",MEAT AND POULTRY,Beef Rump - LEAN MEAT / TAPADERA,,2026-02-11T13:58:45.973116+08:00
2026-02-11,150000000,BARMM (Bangsamoro Autonomous Region of Muslim Mindanao),BONGAO PUBLIC MARKET,MEAT AND POULTRY,"Chicken Egg (Brown, Extra Large) - Extra Large",,2026-02-11T13:58:45.973116+08:00
2026-02-11,150000000,BARMM (Bangsamoro Autonomous Region of Muslim Mindanao),COTABATO CITY MEGA MARKET,MEAT AND POULTRY,"Chicken Egg (Brown, Extra Large) - Extra Large",,2026-02-11T13:58:45.973116+08:00
2026-02-11,150000000,BARMM (Bangsamoro Autonomous Region of Muslim Mindanao),COTABATO CITY OLD MARKET,MEAT AND POULTRY,"Chicken Egg (Brown, Extra Large) - Extra Large",,2026-02-11T13:58:45.973116+08:00
2026-02-11,150000000,BARMM (Bangsamoro Autonomous Region of Muslim Mindanao),DATU ODIN SINSUAT PUBLIC MARKET,MEAT AND POULTRY,"Chicken Egg (Brown, Extra Large) - Extra Large",,2026-02-11T13:58:45.973116+08:00
2026-02-11,150000000,BARMM (Bangsamoro Autonomous Region of Muslim Mindanao),DATU PAGLAS PUBLIC MARKET,MEAT AND POULTRY,"Chicken Egg (Brown, Extra Large) - Extra Large",,2026-02-11T13:58:45.973116+08:00
2026-02-11,150000000,BARMM (Bangsamoro Autonomous Region of Muslim Mindanao),"JOLO PUBLIC, SERANTES CHINESE PIER MARKET",MEAT AND POULTRY,"Chicken Egg (Brown, Extra Large) - Extra Large",,2026-02-11T13:58:45.973116+08:00
2026-02-11,150000000,BARMM (Bangsamoro Autonomous Region of Muslim Mindanao),LAMITAN CITY PUBLIC MARKET,MEAT AND POULTRY,"Chicken Egg (Brown, Extra Large) - Extra Large",,2026-02-11T13:58:45.973116+08:00
2026-02-11,150000000,BARMM (Bangsamoro Autonomous Region of Muslim Mindanao),MAIMBUNG PUBLIC MARKET,MEAT AND POULTRY,"Chicken Egg (Brown, Extra Large) - Extra Large",,2026-02-11T13:58:45.973116+08:00
2026-02-11,150000000,BARMM (Bangsamoro Autonomous Region of Muslim Mindanao),MALUSO PUBLIC MARKET,MEAT AND POULTRY,"Chicken Egg (Brown, Extra Large) - Extra Large",,2026-02-11T13:58:45.973116+08:00
2026-02-11,150000000,BARMM (Bangsamoro Autonomous Region of Muslim Mindanao),OMAIRA MARKET,MEAT AND POULTRY,"Chicken Egg (Brown, Extra Large) - Extra Large",,2026-02-11T13:58:45.973116+08:00
2026-02-11,150000000,BARMM (Bangsamoro Autonomous Region of Muslim Mindanao),PARANG PUBLIC MARKET,MEAT AND POULTRY,"Chicken Egg (Brown, Extra Large) - Extra Large",,2026-02-11T13:58:45.973116+08:00
2026-02-11,150000000,BARMM (Bangsamoro Autonomous Region of Muslim Mindanao),SHARIFF AGUAK PUBLIC MARKET,MEAT AND POULTRY,"Chicken Egg (Brown, Extra Large) - Extra Large",,2026-02-11T13:58:45.973116+08:00
2026-02-11,150000000,BARMM (Bangsamoro Autonomous Region of Muslim Mindanao),"TUCA PUBLIC MARKET, MARAWI CITY",MEAT AND POULTRY,"Chicken Egg (Brown, Extra Large) - Extra Large",,2026-02-11T13:58:45.973116+08:00
2026-02-11,150000000,BARMM (Bangsamoro Autonomous Region of Muslim Mindanao),BONGAO PUBLIC MARKET,MEAT AND POULTRY,"Chicken Egg (Brown, Large) - Large",,2026-02-11T13:58:45.973116+08:00
2026-02-11,150000000,BARMM (Bangsamoro Autonomous Region of Muslim Mindanao),COTABATO CITY MEGA MARKET,MEAT AND POULTRY,"Chicken Egg (Brown, Large) - Large",,2026-02-11T13:58:45.973116+08:00
2026-02-11,150000000,BARMM (Bangsamoro Autonomous Region of Muslim Mindanao),COTABATO CITY OLD MARKET,MEAT AND POULTRY,"Chicken Egg (Brown, Large) - Large",,2026-02-11T13:58:45.973116+08:00
2026-02-11,150000000,BARMM (Bangsamoro Autonomous Region of Muslim Mindanao),DATU ODIN SINSUAT PUBLIC MARKET,MEAT AND POULTRY,"Chicken Egg (Brown, Large) - Large",,2026-02-11T13:58:45.973116+08:00
2026-02-11,150000000,BARMM (Bangsamoro Autonomous Region of Muslim Mindanao),DATU PAGLAS PUBLIC MARKET,MEAT AND POULTRY,"Chicken Egg (Brown, Large) - Large",,2026-02-11T13:58:45.973116+08:00
2026-02-11,150000000,BARMM (Bangsamoro Autonomous Region of Muslim Mindanao),"JOLO PUBLIC, SERANTES CHINESE PIER MARKET",MEAT AND POULTRY,"Chicken Egg (Brown, Large) - Large",,2026-02-11T13:58:45.973116+08:00
2026-02-11,150000000,BARMM (Bangsamoro Autonomous Region of Muslim Mindanao),LAMITAN CITY PUBLIC MARKET,MEAT AND POULTRY,"Chicken Egg (Brown, Large) - Large",,2026-02-11T13:58:45.973116+08:00
2026-02-11,150000000,BARMM (Bangsamoro Autonomous Region of Muslim Mindanao),MAIMBUNG PUBLIC MARKET,MEAT AND POULTRY,"Chicken Egg (Brown, Large) - Large",,2026-02-11T13:58:45.973116+08:00
2026-02-11,150000000,BARMM (Bangsamoro Autonomous Region of Muslim Mindanao),MALUSO PUBLIC MARKET,MEAT AND POULTRY,"Chicken Egg (Brown, Large) - Large",,2026-02-11T13:58:45.973116+08:00
2026-02-11,150000000,BARMM (Bangsamoro Autonomous Region of Muslim Mindanao),OMAIRA MARKET,MEAT AND POULTRY,"Chicken Egg (Brown, Large) - Large",,2026-02-11T13:58:45.973116+08:00
2026-02-11,150000000,BARMM (Bangsamoro Autonomous Region of Muslim Mindanao),PARANG PUBLIC MARKET,MEAT AND POULTRY,"Chicken Egg (Brown, Large) - Large",,2026-02-11T13:58:45.973116+08:00
2026-02-11,150000000,BARMM (Bangsamoro Autonomous Region of Muslim Mindanao),SHARIFF AGUAK PUBLIC MARKET,MEAT AND POULTRY,"Chicken Egg (Brown, Large) - Large",,2026-02-11T13:58:45.973116+08:00
2026-02-11,150000000,BARMM (Bangsamoro Autonomous Region of Muslim Mindanao),"TUCA PUBLIC MARKET, MARAWI CITY",MEAT AND POULTRY,"Chicken Egg (Brown, Large) - Large",,2026-02-11T13:58:45.973116+08:00
2026-02-11,150000000,BARMM (Bangsamoro Autonomous Region of Muslim Mindanao),BONGAO PUBLIC MARKET,MEAT AND POULTRY,"Chicken Egg (Brown, Medium) - Medium",,2026-02-11T13:58:45.973116+08:00
2026-02-11,150000000,BARMM (Bangsamoro Autonomous Region of Muslim Mindanao),COTABATO CITY MEGA MARKET,MEAT AND POULTRY,"Chicken Egg (Brown, Medium) - Medium",,2026-02-11T13:58:45.973116+08:00
2026-02-11,150000000,BARMM (Bangsamoro Autonomous Region of Muslim Mindanao),COTABATO CITY OLD MARKET,MEAT AND POULTRY,"Chicken Egg (Brown, Medium) - Medium",,2026-02-11T13:58:45.973116+08:00
2026-02-11,150000000,BARMM (Bangsamoro Autonomous Region of Muslim Mindanao),DATU ODIN SINSUAT PUBLIC MARKET,MEAT AND POULTRY,"Chicken Egg (Brown, Medium) - Medium",,2026-02-11T13:58:45.973116+08:00
2026-02-11,150000000,BARMM (Bangsamoro Autonomous Region of Muslim Mindanao),DATU PAGLAS PUBLIC MARKET,MEAT AND POULTRY,"Chicken Egg (Brown, Medium) - Medium",,2026-02-11T13:58:45.973116+08:00
2026-02-11,150000000,BARMM (Bangsamoro Autonomous Region of Muslim Mindanao),"JOLO PUBLIC, SERANTES CHINESE PIER MARKET",MEAT AND POULTRY,"Chicken Egg (Brown, Medium) - Medium",,2026-02-11T13:58:45.973116+08:00
2026-02-11,150000000,BARMM (Bangsamoro Autonomous Region of Muslim Mindanao),LAMITAN CITY PUBLIC MARKET,MEAT AND POULTRY,"Chicken Egg (Brown, Medium) - Medium",,2026-02-11T13:58:45.973116+08:00
2026-02-11,150000000,BARMM (Bangsamoro Autonomous Region of Muslim Mindanao),MAIMBUNG PUBLIC MARKET,MEAT AND POULTRY,"Chicken Egg (Brown, Medium) - Medium",,2026-02-11T13:58:45.973116+08:00
2026-02-11,150000000,BARMM (Bangsamoro Autonomous Region of Muslim Mindanao),MALUSO PUBLIC MARKET,MEAT AND POULTRY,"Chicken Egg (Brown, Medium) - Medium",,2026-02-11T13:58:45.973116+08:00
2026-02-11,150000000,BARMM (Bangsamoro Autonomous Region of Muslim Mindanao),OMAIRA MARKET,MEAT AND POULTRY,"Chicken Egg (Brown, Medium) - Medium",,2026-02-11T13:58:45.973116+08:00
2026-02-11,150000000,BARMM (Bangsamoro Autonomous Region of Muslim Mindanao),PARANG PUBLIC MARKET,MEAT AND POULTRY,"Chicken Egg (Brown, Medium) - Medium",,2026-02-11T13:58:45.973116+08:00
2026-02-11,150000000,BARMM (Bangsamoro Autonomous Region of Muslim Mindanao),SHARIFF AGUAK PUBLIC MARKET,MEAT AND POULTRY,"Chicken Egg (Brown, Medium) - Medium",,2026-02-11T13:58:45.973116+08:00
2026-02-11,150000000,BARMM (Bangsamoro Autonomous Region of Muslim Mindanao),"TUCA PUBLIC MARKET, MARAWI CITY",MEAT AND POULTRY,"Chicken Egg (Brown, Medium) - Medium",,2026-02-11T13:58:45.973116+08:00
2026-02-11,150000000,BARMM (Bangsamoro Autonomous Region of Muslim Mindanao),BONGAO PUBLIC MARKET,MEAT AND POULTRY,"Chicken Egg (White, Extra Large) - 66-70 grams/pc",,2026-02-11T13:58:45.973116+08:00
2026-02-11,150000000,BARMM (Bangsamoro Autonomous Region of Muslim Mindanao),COTABATO CITY MEGA MARKET,MEAT AND POULTRY,"Chicken Egg (White, Extra Large) - 66-70 grams/pc",,2026-02-11T13:58:45.973116+08:00
2026-02-11,150000000,BARMM (Bangsamoro Autonomous Region of Muslim Mindanao),COTABATO CITY OLD MARKET,MEAT AND POULTRY,"Chicken Egg (White, Extra Large) - 66-70 grams/pc",,2026-02-11T13:58:45.973116+08:00
2026-02-11,150000000,BARMM (Bangsamoro Autonomous Region of Muslim Mindanao),DATU ODIN SINSUAT PUBLIC MARKET,MEAT AND POULTRY,"Chicken Egg (White, Extra Large) - 66-70 grams/pc",,2026-02-11T13:58:45.973116+08:00
2026-02-11,150000000,BARMM (Bangsamoro Autonomous Region of Muslim Mindanao),DATU PAGLAS PUBLIC MARKET,MEAT AND POULTRY,"Chicken Egg (White, Extra Large) - 66-70 grams/pc",,2026-02-11T13:58:45.973116+08:00
2026-02-11,150000000,BARMM (Bangsamoro Autonomous Region of Muslim Mindanao),"JOLO PUBLIC, SERANTES CHINESE PIER MARKET",MEAT AND POULTRY,"Chicken Egg (White, Extra Large) - 66-70 grams/pc",,2026-02-11T13:58:45.973116+08:00
2026-02-11,150000000,BARMM (Bangsamoro Autonomous Region of Muslim Mindanao),MAIMBUNG PUBLIC MARKET,MEAT AND POULTRY,"Chicken Egg (White, Extra Large) - 66-70 grams/pc",,2026-02-11T13:58:45.973116+08:00
2026-02-11,150000000,BARMM (Bangsamoro Autonomous Region of Muslim Mindanao),MALUSO PUBLIC MARKET,MEAT AND POULTRY,"Chicken Egg (White, Extra Large) - 66-70 grams/pc",,2026-02-11T13:58:45.973116+08:00
2026-02-11,150000000,BARMM (Bangsamoro Autonomous Region of Muslim Mindanao),OMAIRA MARKET,MEAT AND POULTRY,"Chicken Egg (White, Extra Large) - 66-70 grams/pc",,2026-02-11T13:58:45.973116+08:00
2026-02-11,150000000,BARMM (Bangsamoro Autonomous Region of Muslim Mindanao),PARANG PUBLIC MARKET,MEAT AND POULTRY,"Chicken Egg (White, Extra Large) - 66-70 grams/pc",,2026-02-11T13:58:45.973116+08:00
2026-02-11,150000000,BARMM (Bangsamoro Autonomous Region of Muslim Mindanao),SHARIFF AGUAK PUBLIC MARKET,MEAT AND POULTRY,"Chicken Egg (White, Extra Large) - 66-70 grams/pc",,2026-02-11T13:58:45.973116+08:00
2026-02-11,150000000,BARMM (Bangsamoro Autonomous Region of Muslim Mindanao),"TUCA PUBLIC MARKET, MARAWI CITY",MEAT AND POULTRY,"Chicken Egg (White, Extra Large) - 66-70 grams/pc",,2026-02-11T13:58:45.973116+08:00
2026-02-11,150000000,BARMM (Bangsamoro Autonomous Region of Muslim Mindanao),BONGAO PUBLIC MARKET,MEAT AND POULTRY,"Chicken Egg (White, Extra Small) - 46-50 grams/pc",,2026-02-11T13:58:45.973116+08:00
2026-02-11,150000000,BARMM (Bangsamoro Autonomous Region of Muslim Mindanao),COTABATO CITY MEGA MARKET,MEAT AND POULTRY,"Chicken Egg (White, Extra Small) - 46-50 grams/pc",,2026-02-11T13:58:45.973116+08:00
2026-02-11,150000000,BARMM (Bangsamoro Autonomous Region of Muslim Mindanao),COTABATO CITY OLD MARKET,MEAT AND POULTRY,"Chicken Egg (White, Extra Small) - 46-50 grams/pc",,2026-02-11T13:58:45.973116+08:00
2026-02-11,150000000,BARMM (Bangsamoro Autonomous Region of Muslim Mindanao),DATU ODIN SINSUAT PUBLIC MARKET,MEAT AND POULTRY,"Chicken Egg (White, Extra Small) - 46-50 grams/pc",,2026-02-11T13:58:45.973116+08:00
2026-02-11,150000000,BARMM (Bangsamoro Autonomous Region of Muslim Mindanao),DATU PAGLAS PUBLIC MARKET,MEAT AND POULTRY,"Chicken Egg (White, Extra Small) - 46-50 grams/pc",,2026-02-11T13:58:45.973116+08:00
2026-02-11,150000000,BARMM (Bangsamoro Autonomous Region of Muslim Mindanao),"JOLO PUBLIC, SERANTES CHINESE PIER MARKET",MEAT AND POULTRY,"Chicken Egg (White, Extra Small) - 46-50 grams/pc",,2026-02-11T13:58:45.973116+08:00
2026-02-11,150000000,BARMM (Bangsamoro Autonomous Region of Muslim Mindanao),LAMITAN CITY PUBLIC MARKET,MEAT AND POULTRY,"Chicken Egg (White, Extra Small) - 46-50 grams/pc",,2026-02-11T13:58:45.973116+08:00
2026-02-11,150000000,BARMM (Bangsamoro Autonomous Region of Muslim Mindanao),MAIMBUNG PUBLIC MARKET,MEAT AND POULTRY,"Chicken Egg (White, Extra Small) - 46-50 grams/pc",,2026-02-11T13:58:45.973116+08:00
2026-02-11,150000000,BARMM (Bangsamoro Autonomous Region of Muslim Mindanao),MALUSO PUBLIC MARKET,MEAT AND POULTRY,"Chicken Egg (White, Extra Small) - 46-50 grams/pc",,2026-02-11T13:58:45.973116+08:00
2026-02-11,150000000,BARMM (Bangsamoro Autonomous Region of Muslim Mindanao),OMAIRA MARKET,MEAT AND POULTRY,"Chicken Egg (White, Extra Small) - 46-50 grams/pc",,2026-02-11T13:58:45.973116+08:00
2026-02-11,150000000,BARMM (Bangsamoro Autonomous Region of Muslim Mindanao),PARANG PUBLIC MARKET,MEAT AND POULTRY,"Chicken Egg (White, Extra Small) - 46-50 grams/pc",,2026-02-11T13:58:45.973116+08:00
2026-02-11,150000000,BARMM (Bangsamoro Autonomous Region of Muslim Mindanao),SHARIFF AGUAK PUBLIC MARKET,MEAT AND POULTRY,"Chicken Egg (White, Extra Small) - 46-50 grams/pc",,2026-02-11T13:58:45.973116+08:00
2026-02-11,150000000,BARMM (Bangsamoro Autonomous Region of Muslim Mindanao),"TUCA PUBLIC MARKET, MARAWI CITY",MEAT AND POULTRY,"Chicken Egg (White, Extra Small) - 46-50 grams/pc",,2026-02-11T13:58:45.973116+08:00
2026-02-11,150000000,BARMM (Bangsamoro Autonomous Region of Muslim Mindanao),BONGAO PUBLIC MARKET,MEAT AND POULTRY,"Chicken Egg (White, Jumbo) - 71> grams/pc",,2026-02-11T13:58:45.973116+08:00
2026-02-11,150000000,BARMM (Bangsamoro Autonomous Region of Muslim Mindanao),COTABATO CITY MEGA MARKET,MEAT AND POULTRY,"Chicken Egg (White, Jumbo) - 71> grams/pc",,2026-02-11T13:58:45.973116+08:00
2026-02-11,150000000,BARMM (Bangsamoro Autonomous Region of Muslim Mindanao),COTABATO CITY OLD MARKET,MEAT AND POULTRY,"Chicken Egg (White, Jumbo) - 71> grams/pc",,2026-02-11T13:58:45.973116+08:00
2026-02-11,150000000,BARMM (Bangsamoro Autonomous Region of Muslim Mindanao),DATU ODIN SINSUAT PUBLIC MARKET,MEAT AND POULTRY,"Chicken Egg (White, Jumbo) - 71> grams/pc",,2026-02-11T13:58:45.973116+08:00
2026-02-11,150000000,BARMM (Bangsamoro Autonomous Region of Muslim Mindanao),DATU PAGLAS PUBLIC MARKET,MEAT AND POULTRY,"Chicken Egg (White, Jumbo) - 71> grams/pc",,2026-02-11T13:58:45.973116+08:00
2026-02-11,150000000,BARMM (Bangsamoro Autonomous Region of Muslim Mindanao),"JOLO PUBLIC, SERANTES CHINESE PIER MARKET",MEAT AND POULTRY,"Chicken Egg (White, Jumbo) - 71> grams/pc",,2026-02-11T13:58:45.973116+08:00
2026-02-11,150000000,BARMM (Bangsamoro Autonomous Region of Muslim Mindanao),LAMITAN CITY PUBLIC MARKET,MEAT AND POULTRY,"Chicken Egg (White, Jumbo) - 71> grams/pc",,2026-02-11T13:58:45.973116+08:00
2026-02-11,150000000,BARMM (Bangsamoro Autonomous Region of Muslim Mindanao),MAIMBUNG PUBLIC MARKET,MEAT AND POULTRY,"Chicken Egg (White, Jumbo) - 71> grams/pc",,2026-02-11T13:58:45.973116+08:00
2026-02-11,150000000,BARMM (Bangsamoro Autonomous Region of Muslim Mindanao),MALUSO PUBLIC MARKET,MEAT AND POULTRY,"Chicken Egg (White, Jumbo) - 71> grams/pc",,2026-02-11T13:58:45.973116+08:00
2026-02-11,150000000,BARMM (Bangsamoro Autonomous Region of Muslim Mindanao),OMAIRA MARKET,MEAT AND POULTRY,"Chicken Egg (White, Jumbo) - 71> grams/pc",,2026-02-11T13:58:45.973116+08:00
2026-02-11,150000000,BARMM (Bangsamoro Autonomous Region of Muslim Mindanao),PARANG PUBLIC MARKET,MEAT AND POULTRY,"Chicken Egg (White, Jumbo) - 71> grams/pc",,2026-02-11T13:58:45.973116+08:00
2026-02-11,150000000,BARMM (Bangsamoro Autonomous Region of Muslim Mindanao),SHARIFF AGUAK PUBLIC MARKET,MEAT AND POULTRY,"Chicken Egg (White, Jumbo) - 71> grams/pc",,2026-02-11T13:58:45.973116+08:00
2026-02-11,150000000,BARMM (Bangsamoro Autonomous Region of Muslim Mindanao),"TUCA PUBLIC MARKET, MARAWI CITY",MEAT AND POULTRY,"Chicken Egg (White, Jumbo) - 71> grams/pc",,2026-02-11T13:58:45.973116+08:00
2026-02-11,150000000,BARMM (Bangsamoro Autonomous Region of Muslim Mindanao),BONGAO PUBLIC MARKET,MEAT AND POULTRY,"Chicken Egg (White, Large) - 61-65 grams/pc",,2026-02-11T13:58:45.973116+08:00
2026-02-11,150000000,BARMM (Bangsamoro Autonomous Region of Muslim Mindanao),COTABATO CITY MEGA MARKET,MEAT AND POULTRY,"Chicken Egg (White, Large) - 61-65 grams/pc",,2026-02-11T13:58:45.973116+08:00
2026-02-11,150000000,BARMM (Bangsamoro Autonomous Region of Muslim Mindanao),COTABATO CITY OLD MARKET,MEAT AND POULTRY,"Chicken Egg (White, Large) - 61-65 grams/pc",,2026-02-11T13:58:45.973116+08:00
2026-02-11,150000000,BARMM (Bangsamoro Autonomous Region of Muslim Mindanao),DATU ODIN SINSUAT PUBLIC MARKET,MEAT AND POULTRY,"Chicken Egg (White, Large) - 61-65 grams/pc",,2026-02-11T13:58:45.973116+08:00
2026-02-11,150000000,BARMM (Bangsamoro Autonomous Region of Muslim Mindanao),DATU PAGLAS PUBLIC MARKET,MEAT AND POULTRY,"Chicken Egg (White, Large) - 61-65 grams/pc",,2026-02-11T13:58:45.973116+08:00
2026-02-11,150000000,BARMM (Bangsamoro Autonomous Region of Muslim Mindanao),"JOLO PUBLIC, SERANTES CHINESE PIER MARKET",MEAT AND POULTRY,"Chicken Egg (White, Large) - 61-65 grams/pc",,2026-02-11T13:58:45.973116+08:00
2026-02-11,150000000,BARMM (Bangsamoro Autonomous Region of Muslim Mindanao),MAIMBUNG PUBLIC MARKET,MEAT AND POULTRY,"Chicken Egg (White, Large) - 61-65 grams/pc",,2026-02-11T13:58:45.973116+08:00
2026-02-11,150000000,BARMM (Bangsamoro Autonomous Region of Muslim Mindanao),MALUSO PUBLIC MARKET,MEAT AND POULTRY,"Chicken Egg (White, Large) - 61-65 grams/pc",,2026-02-11T13:58:45.973116+08:00
2026-02-11,150000000,BARMM (Bangsamoro Autonomous Region of Muslim Mindanao),OMAIRA MARKET,MEAT AND POULTRY,"Chicken Egg (White, Large) - 61-65 grams/pc",,2026-02-11T13:58:45.973116+08:00
2026-02-11,150000000,BARMM (Bangsamoro Autonomous Region of Muslim Mindanao),PARANG PUBLIC MARKET,MEAT AND POULTRY,"Chicken Egg (White, Large) - 61-65 grams/pc",,2026-02-11T13:58:45.973116+08:00
2026-02-11,150000000,BARMM (Bangsamoro Autonomous Region of Muslim Mindanao),SHARIFF AGUAK PUBLIC MARKET,MEAT AND POULTRY,"Chicken Egg (White, Large) - 61-65 grams/pc",,2026-02-11T13:58:45.973116+08:00
2026-02-11,150000000,BARMM (Bangsamoro Autonomous Region of Muslim Mindanao),"TUCA PUBLIC MARKET, MARAWI CITY",MEAT AND POULTRY,"Chicken Egg (White, Large) - 61-65 grams/pc",,2026-02-11T13:58:45.973116+08:00
2026-02-11,150000000,BARMM (Bangsamoro Autonomous Region of Muslim Mindanao),BONGAO PUBLIC MARKET,MEAT AND POULTRY,"Chicken Egg (White, Medium) - 56-60 grams/pc",,2026-02-11T13:58:45.973116+08:00
2026-02-11,150000000,BARMM (Bangsamoro Autonomous Region of Muslim Mindanao),COTABATO CITY MEGA MARKET,MEAT AND POULTRY,"Chicken Egg (White, Medium) - 56-60 grams/pc",,2026-02-11T13:58:45.973116+08:00
2026-02-11,150000000,BARMM (Bangsamoro Autonomous Region of Muslim Mindanao),COTABATO CITY OLD MARKET,MEAT AND POULTRY,"Chicken Egg (White, Medium) - 56-60 grams/pc",,2026-02-11T13:58:45.973116+08:00
2026-02-11,150000000,BARMM (Bangsamoro Autonomous Region of Muslim Mindanao),DATU ODIN SINSUAT PUBLIC MARKET,MEAT AND POULTRY,"Chicken Egg (White, Medium) - 56-60 grams/pc",,2026-02-11T13:58:45.973116+08:00
2026-02-11,150000000,BARMM (Bangsamoro Autonomous Region of Muslim Mindanao),DATU PAGLAS PUBLIC MARKET,MEAT AND POULTRY,"Chicken Egg (White, Medium) - 56-60 grams/pc",,2026-02-11T13:58:45.973116+08:00
2026-02-11,150000000,BARMM (Bangsamoro Autonomous Region of Muslim Mindanao),"JOLO PUBLIC, SERANTES CHINESE PIER MARKET",MEAT AND POULTRY,"Chicken Egg (White, Medium) - 56-60 grams/pc",,2026-02-11T13:58:45.973116+08:00
2026-02-11,150000000,BARMM (Bangsamoro Autonomous Region of Muslim Mindanao),MAIMBUNG PUBLIC MARKET,MEAT AND POULTRY,"Chicken Egg (White, Medium) - 56-60 grams/pc",,2026-02-11T13:58:45.973116+08:00
2026-02-11,150000000,BARMM (Bangsamoro Autonomous Region of Muslim Mindanao),MALUSO PUBLIC MARKET,MEAT AND POULTRY,"Chicken Egg (White, Medium) - 56-60 grams/pc",,2026-02-11T13:58:45.973116+08:00
2026-02-11,150000000,BARMM (Bangsamoro Autonomous Region of Muslim Mindanao),OMAIRA MARKET,MEAT AND POULTRY,"Chicken Egg (White, Medium) - 56-60 grams/pc",,2026-02-11T13:58:45.973116+08:00
2026-02-11,150000000,BARMM (Bangsamoro Autonomous Region of Muslim Mindanao),PARANG PUBLIC MARKET,MEAT AND POULTRY,"Chicken Egg (White, Medium) - 56-60 grams/pc",,2026-02-11T13:58:45.973116+08:00
2026-02-11,150000000,BARMM (Bangsamoro Autonomous Region of Muslim Mindanao),SHARIFF AGUAK PUBLIC MARKET,MEAT AND POULTRY,"Chicken Egg (White, Medium) - 56-60 grams/pc",,2026-02-11T13:58:45.973116+08:00
2026-02-11,150000000,BARMM (Bangsamoro Autonomous Region of Muslim Mindanao),"TUCA PUBLIC MARKET, MARAWI CITY",MEAT AND POULTRY,"Chicken Egg (White, Medium) - 56-60 grams/pc",,2026-02-11T13:58:45.973116+08:00
2026-02-11,150000000,BARMM (Bangsamoro Autonomous Region of Muslim Mindanao),BONGAO PUBLIC MARKET,MEAT AND POULTRY,"Chicken Egg (White, Pewee) - 41-45 grams/pc",,2026-02-11T13:58:45.973116+08:00
2026-02-11,150000000,BARMM (Bangsamoro Autonomous Region of Muslim Mindanao),COTABATO CITY MEGA MARKET,MEAT AND POULTRY,"Chicken Egg (White, Pewee) - 41-45 grams/pc",,2026-02-11T13:58:45.973116+08:00
2026-02-11,150000000,BARMM (Bangsamoro Autonomous Region of Muslim Mindanao),COTABATO CITY OLD MARKET,MEAT AND POULTRY,"Chicken Egg (White, Pewee) - 41-45 grams/pc",,2026-02-11T13:58:45.973116+08:00
2026-02-11,150000000,BARMM (Bangsamoro Autonomous Region of Muslim Mindanao),DATU ODIN SINSUAT PUBLIC MARKET,MEAT AND POULTRY,"Chicken Egg (White, Pewee) - 41-45 grams/pc",,2026-02-11T13:58:45.973116+08:00
2026-02-11,150000000,BARMM (Bangsamoro Autonomous Region of Muslim Mindanao),DATU PAGLAS PUBLIC MARKET,MEAT AND POULTRY,"Chicken Egg (White, Pewee) - 41-45 grams/pc",,2026-02-11T13:58:45.973116+08:00
2026-02-11,150000000,BARMM (Bangsamoro Autonomous Region of Muslim Mindanao),"JOLO PUBLIC, SERANTES CHINESE PIER MARKET",MEAT AND POULTRY,"Chicken Egg (White, Pewee) - 41-45 grams/pc",,2026-02-11T13:58:45.973116+08:00
2026-02-11,150000000,BARMM (Bangsamoro Autonomous Region of Muslim Mindanao),LAMITAN CITY PUBLIC MARKET,MEAT AND POULTRY,"Chicken Egg (White, Pewee) - 41-45 grams/pc",,2026-02-11T13:58:45.973116+08:00
2026-02-11,150000000,BARMM (Bangsamoro Autonomous Region of Muslim Mindanao),MAIMBUNG PUBLIC MARKET,MEAT AND POULTRY,"Chicken Egg (White, Pewee) - 41-45 grams/pc",,2026-02-11T13:58:45.973116+08:00
2026-02-11,150000000,BARMM (Bangsamoro Autonomous Region of Muslim Mindanao),MALUSO PUBLIC MARKET,MEAT AND POULTRY,"Chicken Egg (White, Pewee) - 41-45 grams/pc",,2026-02-11T13:58:45.973116+08:00
2026-02-11,150000000,BARMM (Bangsamoro Autonomous Region of Muslim Mindanao),OMAIRA MARKET,MEAT AND POULTRY,"Chicken Egg (White, Pewee) - 41-45 grams/pc",,2026-02-11T13:58:45.973116+08:00
2026-02-11,150000000,BARMM (Bangsamoro Autonomous Region of Muslim Mindanao),PARANG PUBLIC MARKET,MEAT AND POULTRY,"Chicken Egg (White, Pewee) - 41-45 grams/pc",,2026-02-11T13:58:45.973116+08:00
2026-02-11,150000000,BARMM (Bangsamoro Autonomous Region of Muslim Mindanao),SHARIFF AGUAK PUBLIC MARKET,MEAT AND POULTRY,"Chicken Egg (White, Pewee) - 41-45 grams/pc",,2026-02-11T13:58:45.973116+08:00
2026-02-11,150000000,BARMM (Bangsamoro Autonomous Region of Muslim Mindanao),"TUCA PUBLIC MARKET, MARAWI CITY",MEAT AND POULTRY,"Chicken Egg (White, Pewee) - 41-45 grams/pc",,2026-02-11T13:58:45.973116+08:00
2026-02-11,150000000,BARMM (Bangsamoro Autonomous Region of Muslim Mindanao),BONGAO PUBLIC MARKET,MEAT AND POULTRY,"Chicken Egg (White, Small) - 51-55 grams/pc",,2026-02-11T13:58:45.973116+08:00
2026-02-11,150000000,BARMM (Bangsamoro Autonomous Region of Muslim Mindanao),COTABATO CITY MEGA MARKET,MEAT AND POULTRY,"Chicken Egg (White, Small) - 51-55 grams/pc",,2026-02-11T13:58:45.973116+08:00
2026-02-11,150000000,BARMM (Bangsamoro Autonomous Region of Muslim Mindanao),COTABATO CITY OLD MARKET,MEAT AND POULTRY,"Chicken Egg (White, Small) - 51-55 grams/pc",,2026-02-11T13:58:45.973116+08:00
2026-02-11,150000000,BARMM (Bangsamoro Autonomous Region of Muslim Mindanao),DATU ODIN SINSUAT PUBLIC MARKET,MEAT AND POULTRY,"Chicken Egg (White, Small) - 51-55 grams/pc",,2026-02-11T13:58:45.973116+08:00
2026-02-11,150000000,BARMM (Bangsamoro Autonomous Region of Muslim Mindanao),DATU PAGLAS PUBLIC MARKET,MEAT AND POULTRY,"Chicken Egg (White, Small) - 51-55 grams/pc",,2026-02-11T13:58:45.973116+08:00
2026-02-11,150000000,BARMM (Bangsamoro Autonomous Region of Muslim Mindanao),"JOLO PUBLIC, SERANTES CHINESE PIER MARKET",MEAT AND POULTRY,"Chicken Egg (White, Small) - 51-55 grams/pc",,2026-02-11T13:58:45.973116+08:00
2026-02-11,150000000,BARMM (Bangsamoro Autonomous Region of Muslim Mindanao),LAMITAN CITY PUBLIC MARKET,MEAT AND POULTRY,"Chicken Egg (White, Small) - 51-55 grams/pc",,2026-02-11T13:58:45.973116+08:00
2026-02-11,150000000,BARMM (Bangsamoro Autonomous Region of Muslim Mindanao),MAIMBUNG PUBLIC MARKET,MEAT AND POULTRY,"Chicken Egg (White, Small) - 51-55 grams/pc",,2026-02-11T13:58:45.973116+08:00
2026-02-11,150000000,BARMM (Bangsamoro Autonomous Region of Muslim Mindanao),MALUSO PUBLIC MARKET,MEAT AND POULTRY,"Chicken Egg (White, Small) - 51-55 grams/pc",,2026-02-11T13:58:45.973116+08:00
2026-02-11,150000000,BARMM (Bangsamoro Autonomous Region of Muslim Mindanao),OMAIRA MARKET,MEAT AND POULTRY,"Chicken Egg (White, Small) - 51-55 grams/pc",,2026-02-11T13:58:45.973116+08:00
2026-02-11,150000000,BARMM (Bangsamoro Autonomous Region of Muslim Mindanao),PARANG PUBLIC MARKET,MEAT AND POULTRY,"Chicken Egg (White, Small) - 51-55 grams/pc",,2026-02-11T13:58:45.973116+08:00
2026-02-11,150000000,BARMM (Bangsamoro Autonomous Region of Muslim Mindanao),SHARIFF AGUAK PUBLIC MARKET,MEAT AND POULTRY,"Chicken Egg (White, Small) - 51-55 grams/pc",,2026-02-11T13:58:45.973116+08:00
2026-02-11,150000000,BARMM (Bangsamoro Autonomous Region of Muslim Mindanao),"TUCA PUBLIC MARKET, MARAWI CITY",MEAT AND POULTRY,"Chicken Egg (White, Small) - 51-55 grams/pc",,2026-02-11T13:58:45.973116+08:00
2026-02-11,150000000,BARMM (Bangsamoro Autonomous Region of Muslim Mindanao),BONGAO PUBLIC MARKET,MEAT AND POULTRY,Frozen Kasim - KASIM,,2026-02-11T13:58:45.973116+08:00
2026-02-11,150000000,BARMM (Bangsamoro Autonomous Region of Muslim Mindanao),COTABATO CITY MEGA MARKET,MEAT AND POULTRY,Frozen Kasim - KASIM,,2026-02-11T13:58:45.973116+08:00
2026-02-11,150000000,BARMM (Bangsamoro Autonomous Region of Muslim Mindanao),COTABATO CITY OLD MARKET,MEAT AND POULTRY,Frozen Kasim - KASIM,,2026-02-11T13:58:45.973116+08:00
2026-02-11,150000000,BARMM (Bangsamoro Autonomous Region of Muslim Mindanao),DATU ODIN SINSUAT PUBLIC MARKET,MEAT AND POULTRY,Frozen Kasim - KASIM,,2026-02-11T13:58:45.973116+08:00
2026-02-11,150000000,BARMM (Bangsamoro Autonomous Region of Muslim Mindanao),DATU PAGLAS PUBLIC MARKET,MEAT AND POULTRY,Frozen Kasim - KASIM,,2026-02-11T13:58:45.973116+08:00
2026-02-11,150000000,BARMM (Bangsamoro Autonomous Region of Muslim Mindanao),"JOLO PUBLIC, SERANTES CHINESE PIER MARKET",MEAT AND POULTRY,Frozen Kasim - KASIM,,2026-02-11T13:58:45.973116+08:00
2026-02-11,150000000,BARMM (Bangsamoro Autonomous Region of Muslim Mindanao),LAMITAN CITY PUBLIC MARKET,MEAT AND POULTRY,Frozen Kasim - KASIM,,2026-02-11T13:58:45.973116+08:00
2026-02-11,150000000,BARMM (Bangsamoro Autonomous Region of Muslim Mindanao),MAIMBUNG PUBLIC MARKET,MEAT AND POULTRY,Frozen Kasim - KASIM,,2026-02-11T13:58:45.973116+08:00
2026-02-11,150000000,BARMM (Bangsamoro Autonomous Region of Muslim Mindanao),MALUSO PUBLIC MARKET,MEAT AND POULTRY,Frozen Kasim - KASIM,,2026-02-11T13:58:45.973116+08:00
2026-02-11,150000000,BARMM (Bangsamoro Autonomous Region of Muslim Mindanao),OMAIRA MARKET,MEAT AND POULTRY,Frozen Kasim - KASIM,,2026-02-11T13:58:45.973116+08:00
2026-02-11,150000000,BARMM (Bangsamoro Autonomous Region of Muslim Mindanao),PARANG PUBLIC MARKET,MEAT AND POULTRY,Frozen Kasim - KASIM,,2026-02-11T13:58:45.973116+08:00
2026-02-11,150000000,BARMM (Bangsamoro Autonomous Region of Muslim Mindanao),SHARIFF AGUAK PUBLIC MARKET,MEAT AND POULTRY,Frozen Kasim - KASIM,,2026-02-11T13:58:45.973116+08:00
2026-02-11,150000000,BARMM (Bangsamoro Autonomous Region of Muslim Mindanao),"TUCA PUBLIC MARKET, MARAWI CITY",MEAT AND POULTRY,Frozen Kasim - KASIM,,2026-02-11T13:58:45.973116+08:00
2026-02-11,150000000,BARMM (Bangsamoro Autonomous Region of Muslim Mindanao),BONGAO PUBLIC MARKET,MEAT AND POULTRY,Frozen Liempo - LIEMPO,,2026-02-11T13:58:45.973116+08:00
2026-02-11,150000000,BARMM (Bangsamoro Autonomous Region of Muslim Mindanao),COTABATO CITY MEGA MARKET,MEAT AND POULTRY,Frozen Liempo - LIEMPO,,2026-02-11T13:58:45.973116+08:00
2026-02-11,150000000,BARMM (Bangsamoro Autonomous Region of Muslim Mindanao),COTABATO CITY OLD MARKET,MEAT AND POULTRY,Frozen Liempo - LIEMPO,,2026-02-11T13:58:45.973116+08:00
2026-02-11,150000000,BARMM (Bangsamoro Autonomous Region of Muslim Mindanao),DATU ODIN SINSUAT PUBLIC MARKET,MEAT AND POULTRY,Frozen Liempo - LIEMPO,,2026-02-11T13:58:45.973116+08:00
2026-02-11,150000000,BARMM (Bangsamoro Autonomous Region of Muslim Mindanao),DATU PAGLAS PUBLIC MARKET,MEAT AND POULTRY,Frozen Liempo - LIEMPO,,2026-02-11T13:58:45.973116+08:00
2026-02-11,150000000,BARMM (Bangsamoro Autonomous Region of Muslim Mindanao),"JOLO PUBLIC, SERANTES CHINESE PIER MARKET",MEAT AND POULTRY,Frozen Liempo - LIEMPO,,2026-02-11T13:58:45.973116+08:00
2026-02-11,150000000,BARMM (Bangsamoro Autonomous Region of Muslim Mindanao),LAMITAN CITY PUBLIC MARKET,MEAT AND POULTRY,Frozen Liempo - LIEMPO,,2026-02-11T13:58:45.973116+08:00
2026-02-11,150000000,BARMM (Bangsamoro Autonomous Region of Muslim Mindanao),MAIMBUNG PUBLIC MARKET,MEAT AND POULTRY,Frozen Liempo - LIEMPO,,2026-02-11T13:58:45.973116+08:00
2026-02-11,150000000,BARMM (Bangsamoro Autonomous Region of Muslim Mindanao),MALUSO PUBLIC MARKET,MEAT AND POULTRY,Frozen Liempo - LIEMPO,,2026-02-11T13:58:45.973116+08:00
2026-02-11,150000000,BARMM (Bangsamoro Autonomous Region of Muslim Mindanao),OMAIRA MARKET,MEAT AND POULTRY,Frozen Liempo - LIEMPO,,2026-02-11T13:58:45.973116+08:00
2026-02-11,150000000,BARMM (Bangsamoro Autonomous Region of Muslim Mindanao),PARANG PUBLIC MARKET,MEAT AND POULTRY,Frozen Liempo - LIEMPO,,2026-02-11T13:58:45.973116+08:00
2026-02-11,150000000,BARMM (Bangsamoro Autonomous Region of Muslim Mindanao),SHARIFF AGUAK PUBLIC MARKET,MEAT AND POULTRY,Frozen Liempo - LIEMPO,,2026-02-11T13:58:45.973116+08:00
2026-02-11,150000000,BARMM (Bangsamoro Autonomous Region of Muslim Mindanao),"TUCA PUBLIC MARKET, MARAWI CITY",MEAT AND POULTRY,Frozen Liempo - LIEMPO,,2026-02-11T13:58:45.973116+08:00
2026-02-11,150000000,BARMM (Bangsamoro Autonomous Region of Muslim Mindanao),BONGAO PUBLIC MARKET,MEAT AND POULTRY,Pork Belly (Liempo),,2026-02-11T13:58:45.973116+08:00
2026-02-11,150000000,BARMM (Bangsamoro Autonomous Region of Muslim Mindanao),COTABATO CITY MEGA MARKET,MEAT AND POULTRY,Pork Belly (Liempo),,2026-02-11T13:58:45.973116+08:00
2026-02-11,150000000,BARMM (Bangsamoro Autonomous Region of Muslim Mindanao),COTABATO CITY OLD MARKET,MEAT AND POULTRY,Pork Belly (Liempo),,2026-02-11T13:58:45.973116+08:00
2026-02-11,150000000,BARMM (Bangsamoro Autonomous Region of Muslim Mindanao),DATU ODIN SINSUAT PUBLIC MARKET,MEAT AND POULTRY,Pork Belly (Liempo),,2026-02-11T13:58:45.973116+08:00
2026-02-11,150000000,BARMM (Bangsamoro Autonomous Region of Muslim Mindanao),DATU PAGLAS PUBLIC MARKET,MEAT AND POULTRY,Pork Belly (Liempo),,2026-02-11T13:58:45.973116+08:00
2026-02-11,150000000,BARMM (Bangsamoro Autonomous Region of Muslim Mindanao),"JOLO PUBLIC, SERANTES CHINESE PIER MARKET",MEAT AND POULTRY,Pork Belly (Liempo),,2026-02-11T13:58:45.973116+08:00
2026-02-11,150000000,BARMM (Bangsamoro Autonomous Region of Muslim Mindanao),LAMITAN CITY PUBLIC MARKET,MEAT AND POULTRY,Pork Belly (Liempo),,2026-02-11T13:58:45.973116+08:00
2026-02-11,150000000,BARMM (Bangsamoro Autonomous Region of Muslim Mindanao),MAIMBUNG PUBLIC MARKET,MEAT AND POULTRY,Pork Belly (Liempo),,2026-02-11T13:58:45.973116+08:00
2026-02-11,150000000,BARMM (Bangsamoro Autonomous Region of Muslim Mindanao),MALUSO PUBLIC MARKET,MEAT AND POULTRY,Pork Belly (Liempo),,2026-02-11T13:58:45.973116+08:00
2026-02-11,150000000,BARMM (Bangsamoro Autonomous Region of Muslim Mindanao),OMAIRA MARKET,MEAT AND POULTRY,Pork Belly (Liempo),,2026-02-11T13:58:45.973116+08:00
2026-02-11,150000000,BARMM (Bangsamoro Autonomous Region of Muslim Mindanao),PARANG PUBLIC MARKET,MEAT AND POULTRY,Pork Belly (Liempo),,2026-02-11T13:58:45.973116+08:00
2026-02-11,150000000,BARMM (Bangsamoro Autonomous Region of Muslim Mindanao),SHARIFF AGUAK PUBLIC MARKET,MEAT AND POULTRY,Pork Belly (Liempo),,2026-02-11T13:58:45.973116+08:00
2026-02-11,150000000,BARMM (Bangsamoro Autonomous Region of Muslim Mindanao),"TUCA PUBLIC MARKET, MARAWI CITY",MEAT AND POULTRY,Pork Belly (Liempo),,2026-02-11T13:58:45.973116+08:00
2026-02-11,150000000,BARMM (Bangsamoro Autonomous Region of Muslim Mindanao),BONGAO PUBLIC MARKET,MEAT AND POULTRY,Pork Ham (Kasim),,2026-02-11T13:58:45.973116+08:00
2026-02-11,150000000,BARMM (Bangsamoro Autonomous Region of Muslim Mindanao),COTABATO CITY MEGA MARKET,MEAT AND POULTRY,Pork Ham (Kasim),,2026-02-11T13:58:45.973116+08:00
2026-02-11,150000000,BARMM (Bangsamoro Autonomous Region of Muslim Mindanao),COTABATO CITY OLD MARKET,MEAT AND POULTRY,Pork Ham (Kasim),,2026-02-11T13:58:45.973116+08:00
2026-02-11,150000000,BARMM (Bangsamoro Autonomous Region of Muslim Mindanao),DATU ODIN SINSUAT PUBLIC MARKET,MEAT AND POULTRY,Pork Ham (Kasim),,2026-02-11T13:58:45.973116+08:00
2026-02-11,150000000,BARMM (Bangsamoro Autonomous Region of Muslim Mindanao),DATU PAGLAS PUBLIC MARKET,MEAT AND POULTRY,Pork Ham (Kasim),,2026-02-11T13:58:45.973116+08:00
2026-02-11,150000000,BARMM (Bangsamoro Autonomous Region of Muslim Mindanao),"JOLO PUBLIC, SERANTES CHINESE PIER MARKET",MEAT AND POULTRY,Pork Ham (Kasim),,2026-02-11T13:58:45.973116+08:00
2026-02-11,150000000,BARMM (Bangsamoro Autonomous Region of Muslim Mindanao),LAMITAN CITY PUBLIC MARKET,MEAT AND POULTRY,Pork Ham (Kasim),,2026-02-11T13:58:45.973116+08:00
2026-02-11,150000000,BARMM (Bangsamoro Autonomous Region of Muslim Mindanao),MAIMBUNG PUBLIC MARKET,MEAT AND POULTRY,Pork Ham (Kasim),,2026-02-11T13:58:45.973116+08:00
2026-02-11,150000000,BARMM (Bangsamoro Autonomous Region of Muslim Mindanao),MALUSO PUBLIC MARKET,MEAT AND POULTRY,Pork Ham (Kasim),,2026-02-11T13:58:45.973116+08:00
2026-02-11,150000000,BARMM (Bangsamoro Autonomous Region of Muslim Mindanao),OMAIRA MARKET,MEAT AND POULTRY,Pork Ham (Kasim),,2026-02-11T13:58:45.973116+08:00
2026-02-11,150000000,BARMM (Bangsamoro Autonomous Region of Muslim Mindanao),PARANG PUBLIC MARKET,MEAT AND POULTRY,Pork Ham (Kasim),,2026-02-11T13:58:45.973116+08:00
2026-02-11,150000000,BARMM (Bangsamoro Autonomous Region of Muslim Mindanao),SHARIFF AGUAK PUBLIC MARKET,MEAT AND POULTRY,Pork Ham (Kasim),,2026-02-11T13:58:45.973116+08:00
2026-02-11,150000000,BARMM (Bangsamoro Autonomous Region of Muslim Mindanao),"TUCA PUBLIC MARKET, MARAWI CITY",MEAT AND POULTRY,Pork Ham (Kasim),,2026-02-11T13:58:45.973116+08:00
2026-02-11,150000000,BARMM (Bangsamoro Autonomous Region of Muslim Mindanao),BONGAO PUBLIC MARKET,MEAT AND POULTRY,Whole Chicken - FULLY DRESSED,,2026-02-11T13:58:45.973116+08:00
2026-02-11,150000000,BARMM (Bangsamoro Autonomous Region of Muslim Mindanao),COTABATO CITY MEGA MARKET,MEAT AND POULTRY,Whole Chicken - FULLY DRESSED,,2026-02-11T13:58:45.973116+08:00
2026-02-11,150000000,BARMM (Bangsamoro Autonomous Region of Muslim Mindanao),COTABATO CITY OLD MARKET,MEAT AND POULTRY,Whole Chicken - FULLY DRESSED,,2026-02-11T13:58:45.973116+08:00
2026-02-11,150000000,BARMM (Bangsamoro Autonomous Region of Muslim Mindanao),DATU ODIN SINSUAT PUBLIC MARKET,MEAT AND POULTRY,Whole Chicken - FULLY DRESSED,,2026-02-11T13:58:45.973116+08:00
2026-02-11,150000000,BARMM (Bangsamoro Autonomous Region of Muslim Mindanao),DATU PAGLAS PUBLIC MARKET,MEAT AND POULTRY,Whole Chicken - FULLY DRESSED,,2026-02-11T13:58:45.973116+08:00
2026-02-11,150000000,BARMM (Bangsamoro Autonomous Region of Muslim Mindanao),"JOLO PUBLIC, SERANTES CHINESE PIER MARKET",MEAT AND POULTRY,Whole Chicken - FULLY DRESSED,,2026-02-11T13:58:45.973116+08:00
2026-02-11,150000000,BARMM (Bangsamoro Autonomous Region of Muslim Mindanao),MAIMBUNG PUBLIC MARKET,MEAT AND POULTRY,Whole Chicken - FULLY DRESSED,,2026-02-11T13:58:45.973116+08:00
2026-02-11,150000000,BARMM (Bangsamoro Autonomous Region of Muslim Mindanao),MALUSO PUBLIC MARKET,MEAT AND POULTRY,Whole Chicken - FULLY DRESSED,,2026-02-11T13:58:45.973116+08:00
2026-02-11,150000000,BARMM (Bangsamoro Autonomous Region of Muslim Mindanao),OMAIRA MARKET,MEAT AND POULTRY,Whole Chicken - FULLY DRESSED,,2026-02-11T13:58:45.973116+08:00
2026-02-11,150000000,BARMM (Bangsamoro Autonomous Region of Muslim Mindanao),PARANG PUBLIC MARKET,MEAT AND POULTRY,Whole Chicken - FULLY DRESSED,,2026-02-11T13:58:45.973116+08:00
2026-02-11,150000000,BARMM (Bangsamoro Autonomous Region of Muslim Mindanao),SHARIFF AGUAK PUBLIC MARKET,MEAT AND POULTRY,Whole Chicken - FULLY DRESSED,,2026-02-11T13:58:45.973116+08:00
2026-02-11,150000000,BARMM (Bangsamoro Autonomous Region of Muslim Mindanao),"TUCA PUBLIC MARKET, MARAWI CITY",MEAT AND POULTRY,Whole Chicken - FULLY DRESSED,,2026-02-11T13:58:45.973116+08:00
2026-02-11,150000000,BARMM (Bangsamoro Autonomous Region of Muslim Mindanao),BONGAO PUBLIC MARKET,OTHER COMMODITIES,Cooking Oil (Coconut) 1L - 1 LITER/BOTTLE,,2026-02-11T13:58:45.973116+08:00
2026-02-11,150000000,BARMM (Bangsamoro Autonomous Region of Muslim Mindanao),COTABATO CITY MEGA MARKET,OTHER COMMODITIES,Cooking Oil (Coconut) 1L - 1 LITER/BOTTLE,,2026-02-11T13:58:45.973116+08:00
2026-02-11,150000000,BARMM (Bangsamoro Autonomous Region of Muslim Mindanao),COTABATO CITY OLD MARKET,OTHER COMMODITIES,Cooking Oil (Coconut) 1L - 1 LITER/BOTTLE,,2026-02-11T13:58:45.973116+08:00
2026-02-11,150000000,BARMM (Bangsamoro Autonomous Region of Muslim Mindanao),DATU ODIN SINSUAT PUBLIC MARKET,OTHER COMMODITIES,Cooking Oil (Coconut) 1L - 1 LITER/BOTTLE,,2026-02-11T13:58:45.973116+08:00
2026-02-11,150000000,BARMM (Bangsamoro Autonomous Region of Muslim Mindanao),DATU PAGLAS PUBLIC MARKET,OTHER COMMODITIES,Cooking Oil (Coconut) 1L - 1 LITER/BOTTLE,,2026-02-11T13:58:45.973116+08:00
2026-02-11,150000000,BARMM (Bangsamoro Autonomous Region of Muslim Mindanao),"JOLO PUBLIC, SERANTES CHINESE PIER MARKET",OTHER COMMODITIES,Cooking Oil (Coconut) 1L - 1 LITER/BOTTLE,,2026-02-11T13:58:45.973116+08:00
2026-02-11,150000000,BARMM (Bangsamoro Autonomous Region of Muslim Mindanao),LAMITAN CITY PUBLIC MARKET,OTHER COMMODITIES,Cooking Oil (Coconut) 1L - 1 LITER/BOTTLE,,2026-02-11T13:58:45.973116+08:00
2026-02-11,150000000,BARMM (Bangsamoro Autonomous Region of Muslim Mindanao),MAIMBUNG PUBLIC MARKET,OTHER COMMODITIES,Cooking Oil (Coconut) 1L - 1 LITER/BOTTLE,,2026-02-11T13:58:45.973116+08:00
2026-02-11,150000000,BARMM (Bangsamoro Autonomous Region of Muslim Mindanao),MALUSO PUBLIC MARKET,OTHER COMMODITIES,Cooking Oil (Coconut) 1L - 1 LITER/BOTTLE,,2026-02-11T13:58:45.973116+08:00
2026-02-11,150000000,BARMM (Bangsamoro Autonomous Region of Muslim Mindanao),OMAIRA MARKET,OTHER COMMODITIES,Cooking Oil (Coconut) 1L - 1 LITER/BOTTLE,,2026-02-11T13:58:45.973116+08:00
2026-02-11,150000000,BARMM (Bangsamoro Autonomous Region of Muslim Mindanao),PARANG PUBLIC MARKET,OTHER COMMODITIES,Cooking Oil (Coconut) 1L - 1 LITER/BOTTLE,,2026-02-11T13:58:45.973116+08:00
2026-02-11,150000000,BARMM (Bangsamoro Autonomous Region of Muslim Mindanao),SHARIFF AGUAK PUBLIC MARKET,OTHER COMMODITIES,Cooking Oil (Coconut) 1L - 1 LITER/BOTTLE,,2026-02-11T13:58:45.973116+08:00
2026-02-11,150000000,BARMM (Bangsamoro Autonomous Region of Muslim Mindanao),"TUCA PUBLIC MARKET, MARAWI CITY",OTHER COMMODITIES,Cooking Oil (Coconut) 1L - 1 LITER/BOTTLE,,2026-02-11T13:58:45.973116+08:00
2026-02-11,150000000,BARMM (Bangsamoro Autonomous Region of Muslim Mindanao),BONGAO PUBLIC MARKET,OTHER COMMODITIES,Cooking Oil (Coconut) 350ML - 350 ML/BOTTLE,,2026-02-11T13:58:45.973116+08:00
2026-02-11,150000000,BARMM (Bangsamoro Autonomous Region of Muslim Mindanao),COTABATO CITY MEGA MARKET,OTHER COMMODITIES,Cooking Oil (Coconut) 350ML - 350 ML/BOTTLE,,2026-02-11T13:58:45.973116+08:00
2026-02-11,150000000,BARMM (Bangsamoro Autonomous Region of Muslim Mindanao),COTABATO CITY OLD MARKET,OTHER COMMODITIES,Cooking Oil (Coconut) 350ML - 350 ML/BOTTLE,,2026-02-11T13:58:45.973116+08:00
2026-02-11,150000000,BARMM (Bangsamoro Autonomous Region of Muslim Mindanao),DATU ODIN SINSUAT PUBLIC MARKET,OTHER COMMODITIES,Cooking Oil (Coconut) 350ML - 350 ML/BOTTLE,,2026-02-11T13:58:45.973116+08:00
2026-02-11,150000000,BARMM (Bangsamoro Autonomous Region of Muslim Mindanao),DATU PAGLAS PUBLIC MARKET,OTHER COMMODITIES,Cooking Oil (Coconut) 350ML - 350 ML/BOTTLE,,2026-02-11T13:58:45.973116+08:00
2026-02-11,150000000,BARMM (Bangsamoro Autonomous Region of Muslim Mindanao),"JOLO PUBLIC, SERANTES CHINESE PIER MARKET",OTHER COMMODITIES,Cooking Oil (Coconut) 350ML - 350 ML/BOTTLE,,2026-02-11T13:58:45.973116+08:00
2026-02-11,150000000,BARMM (Bangsamoro Autonomous Region of Muslim Mindanao),LAMITAN CITY PUBLIC MARKET,OTHER COMMODITIES,Cooking Oil (Coconut) 350ML - 350 ML/BOTTLE,,2026-02-11T13:58:45.973116+08:00
2026-02-11,150000000,BARMM (Bangsamoro Autonomous Region of Muslim Mindanao),MAIMBUNG PUBLIC MARKET,OTHER COMMODITIES,Cooking Oil (Coconut) 350ML - 350 ML/BOTTLE,,2026-02-11T13:58:45.973116+08:00
2026-02-11,150000000,BARMM (Bangsamoro Autonomous Region of Muslim Mindanao),MALUSO PUBLIC MARKET,OTHER COMMODITIES,Cooking Oil (Coconut) 350ML - 350 ML/BOTTLE,,2026-02-11T13:58:45.973116+08:00
2026-02-11,150000000,BARMM (Bangsamoro Autonomous Region of Muslim Mindanao),OMAIRA MARKET,OTHER COMMODITIES,Cooking Oil (Coconut) 350ML - 350 ML/BOTTLE,,2026-02-11T13:58:45.973116+08:00
2026-02-11,150000000,BARMM (Bangsamoro Autonomous Region of Muslim Mindanao),PARANG PUBLIC MARKET,OTHER COMMODITIES,Cooking Oil (Coconut) 350ML - 350 ML/BOTTLE,,2026-02-11T13:58:45.973116+08:00
2026-02-11,150000000,BARMM (Bangsamoro Autonomous Region of Muslim Mindanao),SHARIFF AGUAK PUBLIC MARKET,OTHER COMMODITIES,Cooking Oil (Coconut) 350ML - 350 ML/BOTTLE,,2026-02-11T13:58:45.973116+08:00
2026-02-11,150000000,BARMM (Bangsamoro Autonomous Region of Muslim Mindanao),"TUCA PUBLIC MARKET, MARAWI CITY",OTHER COMMODITIES,Cooking Oil (Coconut) 350ML - 350 ML/BOTTLE,,2026-02-11T13:58:45.973116+08:00
2026-02-11,150000000,BARMM (Bangsamoro Autonomous Region of Muslim Mindanao),BONGAO PUBLIC MARKET,OTHER COMMODITIES,Cooking Oil Palm 1L - 1 LITER/BOTTLE,,2026-02-11T13:58:45.973116+08:00
2026-02-11,150000000,BARMM (Bangsamoro Autonomous Region of Muslim Mindanao),COTABATO CITY MEGA MARKET,OTHER COMMODITIES,Cooking Oil Palm 1L - 1 LITER/BOTTLE,,2026-02-11T13:58:45.973116+08:00
2026-02-11,150000000,BARMM (Bangsamoro Autonomous Region of Muslim Mindanao),COTABATO CITY OLD MARKET,OTHER COMMODITIES,Cooking Oil Palm 1L - 1 LITER/BOTTLE,,2026-02-11T13:58:45.973116+08:00
2026-02-11,150000000,BARMM (Bangsamoro Autonomous Region of Muslim Mindanao),DATU ODIN SINSUAT PUBLIC MARKET,OTHER COMMODITIES,Cooking Oil Palm 1L - 1 LITER/BOTTLE,,2026-02-11T13:58:45.973116+08:00
2026-02-11,150000000,BARMM (Bangsamoro Autonomous Region of Muslim Mindanao),DATU PAGLAS PUBLIC MARKET,OTHER COMMODITIES,Cooking Oil Palm 1L - 1 LITER/BOTTLE,,2026-02-11T13:58:45.973116+08:00
2026-02-11,150000000,BARMM (Bangsamoro Autonomous Region of Muslim Mindanao),"JOLO PUBLIC, SERANTES CHINESE PIER MARKET",OTHER COMMODITIES,Cooking Oil Palm 1L - 1 LITER/BOTTLE,,2026-02-11T13:58:45.973116+08:00
2026-02-11,150000000,BARMM (Bangsamoro Autonomous Region of Muslim Mindanao),MAIMBUNG PUBLIC MARKET,OTHER COMMODITIES,Cooking Oil Palm 1L - 1 LITER/BOTTLE,,2026-02-11T13:58:45.973116+08:00
2026-02-11,150000000,BARMM (Bangsamoro Autonomous Region of Muslim Mindanao),MALUSO PUBLIC MARKET,OTHER COMMODITIES,Cooking Oil Palm 1L - 1 LITER/BOTTLE,,2026-02-11T13:58:45.973116+08:00
2026-02-11,150000000,BARMM (Bangsamoro Autonomous Region of Muslim Mindanao),OMAIRA MARKET,OTHER COMMODITIES,Cooking Oil Palm 1L - 1 LITER/BOTTLE,,2026-02-11T13:58:45.973116+08:00
2026-02-11,150000000,BARMM (Bangsamoro Autonomous Region of Muslim Mindanao),PARANG PUBLIC MARKET,OTHER COMMODITIES,Cooking Oil Palm 1L - 1 LITER/BOTTLE,,2026-02-11T13:58:45.973116+08:00
2026-02-11,150000000,BARMM (Bangsamoro Autonomous Region of Muslim Mindanao),SHARIFF AGUAK PUBLIC MARKET,OTHER COMMODITIES,Cooking Oil Palm 1L - 1 LITER/BOTTLE,,2026-02-11T13:58:45.973116+08:00
2026-02-11,150000000,BARMM (Bangsamoro Autonomous Region of Muslim Mindanao),"TUCA PUBLIC MARKET, MARAWI CITY",OTHER COMMODITIES,Cooking Oil Palm 1L - 1 LITER/BOTTLE,,2026-02-11T13:58:45.973116+08:00
2026-02-11,150000000,BARMM (Bangsamoro Autonomous Region of Muslim Mindanao),BONGAO PUBLIC MARKET,OTHER COMMODITIES,Cooking Oil Palm 350ML - 350 ML/BOTTLE,,2026-02-11T13:58:45.973116+08:00
2026-02-11,150000000,BARMM (Bangsamoro Autonomous Region of Muslim Mindanao),COTABATO CITY MEGA MARKET,OTHER COMMODITIES,Cooking Oil Palm 350ML - 350 ML/BOTTLE,,2026-02-11T13:58:45.973116+08:00
2026-02-11,150000000,BARMM (Bangsamoro Autonomous Region of Muslim Mindanao),COTABATO CITY OLD MARKET,OTHER COMMODITIES,Cooking Oil Palm 350ML - 350 ML/BOTTLE,,2026-02-11T13:58:45.973116+08:00
2026-02-11,150000000,BARMM (Bangsamoro Autonomous Region of Muslim Mindanao),DATU ODIN SINSUAT PUBLIC MARKET,OTHER COMMODITIES,Cooking Oil Palm 350ML - 350 ML/BOTTLE,,2026-02-11T13:58:45.973116+08:00
2026-02-11,150000000,BARMM (Bangsamoro Autonomous Region of Muslim Mindanao),DATU PAGLAS PUBLIC MARKET,OTHER COMMODITIES,Cooking Oil Palm 350ML - 350 ML/BOTTLE,,2026-02-11T13:58:45.973116+08:00
2026-02-11,150000000,BARMM (Bangsamoro Autonomous Region of Muslim Mindanao),"JOLO PUBLIC, SERANTES CHINESE PIER MARKET",OTHER COMMODITIES,Cooking Oil Palm 350ML - 350 ML/BOTTLE,,2026-02-11T13:58:45.973116+08:00
2026-02-11,150000000,BARMM (Bangsamoro Autonomous Region of Muslim Mindanao),MAIMBUNG PUBLIC MARKET,OTHER COMMODITIES,Cooking Oil Palm 350ML - 350 ML/BOTTLE,,2026-02-11T13:58:45.973116+08:00
2026-02-11,150000000,BARMM (Bangsamoro Autonomous Region of Muslim Mindanao),MALUSO PUBLIC MARKET,OTHER COMMODITIES,Cooking Oil Palm 350ML - 350 ML/BOTTLE,,2026-02-11T13:58:45.973116+08:00
2026-02-11,150000000,BARMM (Bangsamoro Autonomous Region of Muslim Mindanao),OMAIRA MARKET,OTHER COMMODITIES,Cooking Oil Palm 350ML - 350 ML/BOTTLE,,2026-02-11T13:58:45.973116+08:00
2026-02-11,150000000,BARMM (Bangsamoro Autonomous Region of Muslim Mindanao),PARANG PUBLIC MARKET,OTHER COMMODITIES,Cooking Oil Palm 350ML - 350 ML/BOTTLE,,2026-02-11T13:58:45.973116+08:00
2026-02-11,150000000,BARMM (Bangsamoro Autonomous Region of Muslim Mindanao),SHARIFF AGUAK PUBLIC MARKET,OTHER COMMODITIES,Cooking Oil Palm 350ML - 350 ML/BOTTLE,,2026-02-11T13:58:45.973116+08:00
2026-02-11,150000000,BARMM (Bangsamoro Autonomous Region of Muslim Mindanao),"TUCA PUBLIC MARKET, MARAWI CITY",OTHER COMMODITIES,Cooking Oil Palm 350ML - 350 ML/BOTTLE,,2026-02-11T13:58:45.973116+08:00
2026-02-11,150000000,BARMM (Bangsamoro Autonomous Region of Muslim Mindanao),BONGAO PUBLIC MARKET,OTHER COMMODITIES,Sugar (Brown) - KG,,2026-02-11T13:58:45.973116+08:00
2026-02-11,150000000,BARMM (Bangsamoro Autonomous Region of Muslim Mindanao),COTABATO CITY MEGA MARKET,OTHER COMMODITIES,Sugar (Brown) - KG,,2026-02-11T13:58:45.973116+08:00
2026-02-11,150000000,BARMM (Bangsamoro Autonomous Region of Muslim Mindanao),COTABATO CITY OLD MARKET,OTHER COMMODITIES,Sugar (Brown) - KG,,2026-02-11T13:58:45.973116+08:00
2026-02-11,150000000,BARMM (Bangsamoro Autonomous Region of Muslim Mindanao),DATU ODIN SINSUAT PUBLIC MARKET,OTHER COMMODITIES,Sugar (Brown) - KG,,2026-02-11T13:58:45.973116+08:00
2026-02-11,150000000,BARMM (Bangsamoro Autonomous Region of Muslim Mindanao),DATU PAGLAS PUBLIC MARKET,OTHER COMMODITIES,Sugar (Brown) - KG,,2026-02-11T13:58:45.973116+08:00
2026-02-11,150000000,BARMM (Bangsamoro Autonomous Region of Muslim Mindanao),"JOLO PUBLIC, SERANTES CHINESE PIER MARKET",OTHER COMMODITIES,Sugar (Brown) - KG,,2026-02-11T13:58:45.973116+08:00
2026-02-11,150000000,BARMM (Bangsamoro Autonomous Region of Muslim Mindanao),MAIMBUNG PUBLIC MARKET,OTHER COMMODITIES,Sugar (Brown) - KG,,2026-02-11T13:58:45.973116+08:00
2026-02-11,150000000,BARMM (Bangsamoro Autonomous Region of Muslim Mindanao),MALUSO PUBLIC MARKET,OTHER COMMODITIES,Sugar (Brown) - KG,,2026-02-11T13:58:45.973116+08:00
2026-02-11,150000000,BARMM (Bangsamoro Autonomous Region of Muslim Mindanao),OMAIRA MARKET,OTHER COMMODITIES,Sugar (Brown) - KG,,2026-02-11T13:58:45.973116+08:00
2026-02-11,150000000,BARMM (Bangsamoro Autonomous Region of Muslim Mindanao),PARANG PUBLIC MARKET,OTHER COMMODITIES,Sugar (Brown) - KG,,2026-02-11T13:58:45.973116+08:00
2026-02-11,150000000,BARMM (Bangsamoro Autonomous Region of Muslim Mindanao),SHARIFF AGUAK PUBLIC MARKET,OTHER COMMODITIES,Sugar (Brown) - KG,,2026-02-11T13:58:45.973116+08:00
2026-02-11,150000000,BARMM (Bangsamoro Autonomous Region of Muslim Mindanao),"TUCA PUBLIC MARKET, MARAWI CITY",OTHER COMMODITIES,Sugar (Brown) - KG,,2026-02-11T13:58:45.973116+08:00
2026-02-11,150000000,BARMM (Bangsamoro Autonomous Region of Muslim Mindanao),BONGAO PUBLIC MARKET,OTHER COMMODITIES,Sugar (Refined) - KG,,2026-02-11T13:58:45.973116+08:00
2026-02-11,150000000,BARMM (Bangsamoro Autonomous Region of Muslim Mindanao),COTABATO CITY MEGA MARKET,OTHER COMMODITIES,Sugar (Refined) - KG,,2026-02-11T13:58:45.973116+08:00
2026-02-11,150000000,BARMM (Bangsamoro Autonomous Region of Muslim Mindanao),COTABATO CITY OLD MARKET,OTHER COMMODITIES,Sugar (Refined) - KG,,2026-02-11T13:58:45.973116+08:00
2026-02-11,150000000,BARMM (Bangsamoro Autonomous Region of Muslim Mindanao),DATU ODIN SINSUAT PUBLIC MARKET,OTHER COMMODITIES,Sugar (Refined) - KG,,2026-02-11T13:58:45.973116+08:00
2026-02-11,150000000,BARMM (Bangsamoro Autonomous Region of Muslim Mindanao),DATU PAGLAS PUBLIC MARKET,OTHER COMMODITIES,Sugar (Refined) - KG,,2026-02-11T13:58:45.973116+08:00
2026-02-11,150000000,BARMM (Bangsamoro Autonomous Region of Muslim Mindanao),"JOLO PUBLIC, SERANTES CHINESE PIER MARKET",OTHER COMMODITIES,Sugar (Refined) - KG,,2026-02-11T13:58:45.973116+08:00
2026-02-11,150000000,BARMM (Bangsamoro Autonomous Region of Muslim Mindanao),MAIMBUNG PUBLIC MARKET,OTHER COMMODITIES,Sugar (Refined) - KG,,2026-02-11T13:58:45.973116+08:00
2026-02-11,150000000,BARMM (Bangsamoro Autonomous Region of Muslim Mindanao),MALUSO PUBLIC MARKET,OTHER COMMODITIES,Sugar (Refined) - KG,,2026-02-11T13:58:45.973116+08:00
2026-02-11,150000000,BARMM (Bangsamoro Autonomous Region of Muslim Mindanao),OMAIRA MARKET,OTHER COMMODITIES,Sugar (Refined) - KG,,2026-02-11T13:58:45.973116+08:00
2026-02-11,150000000,BARMM (Bangsamoro Autonomous Region of Muslim Mindanao),PARANG PUBLIC MARKET,OTHER COMMODITIES,Sugar (Refined) - KG,,2026-02-11T13:58:45.973116+08:00
2026-02-11,150000000,BARMM (Bangsamoro Autonomous Region of Muslim Mindanao),SHARIFF AGUAK PUBLIC MARKET,OTHER COMMODITIES,Sugar (Refined) - KG,,2026-02-11T13:58:45.973116+08:00
2026-02-11,150000000,BARMM (Bangsamoro Autonomous Region of Muslim Mindanao),"TUCA PUBLIC MARKET, MARAWI CITY",OTHER COMMODITIES,Sugar (Refined) - KG,,2026-02-11T13:58:45.973116+08:00
2026-02-11,150000000,BARMM (Bangsamoro Autonomous Region of Muslim Mindanao),BONGAO PUBLIC MARKET,OTHER COMMODITIES,Sugar (Washed) - KG,,2026-02-11T13:58:45.973116+08:00
2026-02-11,150000000,BARMM (Bangsamoro Autonomous Region of Muslim Mindanao),COTABATO CITY MEGA MARKET,OTHER COMMODITIES,Sugar (Washed) - KG,,2026-02-11T13:58:45.973116+08:00
2026-02-11,150000000,BARMM (Bangsamoro Autonomous Region of Muslim Mindanao),COTABATO CITY OLD MARKET,OTHER COMMODITIES,Sugar (Washed) - KG,,2026-02-11T13:58:45.973116+08:00
2026-02-11,150000000,BARMM (Bangsamoro Autonomous Region of Muslim Mindanao),DATU ODIN SINSUAT PUBLIC MARKET,OTHER COMMODITIES,Sugar (Washed) - KG,,2026-02-11T13:58:45.973116+08:00
2026-02-11,150000000,BARMM (Bangsamoro Autonomous Region of Muslim Mindanao),DATU PAGLAS PUBLIC MARKET,OTHER COMMODITIES,Sugar (Washed) - KG,,2026-02-11T13:58:45.973116+08:00
2026-02-11,150000000,BARMM (Bangsamoro Autonomous Region of Muslim Mindanao),"JOLO PUBLIC, SERANTES CHINESE PIER MARKET",OTHER COMMODITIES,Sugar (Washed) - KG,,2026-02-11T13:58:45.973116+08:00
2026-02-11,150000000,BARMM (Bangsamoro Autonomous Region of Muslim Mindanao),LAMITAN CITY PUBLIC MARKET,OTHER COMMODITIES,Sugar (Washed) - KG,,2026-02-11T13:58:45.973116+08:00
2026-02-11,150000000,BARMM (Bangsamoro Autonomous Region of Muslim Mindanao),MAIMBUNG PUBLIC MARKET,OTHER COMMODITIES,Sugar (Washed) - KG,,2026-02-11T13:58:45.973116+08:00
2026-02-11,150000000,BARMM (Bangsamoro Autonomous Region of Muslim Mindanao),MALUSO PUBLIC MARKET,OTHER COMMODITIES,Sugar (Washed) - KG,,2026-02-11T13:58:45.973116+08:00
2026-02-11,150000000,BARMM (Bangsamoro Autonomous Region of Muslim Mindanao),OMAIRA MARKET,OTHER COMMODITIES,Sugar (Washed) - KG,,2026-02-11T13:58:45.973116+08:00
2026-02-11,150000000,BARMM (Bangsamoro Autonomous Region of Muslim Mindanao),PARANG PUBLIC MARKET,OTHER COMMODITIES,Sugar (Washed) - KG,,2026-02-11T13:58:45.973116+08:00
2026-02-11,150000000,BARMM (Bangsamoro Autonomous Region of Muslim Mindanao),SHARIFF AGUAK PUBLIC MARKET,OTHER COMMODITIES,Sugar (Washed) - KG,,2026-02-11T13:58:45.973116+08:00
2026-02-11,150000000,BARMM (Bangsamoro Autonomous Region of Muslim Mindanao),"TUCA PUBLIC MARKET, MARAWI CITY",OTHER COMMODITIES,Sugar (Washed) - KG,,2026-02-11T13:58:45.973116+08:00
2026-02-11,150000000,BARMM (Bangsamoro Autonomous Region of Muslim Mindanao),BONGAO PUBLIC MARKET,RICE,COMMERCIAL (IMPORTED) Premium (Yellow tagged) - 5% BROKEN,,2026-02-11T13:58:45.973116+08:00
2026-02-11,150000000,BARMM (Bangsamoro Autonomous Region of Muslim Mindanao),COTABATO CITY MEGA MARKET,RICE,COMMERCIAL (IMPORTED) Premium (Yellow tagged) - 5% BROKEN,,2026-02-11T13:58:45.973116+08:00
2026-02-11,150000000,BARMM (Bangsamoro Autonomous Region of Muslim Mindanao),COTABATO CITY OLD MARKET,RICE,COMMERCIAL (IMPORTED) Premium (Yellow tagged) - 5% BROKEN,,2026-02-11T13:58:45.973116+08:00
2026-02-11,150000000,BARMM (Bangsamoro Autonomous Region of Muslim Mindanao),DATU ODIN SINSUAT PUBLIC MARKET,RICE,COMMERCIAL (IMPORTED) Premium (Yellow tagged) - 5% BROKEN,,2026-02-11T13:58:45.973116+08:00
2026-02-11,150000000,BARMM (Bangsamoro Autonomous Region of Muslim Mindanao),DATU PAGLAS PUBLIC MARKET,RICE,COMMERCIAL (IMPORTED) Premium (Yellow tagged) - 5% BROKEN,,2026-02-11T13:58:45.973116+08:00
2026-02-11,150000000,BARMM (Bangsamoro Autonomous Region of Muslim Mindanao),"JOLO PUBLIC, SERANTES CHINESE PIER MARKET",RICE,COMMERCIAL (IMPORTED) Premium (Yellow tagged) - 5% BROKEN,,2026-02-11T13:58:45.973116+08:00
2026-02-11,150000000,BARMM (Bangsamoro Autonomous Region of Muslim Mindanao),MAIMBUNG PUBLIC MARKET,RICE,COMMERCIAL (IMPORTED) Premium (Yellow tagged) - 5% BROKEN,,2026-02-11T13:58:45.973116+08:00
2026-02-11,150000000,BARMM (Bangsamoro Autonomous Region of Muslim Mindanao),MALUSO PUBLIC MARKET,RICE,COMMERCIAL (IMPORTED) Premium (Yellow tagged) - 5% BROKEN,,2026-02-11T13:58:45.973116+08:00
2026-02-11,150000000,BARMM (Bangsamoro Autonomous Region of Muslim Mindanao),OMAIRA MARKET,RICE,COMMERCIAL (IMPORTED) Premium (Yellow tagged) - 5% BROKEN,,2026-02-11T13:58:45.973116+08:00
2026-02-11,150000000,BARMM (Bangsamoro Autonomous Region of Muslim Mindanao),PARANG PUBLIC MARKET,RICE,COMMERCIAL (IMPORTED) Premium (Yellow tagged) - 5% BROKEN,,2026-02-11T13:58:45.973116+08:00
2026-02-11,150000000,BARMM (Bangsamoro Autonomous Region of Muslim Mindanao),SHARIFF AGUAK PUBLIC MARKET,RICE,COMMERCIAL (IMPORTED) Premium (Yellow tagged) - 5% BROKEN,,2026-02-11T13:58:45.973116+08:00
2026-02-11,150000000,BARMM (Bangsamoro Autonomous Region of Muslim Mindanao),"TUCA PUBLIC MARKET, MARAWI CITY",RICE,COMMERCIAL (IMPORTED) Premium (Yellow tagged) - 5% BROKEN,,2026-02-11T13:58:45.973116+08:00
2026-02-11,150000000,BARMM (Bangsamoro Autonomous Region of Muslim Mindanao),BONGAO PUBLIC MARKET,RICE,COMMERCIAL (IMPORTED) Regular Milled - 20-40% BRAN STREAK,,2026-02-11T13:58:45.973116+08:00
2026-02-11,150000000,BARMM (Bangsamoro Autonomous Region of Muslim Mindanao),COTABATO CITY MEGA MARKET,RICE,COMMERCIAL (IMPORTED) Regular Milled - 20-40% BRAN STREAK,,2026-02-11T13:58:45.973116+08:00
2026-02-11,150000000,BARMM (Bangsamoro Autonomous Region of Muslim Mindanao),COTABATO CITY OLD MARKET,RICE,COMMERCIAL (IMPORTED) Regular Milled - 20-40% BRAN STREAK,,2026-02-11T13:58:45.973116+08:00
2026-02-11,150000000,BARMM (Bangsamoro Autonomous Region of Muslim Mindanao),DATU ODIN SINSUAT PUBLIC MARKET,RICE,COMMERCIAL (IMPORTED) Regular Milled - 20-40% BRAN STREAK,,2026-02-11T13:58:45.973116+08:00
2026-02-11,150000000,BARMM (Bangsamoro Autonomous Region of Muslim Mindanao),DATU PAGLAS PUBLIC MARKET,RICE,COMMERCIAL (IMPORTED) Regular Milled - 20-40% BRAN STREAK,,2026-02-11T13:58:45.973116+08:00
2026-02-11,150000000,BARMM (Bangsamoro Autonomous Region of Muslim Mindanao),"JOLO PUBLIC, SERANTES CHINESE PIER MARKET",RICE,COMMERCIAL (IMPORTED) Regular Milled - 20-40% BRAN STREAK,,2026-02-11T13:58:45.973116+08:00
2026-02-11,150000000,BARMM (Bangsamoro Autonomous Region of Muslim Mindanao),LAMITAN CITY PUBLIC MARKET,RICE,COMMERCIAL (IMPORTED) Regular Milled - 20-40% BRAN STREAK,,2026-02-11T13:58:45.973116+08:00
2026-02-11,150000000,BARMM (Bangsamoro Autonomous Region of Muslim Mindanao),MAIMBUNG PUBLIC MARKET,RICE,COMMERCIAL (IMPORTED) Regular Milled - 20-40% BRAN STREAK,,2026-02-11T13:58:45.973116+08:00
2026-02-11,150000000,BARMM (Bangsamoro Autonomous Region of Muslim Mindanao),MALUSO PUBLIC MARKET,RICE,COMMERCIAL (IMPORTED) Regular Milled - 20-40% BRAN STREAK,,2026-02-11T13:58:45.973116+08:00
2026-02-11,150000000,BARMM (Bangsamoro Autonomous Region of Muslim Mindanao),OMAIRA MARKET,RICE,COMMERCIAL (IMPORTED) Regular Milled - 20-40% BRAN STREAK,,2026-02-11T13:58:45.973116+08:00
2026-02-11,150000000,BARMM (Bangsamoro Autonomous Region of Muslim Mindanao),PARANG PUBLIC MARKET,RICE,COMMERCIAL (IMPORTED) Regular Milled - 20-40% BRAN STREAK,,2026-02-11T13:58:45.973116+08:00
2026-02-11,150000000,BARMM (Bangsamoro Autonomous Region of Muslim Mindanao),SHARIFF AGUAK PUBLIC MARKET,RICE,COMMERCIAL (IMPORTED) Regular Milled - 20-40% BRAN STREAK,,2026-02-11T13:58:45.973116+08:00
2026-02-11,150000000,BARMM (Bangsamoro Autonomous Region of Muslim Mindanao),"TUCA PUBLIC MARKET, MARAWI CITY",RICE,COMMERCIAL (IMPORTED) Regular Milled - 20-40% BRAN STREAK,,2026-02-11T13:58:45.973116+08:00
2026-02-11,150000000,BARMM (Bangsamoro Autonomous Region of Muslim Mindanao),BONGAO PUBLIC MARKET,RICE,COMMERCIAL (IMPORTED) Special (Blue tagged) - WHITE RICE,,2026-02-11T13:58:45.973116+08:00
2026-02-11,150000000,BARMM (Bangsamoro Autonomous Region of Muslim Mindanao),COTABATO CITY MEGA MARKET,RICE,COMMERCIAL (IMPORTED) Special (Blue tagged) - WHITE RICE,,2026-02-11T13:58:45.973116+08:00
2026-02-11,150000000,BARMM (Bangsamoro Autonomous Region of Muslim Mindanao),COTABATO CITY OLD MARKET,RICE,COMMERCIAL (IMPORTED) Special (Blue tagged) - WHITE RICE,,2026-02-11T13:58:45.973116+08:00
2026-02-11,150000000,BARMM (Bangsamoro Autonomous Region of Muslim Mindanao),DATU ODIN SINSUAT PUBLIC MARKET,RICE,COMMERCIAL (IMPORTED) Special (Blue tagged) - WHITE RICE,,2026-02-11T13:58:45.973116+08:00
2026-02-11,150000000,BARMM (Bangsamoro Autonomous Region of Muslim Mindanao),DATU PAGLAS PUBLIC MARKET,RICE,COMMERCIAL (IMPORTED) Special (Blue tagged) - WHITE RICE,,2026-02-11T13:58:45.973116+08:00
2026-02-11,150000000,BARMM (Bangsamoro Autonomous Region of Muslim Mindanao),"JOLO PUBLIC, SERANTES CHINESE PIER MARKET",RICE,COMMERCIAL (IMPORTED) Special (Blue tagged) - WHITE RICE,,2026-02-11T13:58:45.973116+08:00
2026-02-11,150000000,BARMM (Bangsamoro Autonomous Region of Muslim Mindanao),MAIMBUNG PUBLIC MARKET,RICE,COMMERCIAL (IMPORTED) Special (Blue tagged) - WHITE RICE,,2026-02-11T13:58:45.973116+08:00
2026-02-11,150000000,BARMM (Bangsamoro Autonomous Region of Muslim Mindanao),MALUSO PUBLIC MARKET,RICE,COMMERCIAL (IMPORTED) Special (Blue tagged) - WHITE RICE,,2026-02-11T13:58:45.973116+08:00
2026-02-11,150000000,BARMM (Bangsamoro Autonomous Region of Muslim Mindanao),OMAIRA MARKET,RICE,COMMERCIAL (IMPORTED) Special (Blue tagged) - WHITE RICE,,2026-02-11T13:58:45.973116+08:00
2026-02-11,150000000,BARMM (Bangsamoro Autonomous Region of Muslim Mindanao),PARANG PUBLIC MARKET,RICE,COMMERCIAL (IMPORTED) Special (Blue tagged) - WHITE RICE,,2026-02-11T13:58:45.973116+08:00
2026-02-11,150000000,BARMM (Bangsamoro Autonomous Region of Muslim Mindanao),SHARIFF AGUAK PUBLIC MARKET,RICE,COMMERCIAL (IMPORTED) Special (Blue tagged) - WHITE RICE,,2026-02-11T13:58:45.973116+08:00
2026-02-11,150000000,BARMM (Bangsamoro Autonomous Region of Muslim Mindanao),"TUCA PUBLIC MARKET, MARAWI CITY",RICE,COMMERCIAL (IMPORTED) Special (Blue tagged) - WHITE RICE,,2026-02-11T13:58:45.973116+08:00
2026-02-11,150000000,BARMM (Bangsamoro Autonomous Region of Muslim Mindanao),BONGAO PUBLIC MARKET,RICE,COMMERCIAL (IMPORTED) Well Milled - 1-19% BRAN STREAK,,2026-02-11T13:58:45.973116+08:00
2026-02-11,150000000,BARMM (Bangsamoro Autonomous Region of Muslim Mindanao),COTABATO CITY MEGA MARKET,RICE,COMMERCIAL (IMPORTED) Well Milled - 1-19% BRAN STREAK,,2026-02-11T13:58:45.973116+08:00
2026-02-11,150000000,BARMM (Bangsamoro Autonomous Region of Muslim Mindanao),COTABATO CITY OLD MARKET,RICE,COMMERCIAL (IMPORTED) Well Milled - 1-19% BRAN STREAK,,2026-02-11T13:58:45.973116+08:00
2026-02-11,150000000,BARMM (Bangsamoro Autonomous Region of Muslim Mindanao),DATU ODIN SINSUAT PUBLIC MARKET,RICE,COMMERCIAL (IMPORTED) Well Milled - 1-19% BRAN STREAK,,2026-02-11T13:58:45.973116+08:00
2026-02-11,150000000,BARMM (Bangsamoro Autonomous Region of Muslim Mindanao),DATU PAGLAS PUBLIC MARKET,RICE,COMMERCIAL (IMPORTED) Well Milled - 1-19% BRAN STREAK,,2026-02-11T13:58:45.973116+08:00
2026-02-11,150000000,BARMM (Bangsamoro Autonomous Region of Muslim Mindanao),"JOLO PUBLIC, SERANTES CHINESE PIER MARKET",RICE,COMMERCIAL (IMPORTED) Well Milled - 1-19% BRAN STREAK,,2026-02-11T13:58:45.973116+08:00
2026-02-11,150000000,BARMM (Bangsamoro Autonomous Region of Muslim Mindanao),MAIMBUNG PUBLIC MARKET,RICE,COMMERCIAL (IMPORTED) Well Milled - 1-19% BRAN STREAK,,2026-02-11T13:58:45.973116+08:00
2026-02-11,150000000,BARMM (Bangsamoro Autonomous Region of Muslim Mindanao),MALUSO PUBLIC MARKET,RICE,COMMERCIAL (IMPORTED) Well Milled - 1-19% BRAN STREAK,,2026-02-11T13:58:45.973116+08:00
2026-02-11,150000000,BARMM (Bangsamoro Autonomous Region of Muslim Mindanao),OMAIRA MARKET,RICE,COMMERCIAL (IMPORTED) Well Milled - 1-19% BRAN STREAK,,2026-02-11T13:58:45.973116+08:00
2026-02-11,150000000,BARMM (Bangsamoro Autonomous Region of Muslim Mindanao),PARANG PUBLIC MARKET,RICE,COMMERCIAL (IMPORTED) Well Milled - 1-19% BRAN STREAK,,2026-02-11T13:58:45.973116+08:00
2026-02-11,150000000,BARMM (Bangsamoro Autonomous Region of Muslim Mindanao),SHARIFF AGUAK PUBLIC MARKET,RICE,COMMERCIAL (IMPORTED) Well Milled - 1-19% BRAN STREAK,,2026-02-11T13:58:45.973116+08:00
2026-02-11,150000000,BARMM (Bangsamoro Autonomous Region of Muslim Mindanao),"TUCA PUBLIC MARKET, MARAWI CITY",RICE,COMMERCIAL (IMPORTED) Well Milled - 1-19% BRAN STREAK,,2026-02-11T13:58:45.973116+08:00
2026-02-11,150000000,BARMM (Bangsamoro Autonomous Region of Muslim Mindanao),BONGAO PUBLIC MARKET,RICE,COMMERCIAL (LOCAL) Premium (Yellow tagged) - 5% BROKEN,,2026-02-11T13:58:45.973116+08:00
2026-02-11,150000000,BARMM (Bangsamoro Autonomous Region of Muslim Mindanao),COTABATO CITY MEGA MARKET,RICE,COMMERCIAL (LOCAL) Premium (Yellow tagged) - 5% BROKEN,,2026-02-11T13:58:45.973116+08:00
2026-02-11,150000000,BARMM (Bangsamoro Autonomous Region of Muslim Mindanao),COTABATO CITY OLD MARKET,RICE,COMMERCIAL (LOCAL) Premium (Yellow tagged) - 5% BROKEN,,2026-02-11T13:58:45.973116+08:00
2026-02-11,150000000,BARMM (Bangsamoro Autonomous Region of Muslim Mindanao),DATU ODIN SINSUAT PUBLIC MARKET,RICE,COMMERCIAL (LOCAL) Premium (Yellow tagged) - 5% BROKEN,,2026-02-11T13:58:45.973116+08:00
2026-02-11,150000000,BARMM (Bangsamoro Autonomous Region of Muslim Mindanao),DATU PAGLAS PUBLIC MARKET,RICE,COMMERCIAL (LOCAL) Premium (Yellow tagged) - 5% BROKEN,,2026-02-11T13:58:45.973116+08:00
2026-02-11,150000000,BARMM (Bangsamoro Autonomous Region of Muslim Mindanao),"JOLO PUBLIC, SERANTES CHINESE PIER MARKET",RICE,COMMERCIAL (LOCAL) Premium (Yellow tagged) - 5% BROKEN,,2026-02-11T13:58:45.973116+08:00
2026-02-11,150000000,BARMM (Bangsamoro Autonomous Region of Muslim Mindanao),MAIMBUNG PUBLIC MARKET,RICE,COMMERCIAL (LOCAL) Premium (Yellow tagged) - 5% BROKEN,,2026-02-11T13:58:45.973116+08:00
2026-02-11,150000000,BARMM (Bangsamoro Autonomous Region of Muslim Mindanao),MALUSO PUBLIC MARKET,RICE,COMMERCIAL (LOCAL) Premium (Yellow tagged) - 5% BROKEN,,2026-02-11T13:58:45.973116+08:00
2026-02-11,150000000,BARMM (Bangsamoro Autonomous Region of Muslim Mindanao),OMAIRA MARKET,RICE,COMMERCIAL (LOCAL) Premium (Yellow tagged) - 5% BROKEN,,2026-02-11T13:58:45.973116+08:00
2026-02-11,150000000,BARMM (Bangsamoro Autonomous Region of Muslim Mindanao),PARANG PUBLIC MARKET,RICE,COMMERCIAL (LOCAL) Premium (Yellow tagged) - 5% BROKEN,,2026-02-11T13:58:45.973116+08:00
2026-02-11,150000000,BARMM (Bangsamoro Autonomous Region of Muslim Mindanao),SHARIFF AGUAK PUBLIC MARKET,RICE,COMMERCIAL (LOCAL) Premium (Yellow tagged) - 5% BROKEN,,2026-02-11T13:58:45.973116+08:00
2026-02-11,150000000,BARMM (Bangsamoro Autonomous Region of Muslim Mindanao),"TUCA PUBLIC MARKET, MARAWI CITY",RICE,COMMERCIAL (LOCAL) Premium (Yellow tagged) - 5% BROKEN,,2026-02-11T13:58:45.973116+08:00
2026-02-11,150000000,BARMM (Bangsamoro Autonomous Region of Muslim Mindanao),BONGAO PUBLIC MARKET,RICE,COMMERCIAL (LOCAL) Regular Milled - 20-40% BRAN STREAK,,2026-02-11T13:58:45.973116+08:00
2026-02-11,150000000,BARMM (Bangsamoro Autonomous Region of Muslim Mindanao),COTABATO CITY MEGA MARKET,RICE,COMMERCIAL (LOCAL) Regular Milled - 20-40% BRAN STREAK,,2026-02-11T13:58:45.973116+08:00
2026-02-11,150000000,BARMM (Bangsamoro Autonomous Region of Muslim Mindanao),COTABATO CITY OLD MARKET,RICE,COMMERCIAL (LOCAL) Regular Milled - 20-40% BRAN STREAK,,2026-02-11T13:58:45.973116+08:00
2026-02-11,150000000,BARMM (Bangsamoro Autonomous Region of Muslim Mindanao),DATU ODIN SINSUAT PUBLIC MARKET,RICE,COMMERCIAL (LOCAL) Regular Milled - 20-40% BRAN STREAK,,2026-02-11T13:58:45.973116+08:00
2026-02-11,150000000,BARMM (Bangsamoro Autonomous Region of Muslim Mindanao),DATU PAGLAS PUBLIC MARKET,RICE,COMMERCIAL (LOCAL) Regular Milled - 20-40% BRAN STREAK,,2026-02-11T13:58:45.973116+08:00
2026-02-11,150000000,BARMM (Bangsamoro Autonomous Region of Muslim Mindanao),"JOLO PUBLIC, SERANTES CHINESE PIER MARKET",RICE,COMMERCIAL (LOCAL) Regular Milled - 20-40% BRAN STREAK,,2026-02-11T13:58:45.973116+08:00
2026-02-11,150000000,BARMM (Bangsamoro Autonomous Region of Muslim Mindanao),LAMITAN CITY PUBLIC MARKET,RICE,COMMERCIAL (LOCAL) Regular Milled - 20-40% BRAN STREAK,,2026-02-11T13:58:45.973116+08:00
2026-02-11,150000000,BARMM (Bangsamoro Autonomous Region of Muslim Mindanao),MAIMBUNG PUBLIC MARKET,RICE,COMMERCIAL (LOCAL) Regular Milled - 20-40% BRAN STREAK,,2026-02-11T13:58:45.973116+08:00
2026-02-11,150000000,BARMM (Bangsamoro Autonomous Region of Muslim Mindanao),MALUSO PUBLIC MARKET,RICE,COMMERCIAL (LOCAL) Regular Milled - 20-40% BRAN STREAK,,2026-02-11T13:58:45.973116+08:00
2026-02-11,150000000,BARMM (Bangsamoro Autonomous Region of Muslim Mindanao),OMAIRA MARKET,RICE,COMMERCIAL (LOCAL) Regular Milled - 20-40% BRAN STREAK,,2026-02-11T13:58:45.973116+08:00
2026-02-11,150000000,BARMM (Bangsamoro Autonomous Region of Muslim Mindanao),PARANG PUBLIC MARKET,RICE,COMMERCIAL (LOCAL) Regular Milled - 20-40% BRAN STREAK,,2026-02-11T13:58:45.973116+08:00
2026-02-11,150000000,BARMM (Bangsamoro Autonomous Region of Muslim Mindanao),SHARIFF AGUAK PUBLIC MARKET,RICE,COMMERCIAL (LOCAL) Regular Milled - 20-40% BRAN STREAK,,2026-02-11T13:58:45.973116+08:00
2026-02-11,150000000,BARMM (Bangsamoro Autonomous Region of Muslim Mindanao),"TUCA PUBLIC MARKET, MARAWI CITY",RICE,COMMERCIAL (LOCAL) Regular Milled - 20-40% BRAN STREAK,,2026-02-11T13:58:45.973116+08:00
2026-02-11,150000000,BARMM (Bangsamoro Autonomous Region of Muslim Mindanao),BONGAO PUBLIC MARKET,RICE,COMMERCIAL (LOCAL) Special (Blue tagged) - WHITE RICE,,2026-02-11T13:58:45.973116+08:00
2026-02-11,150000000,BARMM (Bangsamoro Autonomous Region of Muslim Mindanao),COTABATO CITY MEGA MARKET,RICE,COMMERCIAL (LOCAL) Special (Blue tagged) - WHITE RICE,,2026-02-11T13:58:45.973116+08:00
2026-02-11,150000000,BARMM (Bangsamoro Autonomous Region of Muslim Mindanao),COTABATO CITY OLD MARKET,RICE,COMMERCIAL (LOCAL) Special (Blue tagged) - WHITE RICE,,2026-02-11T13:58:45.973116+08:00
2026-02-11,150000000,BARMM (Bangsamoro Autonomous Region of Muslim Mindanao),DATU ODIN SINSUAT PUBLIC MARKET,RICE,COMMERCIAL (LOCAL) Special (Blue tagged) - WHITE RICE,,2026-02-11T13:58:45.973116+08:00
2026-02-11,150000000,BARMM (Bangsamoro Autonomous Region of Muslim Mindanao),DATU PAGLAS PUBLIC MARKET,RICE,COMMERCIAL (LOCAL) Special (Blue tagged) - WHITE RICE,,2026-02-11T13:58:45.973116+08:00
2026-02-11,150000000,BARMM (Bangsamoro Autonomous Region of Muslim Mindanao),"JOLO PUBLIC, SERANTES CHINESE PIER MARKET",RICE,COMMERCIAL (LOCAL) Special (Blue tagged) - WHITE RICE,,2026-02-11T13:58:45.973116+08:00
2026-02-11,150000000,BARMM (Bangsamoro Autonomous Region of Muslim Mindanao),MAIMBUNG PUBLIC MARKET,RICE,COMMERCIAL (LOCAL) Special (Blue tagged) - WHITE RICE,,2026-02-11T13:58:45.973116+08:00
2026-02-11,150000000,BARMM (Bangsamoro Autonomous Region of Muslim Mindanao),MALUSO PUBLIC MARKET,RICE,COMMERCIAL (LOCAL) Special (Blue tagged) - WHITE RICE,,2026-02-11T13:58:45.973116+08:00
2026-02-11,150000000,BARMM (Bangsamoro Autonomous Region of Muslim Mindanao),OMAIRA MARKET,RICE,COMMERCIAL (LOCAL) Special (Blue tagged) - WHITE RICE,,2026-02-11T13:58:45.973116+08:00
2026-02-11,150000000,BARMM (Bangsamoro Autonomous Region of Muslim Mindanao),PARANG PUBLIC MARKET,RICE,COMMERCIAL (LOCAL) Special (Blue tagged) - WHITE RICE,,2026-02-11T13:58:45.973116+08:00
2026-02-11,150000000,BARMM (Bangsamoro Autonomous Region of Muslim Mindanao),SHARIFF AGUAK PUBLIC MARKET,RICE,COMMERCIAL (LOCAL) Special (Blue tagged) - WHITE RICE,,2026-02-11T13:58:45.973116+08:00
2026-02-11,150000000,BARMM (Bangsamoro Autonomous Region of Muslim Mindanao),"TUCA PUBLIC MARKET, MARAWI CITY",RICE,COMMERCIAL (LOCAL) Special (Blue tagged) - WHITE RICE,,2026-02-11T13:58:45.973116+08:00
2026-02-11,150000000,BARMM (Bangsamoro Autonomous Region of Muslim Mindanao),BONGAO PUBLIC MARKET,RICE,COMMERCIAL (LOCAL) Well Milled - 1-19% BRAN STREAK,,2026-02-11T13:58:45.973116+08:00
2026-02-11,150000000,BARMM (Bangsamoro Autonomous Region of Muslim Mindanao),COTABATO CITY MEGA MARKET,RICE,COMMERCIAL (LOCAL) Well Milled - 1-19% BRAN STREAK,,2026-02-11T13:58:45.973116+08:00
2026-02-11,150000000,BARMM (Bangsamoro Autonomous Region of Muslim Mindanao),COTABATO CITY OLD MARKET,RICE,COMMERCIAL (LOCAL) Well Milled - 1-19% BRAN STREAK,,2026-02-11T13:58:45.973116+08:00
2026-02-11,150000000,BARMM (Bangsamoro Autonomous Region of Muslim Mindanao),DATU ODIN SINSUAT PUBLIC MARKET,RICE,COMMERCIAL (LOCAL) Well Milled - 1-19% BRAN STREAK,,2026-02-11T13:58:45.973116+08:00
2026-02-11,150000000,BARMM (Bangsamoro Autonomous Region of Muslim Mindanao),DATU PAGLAS PUBLIC MARKET,RICE,COMMERCIAL (LOCAL) Well Milled - 1-19% BRAN STREAK,,2026-02-11T13:58:45.973116+08:00
2026-02-11,150000000,BARMM (Bangsamoro Autonomous Region of Muslim Mindanao),"JOLO PUBLIC, SERANTES CHINESE PIER MARKET",RICE,COMMERCIAL (LOCAL) Well Milled - 1-19% BRAN STREAK,,2026-02-11T13:58:45.973116+08:00
2026-02-11,150000000,BARMM (Bangsamoro Autonomous Region of Muslim Mindanao),LAMITAN CITY PUBLIC MARKET,RICE,COMMERCIAL (LOCAL) Well Milled - 1-19% BRAN STREAK,,2026-02-11T13:58:45.973116+08:00
2026-02-11,150000000,BARMM (Bangsamoro Autonomous Region of Muslim Mindanao),MAIMBUNG PUBLIC MARKET,RICE,COMMERCIAL (LOCAL) Well Milled - 1-19% BRAN STREAK,,2026-02-11T13:58:45.973116+08:00
2026-02-11,150000000,BARMM (Bangsamoro Autonomous Region of Muslim Mindanao),MALUSO PUBLIC MARKET,RICE,COMMERCIAL (LOCAL) Well Milled - 1-19% BRAN STREAK,,2026-02-11T13:58:45.973116+08:00
2026-02-11,150000000,BARMM (Bangsamoro Autonomous Region of Muslim Mindanao),OMAIRA MARKET,RICE,COMMERCIAL (LOCAL) Well Milled - 1-19% BRAN STREAK,,2026-02-11T13:58:45.973116+08:00
2026-02-11,150000000,BARMM (Bangsamoro Autonomous Region of Muslim Mindanao),PARANG PUBLIC MARKET,RICE,COMMERCIAL (LOCAL) Well Milled - 1-19% BRAN STREAK,,2026-02-11T13:58:45.973116+08:00
2026-02-11,150000000,BARMM (Bangsamoro Autonomous Region of Muslim Mindanao),SHARIFF AGUAK PUBLIC MARKET,RICE,COMMERCIAL (LOCAL) Well Milled - 1-19% BRAN STREAK,,2026-02-11T13:58:45.973116+08:00
2026-02-11,150000000,BARMM (Bangsamoro Autonomous Region of Muslim Mindanao),"TUCA PUBLIC MARKET, MARAWI CITY",RICE,COMMERCIAL (LOCAL) Well Milled - 1-19% BRAN STREAK,,2026-02-11T13:58:45.973116+08:00
2026-02-11,150000000,BARMM (Bangsamoro Autonomous Region of Muslim Mindanao),BONGAO PUBLIC MARKET,RICE,NFA - KG,,2026-02-11T13:58:45.973116+08:00
2026-02-11,150000000,BARMM (Bangsamoro Autonomous Region of Muslim Mindanao),COTABATO CITY MEGA MARKET,RICE,NFA - KG,,2026-02-11T13:58:45.973116+08:00
2026-02-11,150000000,BARMM (Bangsamoro Autonomous Region of Muslim Mindanao),COTABATO CITY OLD MARKET,RICE,NFA - KG,,2026-02-11T13:58:45.973116+08:00
2026-02-11,150000000,BARMM (Bangsamoro Autonomous Region of Muslim Mindanao),DATU ODIN SINSUAT PUBLIC MARKET,RICE,NFA - KG,,2026-02-11T13:58:45.973116+08:00
2026-02-11,150000000,BARMM (Bangsamoro Autonomous Region of Muslim Mindanao),DATU PAGLAS PUBLIC MARKET,RICE,NFA - KG,,2026-02-11T13:58:45.973116+08:00
2026-02-11,150000000,BARMM (Bangsamoro Autonomous Region of Muslim Mindanao),"JOLO PUBLIC, SERANTES CHINESE PIER MARKET",RICE,NFA - KG,,2026-02-11T13:58:45.973116+08:00
2026-02-11,150000000,BARMM (Bangsamoro Autonomous Region of Muslim Mindanao),LAMITAN CITY PUBLIC MARKET,RICE,NFA - KG,,2026-02-11T13:58:45.973116+08:00
2026-02-11,150000000,BARMM (Bangsamoro Autonomous Region of Muslim Mindanao),MAIMBUNG PUBLIC MARKET,RICE,NFA - KG,,2026-02-11T13:58:45.973116+08:00
2026-02-11,150000000,BARMM (Bangsamoro Autonomous Region of Muslim Mindanao),MALUSO PUBLIC MARKET,RICE,NFA - KG,,2026-02-11T13:58:45.973116+08:00
2026-02-11,150000000,BARMM (Bangsamoro Autonomous Region of Muslim Mindanao),OMAIRA MARKET,RICE,NFA - KG,,2026-02-11T13:58:45.973116+08:00
2026-02-11,150000000,BARMM (Bangsamoro Autonomous Region of Muslim Mindanao),PARANG PUBLIC MARKET,RICE,NFA - KG,,2026-02-11T13:58:45.973116+08:00
2026-02-11,150000000,BARMM (Bangsamoro Autonomous Region of Muslim Mindanao),SHARIFF AGUAK PUBLIC MARKET,RICE,NFA - KG,,2026-02-11T13:58:45.973116+08:00
2026-02-11,150000000,BARMM (Bangsamoro Autonomous Region of Muslim Mindanao),"TUCA PUBLIC MARKET, MARAWI CITY",RICE,NFA - KG,,2026-02-11T13:58:45.973116+08:00
2026-02-11,150000000,BARMM (Bangsamoro Autonomous Region of Muslim Mindanao),BONGAO PUBLIC MARKET,SPICES,Chili (Red) - KG,,2026-02-11T13:58:45.973116+08:00
2026-02-11,150000000,BARMM (Bangsamoro Autonomous Region of Muslim Mindanao),COTABATO CITY MEGA MARKET,SPICES,Chili (Red) - KG,,2026-02-11T13:58:45.973116+08:00
2026-02-11,150000000,BARMM (Bangsamoro Autonomous Region of Muslim Mindanao),COTABATO CITY OLD MARKET,SPICES,Chili (Red) - KG,,2026-02-11T13:58:45.973116+08:00
2026-02-11,150000000,BARMM (Bangsamoro Autonomous Region of Muslim Mindanao),DATU ODIN SINSUAT PUBLIC MARKET,SPICES,Chili (Red) - KG,,2026-02-11T13:58:45.973116+08:00
2026-02-11,150000000,BARMM (Bangsamoro Autonomous Region of Muslim Mindanao),DATU PAGLAS PUBLIC MARKET,SPICES,Chili (Red) - KG,,2026-02-11T13:58:45.973116+08:00
2026-02-11,150000000,BARMM (Bangsamoro Autonomous Region of Muslim Mindanao),"JOLO PUBLIC, SERANTES CHINESE PIER MARKET",SPICES,Chili (Red) - KG,,2026-02-11T13:58:45.973116+08:00
2026-02-11,150000000,BARMM (Bangsamoro Autonomous Region of Muslim Mindanao),LAMITAN CITY PUBLIC MARKET,SPICES,Chili (Red) - KG,,2026-02-11T13:58:45.973116+08:00
2026-02-11,150000000,BARMM (Bangsamoro Autonomous Region of Muslim Mindanao),MAIMBUNG PUBLIC MARKET,SPICES,Chili (Red) - KG,,2026-02-11T13:58:45.973116+08:00
2026-02-11,150000000,BARMM (Bangsamoro Autonomous Region of Muslim Mindanao),MALUSO PUBLIC MARKET,SPICES,Chili (Red) - KG,,2026-02-11T13:58:45.973116+08:00
2026-02-11,150000000,BARMM (Bangsamoro Autonomous Region of Muslim Mindanao),OMAIRA MARKET,SPICES,Chili (Red) - KG,,2026-02-11T13:58:45.973116+08:00
2026-02-11,150000000,BARMM (Bangsamoro Autonomous Region of Muslim Mindanao),PARANG PUBLIC MARKET,SPICES,Chili (Red) - KG,,2026-02-11T13:58:45.973116+08:00
2026-02-11,150000000,BARMM (Bangsamoro Autonomous Region of Muslim Mindanao),SHARIFF AGUAK PUBLIC MARKET,SPICES,Chili (Red) - KG,,2026-02-11T13:58:45.973116+08:00
2026-02-11,150000000,BARMM (Bangsamoro Autonomous Region of Muslim Mindanao),"TUCA PUBLIC MARKET, MARAWI CITY",SPICES,Chili (Red) - KG,,2026-02-11T13:58:45.973116+08:00
2026-02-11,150000000,BARMM (Bangsamoro Autonomous Region of Muslim Mindanao),BONGAO PUBLIC MARKET,SPICES,Garlic(Imported) - KG,,2026-02-11T13:58:45.973116+08:00
2026-02-11,150000000,BARMM (Bangsamoro Autonomous Region of Muslim Mindanao),COTABATO CITY MEGA MARKET,SPICES,Garlic(Imported) - KG,,2026-02-11T13:58:45.973116+08:00
2026-02-11,150000000,BARMM (Bangsamoro Autonomous Region of Muslim Mindanao),COTABATO CITY OLD MARKET,SPICES,Garlic(Imported) - KG,,2026-02-11T13:58:45.973116+08:00
2026-02-11,150000000,BARMM (Bangsamoro Autonomous Region of Muslim Mindanao),DATU ODIN SINSUAT PUBLIC MARKET,SPICES,Garlic(Imported) - KG,,2026-02-11T13:58:45.973116+08:00
2026-02-11,150000000,BARMM (Bangsamoro Autonomous Region of Muslim Mindanao),DATU PAGLAS PUBLIC MARKET,SPICES,Garlic(Imported) - KG,,2026-02-11T13:58:45.973116+08:00
2026-02-11,150000000,BARMM (Bangsamoro Autonomous Region of Muslim Mindanao),"JOLO PUBLIC, SERANTES CHINESE PIER MARKET",SPICES,Garlic(Imported) - KG,,2026-02-11T13:58:45.973116+08:00
2026-02-11,150000000,BARMM (Bangsamoro Autonomous Region of Muslim Mindanao),MAIMBUNG PUBLIC MARKET,SPICES,Garlic(Imported) - KG,,2026-02-11T13:58:45.973116+08:00
2026-02-11,150000000,BARMM (Bangsamoro Autonomous Region of Muslim Mindanao),MALUSO PUBLIC MARKET,SPICES,Garlic(Imported) - KG,,2026-02-11T13:58:45.973116+08:00
2026-02-11,150000000,BARMM (Bangsamoro Autonomous Region of Muslim Mindanao),OMAIRA MARKET,SPICES,Garlic(Imported) - KG,,2026-02-11T13:58:45.973116+08:00
2026-02-11,150000000,BARMM (Bangsamoro Autonomous Region of Muslim Mindanao),PARANG PUBLIC MARKET,SPICES,Garlic(Imported) - KG,,2026-02-11T13:58:45.973116+08:00
2026-02-11,150000000,BARMM (Bangsamoro Autonomous Region of Muslim Mindanao),SHARIFF AGUAK PUBLIC MARKET,SPICES,Garlic(Imported) - KG,,2026-02-11T13:58:45.973116+08:00
2026-02-11,150000000,BARMM (Bangsamoro Autonomous Region of Muslim Mindanao),"TUCA PUBLIC MARKET, MARAWI CITY",SPICES,Garlic(Imported) - KG,,2026-02-11T13:58:45.973116+08:00
2026-02-11,150000000,BARMM (Bangsamoro Autonomous Region of Muslim Mindanao),BONGAO PUBLIC MARKET,SPICES,Garlic(Native) - KG,,2026-02-11T13:58:45.973116+08:00
2026-02-11,150000000,BARMM (Bangsamoro Autonomous Region of Muslim Mindanao),COTABATO CITY MEGA MARKET,SPICES,Garlic(Native) - KG,,2026-02-11T13:58:45.973116+08:00
2026-02-11,150000000,BARMM (Bangsamoro Autonomous Region of Muslim Mindanao),COTABATO CITY OLD MARKET,SPICES,Garlic(Native) - KG,,2026-02-11T13:58:45.973116+08:00
2026-02-11,150000000,BARMM (Bangsamoro Autonomous Region of Muslim Mindanao),DATU ODIN SINSUAT PUBLIC MARKET,SPICES,Garlic(Native) - KG,,2026-02-11T13:58:45.973116+08:00
2026-02-11,150000000,BARMM (Bangsamoro Autonomous Region of Muslim Mindanao),DATU PAGLAS PUBLIC MARKET,SPICES,Garlic(Native) - KG,,2026-02-11T13:58:45.973116+08:00
2026-02-11,150000000,BARMM (Bangsamoro Autonomous Region of Muslim Mindanao),"JOLO PUBLIC, SERANTES CHINESE PIER MARKET",SPICES,Garlic(Native) - KG,,2026-02-11T13:58:45.973116+08:00
2026-02-11,150000000,BARMM (Bangsamoro Autonomous Region of Muslim Mindanao),LAMITAN CITY PUBLIC MARKET,SPICES,Garlic(Native) - KG,,2026-02-11T13:58:45.973116+08:00
2026-02-11,150000000,BARMM (Bangsamoro Autonomous Region of Muslim Mindanao),MAIMBUNG PUBLIC MARKET,SPICES,Garlic(Native) - KG,,2026-02-11T13:58:45.973116+08:00
2026-02-11,150000000,BARMM (Bangsamoro Autonomous Region of Muslim Mindanao),MALUSO PUBLIC MARKET,SPICES,Garlic(Native) - KG,,2026-02-11T13:58:45.973116+08:00
2026-02-11,150000000,BARMM (Bangsamoro Autonomous Region of Muslim Mindanao),OMAIRA MARKET,SPICES,Garlic(Native) - KG,,2026-02-11T13:58:45.973116+08:00
2026-02-11,150000000,BARMM (Bangsamoro Autonomous Region of Muslim Mindanao),PARANG PUBLIC MARKET,SPICES,Garlic(Native) - KG,,2026-02-11T13:58:45.973116+08:00
2026-02-11,150000000,BARMM (Bangsamoro Autonomous Region of Muslim Mindanao),SHARIFF AGUAK PUBLIC MARKET,SPICES,Garlic(Native) - KG,,2026-02-11T13:58:45.973116+08:00
2026-02-11,150000000,BARMM (Bangsamoro Autonomous Region of Muslim Mindanao),"TUCA PUBLIC MARKET, MARAWI CITY",SPICES,Garlic(Native) - KG,,2026-02-11T13:58:45.973116+08:00
2026-02-11,150000000,BARMM (Bangsamoro Autonomous Region of Muslim Mindanao),BONGAO PUBLIC MARKET,SPICES,"Ginger - FAIRLY WELL-MATURED, MEDIUM (150-300 GM)",,2026-02-11T13:58:45.973116+08:00
2026-02-11,150000000,BARMM (Bangsamoro Autonomous Region of Muslim Mindanao),COTABATO CITY MEGA MARKET,SPICES,"Ginger - FAIRLY WELL-MATURED, MEDIUM (150-300 GM)",,2026-02-11T13:58:45.973116+08:00
2026-02-11,150000000,BARMM (Bangsamoro Autonomous Region of Muslim Mindanao),COTABATO CITY OLD MARKET,SPICES,"Ginger - FAIRLY WELL-MATURED, MEDIUM (150-300 GM)",,2026-02-11T13:58:45.973116+08:00
2026-02-11,150000000,BARMM (Bangsamoro Autonomous Region of Muslim Mindanao),DATU ODIN SINSUAT PUBLIC MARKET,SPICES,"Ginger - FAIRLY WELL-MATURED, MEDIUM (150-300 GM)",,2026-02-11T13:58:45.973116+08:00
2026-02-11,150000000,BARMM (Bangsamoro Autonomous Region of Muslim Mindanao),DATU PAGLAS PUBLIC MARKET,SPICES,"Ginger - FAIRLY WELL-MATURED, MEDIUM (150-300 GM)",,2026-02-11T13:58:45.973116+08:00
2026-02-11,150000000,BARMM (Bangsamoro Autonomous Region of Muslim Mindanao),"JOLO PUBLIC, SERANTES CHINESE PIER MARKET",SPICES,"Ginger - FAIRLY WELL-MATURED, MEDIUM (150-300 GM)",,2026-02-11T13:58:45.973116+08:00
2026-02-11,150000000,BARMM (Bangsamoro Autonomous Region of Muslim Mindanao),MAIMBUNG PUBLIC MARKET,SPICES,"Ginger - FAIRLY WELL-MATURED, MEDIUM (150-300 GM)",,2026-02-11T13:58:45.973116+08:00
2026-02-11,150000000,BARMM (Bangsamoro Autonomous Region of Muslim Mindanao),MALUSO PUBLIC MARKET,SPICES,"Ginger - FAIRLY WELL-MATURED, MEDIUM (150-300 GM)",,2026-02-11T13:58:45.973116+08:00
2026-02-11,150000000,BARMM (Bangsamoro Autonomous Region of Muslim Mindanao),OMAIRA MARKET,SPICES,"Ginger - FAIRLY WELL-MATURED, MEDIUM (150-300 GM)",,2026-02-11T13:58:45.973116+08:00
2026-02-11,150000000,BARMM (Bangsamoro Autonomous Region of Muslim Mindanao),PARANG PUBLIC MARKET,SPICES,"Ginger - FAIRLY WELL-MATURED, MEDIUM (150-300 GM)",,2026-02-11T13:58:45.973116+08:00
2026-02-11,150000000,BARMM (Bangsamoro Autonomous Region of Muslim Mindanao),SHARIFF AGUAK PUBLIC MARKET,SPICES,"Ginger - FAIRLY WELL-MATURED, MEDIUM (150-300 GM)",,2026-02-11T13:58:45.973116+08:00
2026-02-11,150000000,BARMM (Bangsamoro Autonomous Region of Muslim Mindanao),"TUCA PUBLIC MARKET, MARAWI CITY",SPICES,"Ginger - FAIRLY WELL-MATURED, MEDIUM (150-300 GM)",,2026-02-11T13:58:45.973116+08:00
2026-02-11,150000000,BARMM (Bangsamoro Autonomous Region of Muslim Mindanao),BONGAO PUBLIC MARKET,SPICES,Red Onion (Imported) - KG,,2026-02-11T13:58:45.973116+08:00
2026-02-11,150000000,BARMM (Bangsamoro Autonomous Region of Muslim Mindanao),COTABATO CITY MEGA MARKET,SPICES,Red Onion (Imported) - KG,,2026-02-11T13:58:45.973116+08:00
2026-02-11,150000000,BARMM (Bangsamoro Autonomous Region of Muslim Mindanao),COTABATO CITY OLD MARKET,SPICES,Red Onion (Imported) - KG,,2026-02-11T13:58:45.973116+08:00
2026-02-11,150000000,BARMM (Bangsamoro Autonomous Region of Muslim Mindanao),DATU ODIN SINSUAT PUBLIC MARKET,SPICES,Red Onion (Imported) - KG,,2026-02-11T13:58:45.973116+08:00
2026-02-11,150000000,BARMM (Bangsamoro Autonomous Region of Muslim Mindanao),DATU PAGLAS PUBLIC MARKET,SPICES,Red Onion (Imported) - KG,,2026-02-11T13:58:45.973116+08:00
2026-02-11,150000000,BARMM (Bangsamoro Autonomous Region of Muslim Mindanao),"JOLO PUBLIC, SERANTES CHINESE PIER MARKET",SPICES,Red Onion (Imported) - KG,,2026-02-11T13:58:45.973116+08:00
2026-02-11,150000000,BARMM (Bangsamoro Autonomous Region of Muslim Mindanao),LAMITAN CITY PUBLIC MARKET,SPICES,Red Onion (Imported) - KG,,2026-02-11T13:58:45.973116+08:00
2026-02-11,150000000,BARMM (Bangsamoro Autonomous Region of Muslim Mindanao),MAIMBUNG PUBLIC MARKET,SPICES,Red Onion (Imported) - KG,,2026-02-11T13:58:45.973116+08:00
2026-02-11,150000000,BARMM (Bangsamoro Autonomous Region of Muslim Mindanao),MALUSO PUBLIC MARKET,SPICES,Red Onion (Imported) - KG,,2026-02-11T13:58:45.973116+08:00
2026-02-11,150000000,BARMM (Bangsamoro Autonomous Region of Muslim Mindanao),OMAIRA MARKET,SPICES,Red Onion (Imported) - KG,,2026-02-11T13:58:45.973116+08:00
2026-02-11,150000000,BARMM (Bangsamoro Autonomous Region of Muslim Mindanao),PARANG PUBLIC MARKET,SPICES,Red Onion (Imported) - KG,,2026-02-11T13:58:45.973116+08:00
2026-02-11,150000000,BARMM (Bangsamoro Autonomous Region of Muslim Mindanao),SHARIFF AGUAK PUBLIC MARKET,SPICES,Red Onion (Imported) - KG,,2026-02-11T13:58:45.973116+08:00
2026-02-11,150000000,BARMM (Bangsamoro Autonomous Region of Muslim Mindanao),"TUCA PUBLIC MARKET, MARAWI CITY",SPICES,Red Onion (Imported) - KG,,2026-02-11T13:58:45.973116+08:00
2026-02-11,150000000,BARMM (Bangsamoro Autonomous Region of Muslim Mindanao),BONGAO PUBLIC MARKET,SPICES,Red Onion - 13-15 PCS/KG,,2026-02-11T13:58:45.973116+08:00
2026-02-11,150000000,BARMM (Bangsamoro Autonomous Region of Muslim Mindanao),COTABATO CITY MEGA MARKET,SPICES,Red Onion - 13-15 PCS/KG,,2026-02-11T13:58:45.973116+08:00
2026-02-11,150000000,BARMM (Bangsamoro Autonomous Region of Muslim Mindanao),COTABATO CITY OLD MARKET,SPICES,Red Onion - 13-15 PCS/KG,,2026-02-11T13:58:45.973116+08:00
2026-02-11,150000000,BARMM (Bangsamoro Autonomous Region of Muslim Mindanao),DATU ODIN SINSUAT PUBLIC MARKET,SPICES,Red Onion - 13-15 PCS/KG,,2026-02-11T13:58:45.973116+08:00
2026-02-11,150000000,BARMM (Bangsamoro Autonomous Region of Muslim Mindanao),DATU PAGLAS PUBLIC MARKET,SPICES,Red Onion - 13-15 PCS/KG,,2026-02-11T13:58:45.973116+08:00
2026-02-11,150000000,BARMM (Bangsamoro Autonomous Region of Muslim Mindanao),"JOLO PUBLIC, SERANTES CHINESE PIER MARKET",SPICES,Red Onion - 13-15 PCS/KG,,2026-02-11T13:58:45.973116+08:00
2026-02-11,150000000,BARMM (Bangsamoro Autonomous Region of Muslim Mindanao),MAIMBUNG PUBLIC MARKET,SPICES,Red Onion - 13-15 PCS/KG,,2026-02-11T13:58:45.973116+08:00
2026-02-11,150000000,BARMM (Bangsamoro Autonomous Region of Muslim Mindanao),MALUSO PUBLIC MARKET,SPICES,Red Onion - 13-15 PCS/KG,,2026-02-11T13:58:45.973116+08:00
2026-02-11,150000000,BARMM (Bangsamoro Autonomous Region of Muslim Mindanao),OMAIRA MARKET,SPICES,Red Onion - 13-15 PCS/KG,,2026-02-11T13:58:45.973116+08:00
2026-02-11,150000000,BARMM (Bangsamoro Autonomous Region of Muslim Mindanao),PARANG PUBLIC MARKET,SPICES,Red Onion - 13-15 PCS/KG,,2026-02-11T13:58:45.973116+08:00
2026-02-11,150000000,BARMM (Bangsamoro Autonomous Region of Muslim Mindanao),SHARIFF AGUAK PUBLIC MARKET,SPICES,Red Onion - 13-15 PCS/KG,,2026-02-11T13:58:45.973116+08:00
2026-02-11,150000000,BARMM (Bangsamoro Autonomous Region of Muslim Mindanao),"TUCA PUBLIC MARKET, MARAWI CITY",SPICES,Red Onion - 13-15 PCS/KG,,2026-02-11T13:58:45.973116+08:00
2026-02-11,150000000,BARMM (Bangsamoro Autonomous Region of Muslim Mindanao),BONGAO PUBLIC MARKET,SPICES,White Onion (Imported) - KG,,2026-02-11T13:58:45.973116+08:00
2026-02-11,150000000,BARMM (Bangsamoro Autonomous Region of Muslim Mindanao),COTABATO CITY MEGA MARKET,SPICES,White Onion (Imported) - KG,,2026-02-11T13:58:45.973116+08:00
2026-02-11,150000000,BARMM (Bangsamoro Autonomous Region of Muslim Mindanao),COTABATO CITY OLD MARKET,SPICES,White Onion (Imported) - KG,,2026-02-11T13:58:45.973116+08:00
2026-02-11,150000000,BARMM (Bangsamoro Autonomous Region of Muslim Mindanao),DATU ODIN SINSUAT PUBLIC MARKET,SPICES,White Onion (Imported) - KG,,2026-02-11T13:58:45.973116+08:00
2026-02-11,150000000,BARMM (Bangsamoro Autonomous Region of Muslim Mindanao),DATU PAGLAS PUBLIC MARKET,SPICES,White Onion (Imported) - KG,,2026-02-11T13:58:45.973116+08:00
2026-02-11,150000000,BARMM (Bangsamoro Autonomous Region of Muslim Mindanao),"JOLO PUBLIC, SERANTES CHINESE PIER MARKET",SPICES,White Onion (Imported) - KG,,2026-02-11T13:58:45.973116+08:00
2026-02-11,150000000,BARMM (Bangsamoro Autonomous Region of Muslim Mindanao),LAMITAN CITY PUBLIC MARKET,SPICES,White Onion (Imported) - KG,,2026-02-11T13:58:45.973116+08:00
2026-02-11,150000000,BARMM (Bangsamoro Autonomous Region of Muslim Mindanao),MAIMBUNG PUBLIC MARKET,SPICES,White Onion (Imported) - KG,,2026-02-11T13:58:45.973116+08:00
2026-02-11,150000000,BARMM (Bangsamoro Autonomous Region of Muslim Mindanao),MALUSO PUBLIC MARKET,SPICES,White Onion (Imported) - KG,,2026-02-11T13:58:45.973116+08:00
2026-02-11,150000000,BARMM (Bangsamoro Autonomous Region of Muslim Mindanao),OMAIRA MARKET,SPICES,White Onion (Imported) - KG,,2026-02-11T13:58:45.973116+08:00
2026-02-11,150000000,BARMM (Bangsamoro Autonomous Region of Muslim Mindanao),PARANG PUBLIC MARKET,SPICES,White Onion (Imported) - KG,,2026-02-11T13:58:45.973116+08:00
2026-02-11,150000000,BARMM (Bangsamoro Autonomous Region of Muslim Mindanao),SHARIFF AGUAK PUBLIC MARKET,SPICES,White Onion (Imported) - KG,,2026-02-11T13:58:45.973116+08:00
2026-02-11,150000000,BARMM (Bangsamoro Autonomous Region of Muslim Mindanao),"TUCA PUBLIC MARKET, MARAWI CITY",SPICES,White Onion (Imported) - KG,,2026-02-11T13:58:45.973116+08:00
2026-02-11,150000000,BARMM (Bangsamoro Autonomous Region of Muslim Mindanao),BONGAO PUBLIC MARKET,SPICES,White Onion - KG,,2026-02-11T13:58:45.973116+08:00
2026-02-11,150000000,BARMM (Bangsamoro Autonomous Region of Muslim Mindanao),COTABATO CITY MEGA MARKET,SPICES,White Onion - KG,,2026-02-11T13:58:45.973116+08:00
2026-02-11,150000000,BARMM (Bangsamoro Autonomous Region of Muslim Mindanao),COTABATO CITY OLD MARKET,SPICES,White Onion - KG,,2026-02-11T13:58:45.973116+08:00
2026-02-11,150000000,BARMM (Bangsamoro Autonomous Region of Muslim Mindanao),DATU ODIN SINSUAT PUBLIC MARKET,SPICES,White Onion - KG,,2026-02-11T13:58:45.973116+08:00
2026-02-11,150000000,BARMM (Bangsamoro Autonomous Region of Muslim Mindanao),DATU PAGLAS PUBLIC MARKET,SPICES,White Onion - KG,,2026-02-11T13:58:45.973116+08:00
2026-02-11,150000000,BARMM (Bangsamoro Autonomous Region of Muslim Mindanao),"JOLO PUBLIC, SERANTES CHINESE PIER MARKET",SPICES,White Onion - KG,,2026-02-11T13:58:45.973116+08:00
2026-02-11,150000000,BARMM (Bangsamoro Autonomous Region of Muslim Mindanao),MAIMBUNG PUBLIC MARKET,SPICES,White Onion - KG,,2026-02-11T13:58:45.973116+08:00
2026-02-11,150000000,BARMM (Bangsamoro Autonomous Region of Muslim Mindanao),MALUSO PUBLIC MARKET,SPICES,White Onion - KG,,2026-02-11T13:58:45.973116+08:00
2026-02-11,150000000,BARMM (Bangsamoro Autonomous Region of Muslim Mindanao),OMAIRA MARKET,SPICES,White Onion - KG,,2026-02-11T13:58:45.973116+08:00
2026-02-11,150000000,BARMM (Bangsamoro Autonomous Region of Muslim Mindanao),PARANG PUBLIC MARKET,SPICES,White Onion - KG,,2026-02-11T13:58:45.973116+08:00
2026-02-11,150000000,BARMM (Bangsamoro Autonomous Region of Muslim Mindanao),SHARIFF AGUAK PUBLIC MARKET,SPICES,White Onion - KG,,2026-02-11T13:58:45.973116+08:00
2026-02-11,150000000,BARMM (Bangsamoro Autonomous Region of Muslim Mindanao),"TUCA PUBLIC MARKET, MARAWI CITY",SPICES,White Onion - KG,,2026-02-11T13:58:45.973116+08:00
2026-02-11,150000000,,LAMITAN CITY PUBLIC MARKET,Rice,COMMERCIAL (IMPORTED) Premium (Yellow tagged) - 5% BROKEN,57.0,
2026-02-11,150000000,,LAMITAN CITY PUBLIC MARKET,Rice,COMMERCIAL (IMPORTED) Special (Blue tagged) - WHITE RICE,60.0,
2026-02-11,150000000,,LAMITAN CITY PUBLIC MARKET,Rice,COMMERCIAL (IMPORTED) Well Milled - 1-19% BRAN STREAK,53.0,
2026-02-11,150000000,,LAMITAN CITY PUBLIC MARKET,Rice,COMMERCIAL (LOCAL) Premium (Yellow tagged) - 5% BROKEN,55.0,
2026-02-11,150000000,,LAMITAN CITY PUBLIC MARKET,Rice,COMMERCIAL (LOCAL) Special (Blue tagged) - WHITE RICE,65.0,
2026-02-11,150000000,,LAMITAN CITY PUBLIC MARKET,Corn,"Corn (Yellow) - Cob, Sweet Corn",80.0,
2026-02-11,150000000,,LAMITAN CITY PUBLIC MARKET,Corn,"Corn Grits (Yellow, Food Grade) - KG",50.0,
2026-02-11,150000000,,LAMITAN CITY PUBLIC MARKET,Fish,Alumahan - MEDIUM (4-6PCS/KG),150.0,
2026-02-11,150000000,,LAMITAN CITY PUBLIC MARKET,Fish,Sardines (Tamban),25.0,
2026-02-11,150000000,,LAMITAN CITY PUBLIC MARKET,Fish,Squid (Pusit Bisaya) - Medium,150.0,
2026-02-11,150000000,,LAMITAN CITY PUBLIC MARKET,Fruits,Calamansi - KG,80.0,
2026-02-11,150000000,,LAMITAN CITY PUBLIC MARKET,Fruits,Banana (Latundan) - 10-12PCS/KG,50.0,
2026-02-11,150000000,,LAMITAN CITY PUBLIC MARKET,Fruits,"Mango (Carabao) - RIPE, 3-4PCS/KG",150.0,
2026-02-11,150000000,,LAMITAN CITY PUBLIC MARKET,Fruits,"Papaya - SOLO, RIPE, 2-3PCS",60.0,
2026-02-11,150000000,,LAMITAN CITY PUBLIC MARKET,Fruits,Avocado,100.0,
2026-02-11,150000000,,LAMITAN CITY PUBLIC MARKET,Fruits,Watermelon - KG,60.0,
2026-02-11,150000000,,LAMITAN CITY PUBLIC MARKET,Fruits,Banana (Saba) - KG,50.0,
2026-02-11,150000000,,LAMITAN CITY PUBLIC MARKET,Highland Vegetables,Cabbage (Scorpio) - 750GM-1KG/HEAD,120.0,
2026-02-11,150000000,,LAMITAN CITY PUBLIC MARKET,Highland Vegetables,Carrots - 8-10PCS/KG,120.0,
2026-02-11,150000000,,LAMITAN CITY PUBLIC MARKET,Highland Vegetables,White Potato - 10-12PCS/KG,120.0,
2026-02-11,150000000,,LAMITAN CITY PUBLIC MARKET,Highland Vegetables,Chayote - KG,50.0,
2026-02-11,150000000,,LAMITAN CITY PUBLIC MARKET,Highland Vegetables,Bell Pepper (Green) - MEDIUM (151-250GM/PC),400.0,
2026-02-11,150000000,,LAMITAN CITY PUBLIC MARKET,Highland Vegetables,Bell Pepper (Red) - MEDIUM (151-250GM/PC),400.0,
2026-02-11,150000000,,LAMITAN CITY PUBLIC MARKET,Lowland Vegetables,Ampalaya - 4-5 PCS/KG,120.0,
2026-02-11,150000000,,LAMITAN CITY PUBLIC MARKET,Lowland Vegetables,Squash - SUPREMA VARIETY,50.0,
2026-02-11,150000000,,LAMITAN CITY PUBLIC MARKET,Lowland Vegetables,Pechay (Native) - 3-4 SMALL BUNDLES/KG,65.0,
2026-02-11,150000000,,LAMITAN CITY PUBLIC MARKET,Lowland Vegetables,Sitao - 3-4 SMALL BUNDLES/KG,65.0,
2026-02-11,150000000,,LAMITAN CITY PUBLIC MARKET,Lowland Vegetables,Eggplant - 3-4 SMALL BUNDLES/KG,100.0,
2026-02-11,150000000,,LAMITAN CITY PUBLIC MARKET,Lowland Vegetables,Tomato - 15-18 PCS/KG,100.0,
2026-02-11,150000000,,LAMITAN CITY PUBLIC MARKET,Meat and Poultry,"Chicken Egg (White, Medium) - 56-60 grams/pc",9.0,
2026-02-11,150000000,,LAMITAN CITY PUBLIC MARKET,Meat and Poultry,Whole Chicken - FULLY DRESSED,190.0,
2026-02-11,150000000,,LAMITAN CITY PUBLIC MARKET,Meat and Poultry,"Chicken Egg (White, Large) - 61-65 grams/pc",10.0,
2026-02-11,150000000,,LAMITAN CITY PUBLIC MARKET,Meat and Poultry,"Chicken Egg (White, Extra Large) - 66-70 grams/pc",12.0,
2026-02-11,150000000,,LAMITAN CITY PUBLIC MARKET,Spices,Garlic(Imported) - KG,180.0,
2026-02-11,150000000,,LAMITAN CITY PUBLIC MARKET,Spices,"Ginger - FAIRLY WELL-MATURED, MEDIUM (150-300 GM)",100.0,
2026-02-11,150000000,,LAMITAN CITY PUBLIC MARKET,Spices,Red Onion - 13-15 PCS/KG,200.0,
2026-02-11,150000000,,LAMITAN CITY PUBLIC MARKET,Spices,White Onion - KG,240.0,
2026-02-11,150000000,,LAMITAN CITY PUBLIC MARKET,Other Commodities,Cooking Oil Palm 1L - 1 LITER/BOTTLE,120.0,
2026-02-11,150000000,,LAMITAN CITY PUBLIC MARKET,Other Commodities,Cooking Oil Palm 350ML - 350 ML/BOTTLE,50.0,
2026-02-11,150000000,,LAMITAN CITY PUBLIC MARKET,Other Commodities,Sugar (Brown) - KG,60.0,
2026-02-11,150000000,,LAMITAN CITY PUBLIC MARKET,Other Commodities,Sugar (Refined) - KG,70.0,
2026-02-11,150000000,,LAMITAN CITY PUBLIC MARKET,Rice,COMMERCIAL (IMPORTED) Premium (Yellow tagged) - 5% BROKEN,57.0,
2026-02-11,150000000,,LAMITAN CITY PUBLIC MARKET,Rice,COMMERCIAL (IMPORTED) Special (Blue tagged) - WHITE RICE,60.0,
2026-02-11,150000000,,LAMITAN CITY PUBLIC MARKET,Rice,COMMERCIAL (IMPORTED) Well Milled - 1-19% BRAN STREAK,53.0,
2026-02-11,150000000,,LAMITAN CITY PUBLIC MARKET,Rice,COMMERCIAL (LOCAL) Premium (Yellow tagged) - 5% BROKEN,55.0,
2026-02-11,150000000,,LAMITAN CITY PUBLIC MARKET,Rice,COMMERCIAL (LOCAL) Special (Blue tagged) - WHITE RICE,65.0,
2026-02-11,150000000,,LAMITAN CITY PUBLIC MARKET,Corn,"Corn (Yellow) - Cob, Sweet Corn",80.0,
2026-02-11,150000000,,LAMITAN CITY PUBLIC MARKET,Corn,"Corn Grits (Yellow, Food Grade) - KG",50.0,
2026-02-11,150000000,,LAMITAN CITY PUBLIC MARKET,Fish,Alumahan - MEDIUM (4-6PCS/KG),150.0,
2026-02-11,150000000,,LAMITAN CITY PUBLIC MARKET,Fish,Sardines (Tamban),25.0,
2026-02-11,150000000,,LAMITAN CITY PUBLIC MARKET,Fish,Squid (Pusit Bisaya) - Medium,150.0,
2026-02-11,150000000,,LAMITAN CITY PUBLIC MARKET,Fruits,Calamansi - KG,80.0,
2026-02-11,150000000,,LAMITAN CITY PUBLIC MARKET,Fruits,Banana (Latundan) - 10-12PCS/KG,50.0,
2026-02-11,150000000,,LAMITAN CITY PUBLIC MARKET,Fruits,"Mango (Carabao) - RIPE, 3-4PCS/KG",150.0,
2026-02-11,150000000,,LAMITAN CITY PUBLIC MARKET,Fruits,"Papaya - SOLO, RIPE, 2-3PCS",60.0,
2026-02-11,150000000,,LAMITAN CITY PUBLIC MARKET,Fruits,Avocado,100.0,
2026-02-11,150000000,,LAMITAN CITY PUBLIC MARKET,Fruits,Watermelon - KG,60.0,
2026-02-11,150000000,,LAMITAN CITY PUBLIC MARKET,Fruits,Banana (Saba) - KG,50.0,
2026-02-11,150000000,,LAMITAN CITY PUBLIC MARKET,Highland Vegetables,Cabbage (Scorpio) - 750GM-1KG/HEAD,120.0,
2026-02-11,150000000,,LAMITAN CITY PUBLIC MARKET,Highland Vegetables,Carrots - 8-10PCS/KG,120.0,
2026-02-11,150000000,,LAMITAN CITY PUBLIC MARKET,Highland Vegetables,White Potato - 10-12PCS/KG,120.0,
2026-02-11,150000000,,LAMITAN CITY PUBLIC MARKET,Highland Vegetables,Chayote - KG,50.0,
2026-02-11,150000000,,LAMITAN CITY PUBLIC MARKET,Highland Vegetables,Bell Pepper (Green) - MEDIUM (151-250GM/PC),400.0,
2026-02-11,150000000,,LAMITAN CITY PUBLIC MARKET,Highland Vegetables,Bell Pepper (Red) - MEDIUM (151-250GM/PC),400.0,
2026-02-11,150000000,,LAMITAN CITY PUBLIC MARKET,Lowland Vegetables,Ampalaya - 4-5 PCS/KG,120.0,
2026-02-11,150000000,,LAMITAN CITY PUBLIC MARKET,Lowland Vegetables,Squash - SUPREMA VARIETY,50.0,
2026-02-11,150000000,,LAMITAN CITY PUBLIC MARKET,Lowland Vegetables,Pechay (Native) - 3-4 SMALL BUNDLES/KG,65.0,
2026-02-11,150000000,,LAMITAN CITY PUBLIC MARKET,Lowland Vegetables,Sitao - 3-4 SMALL BUNDLES/KG,65.0,
2026-02-11,150000000,,LAMITAN CITY PUBLIC MARKET,Lowland Vegetables,Eggplant - 3-4 SMALL BUNDLES/KG,100.0,
2026-02-11,150000000,,LAMITAN CITY PUBLIC MARKET,Lowland Vegetables,Tomato - 15-18 PCS/KG,100.0,
2026-02-11,150000000,,LAMITAN CITY PUBLIC MARKET,Meat and Poultry,"Chicken Egg (White, Medium) - 56-60 grams/pc",9.0,
2026-02-11,150000000,,LAMITAN CITY PUBLIC MARKET,Meat and Poultry,Whole Chicken - FULLY DRESSED,190.0,
2026-02-11,150000000,,LAMITAN CITY PUBLIC MARKET,Meat and Poultry,"Chicken Egg (White, Large) - 61-65 grams/pc",10.0,
2026-02-11,150000000,,LAMITAN CITY PUBLIC MARKET,Meat and Poultry,"Chicken Egg (White, Extra Large) - 66-70 grams/pc",12.0,
2026-02-11,150000000,,LAMITAN CITY PUBLIC MARKET,Spices,Garlic(Imported) - KG,180.0,
2026-02-11,150000000,,LAMITAN CITY PUBLIC MARKET,Spices,"Ginger - FAIRLY WELL-MATURED, MEDIUM (150-300 GM)",100.0,
2026-02-11,150000000,,LAMITAN CITY PUBLIC MARKET,Spices,Red Onion - 13-15 PCS/KG,200.0,
2026-02-11,150000000,,LAMITAN CITY PUBLIC MARKET,Spices,White Onion - KG,240.0,
2026-02-11,150000000,,LAMITAN CITY PUBLIC MARKET,Other Commodities,Cooking Oil Palm 1L - 1 LITER/BOTTLE,120.0,
2026-02-11,150000000,,LAMITAN CITY PUBLIC MARKET,Other Commodities,Cooking Oil Palm 350ML - 350 ML/BOTTLE,50.0,
2026-02-11,150000000,,LAMITAN CITY PUBLIC MARKET,Other Commodities,Sugar (Brown) - KG,60.0,
2026-02-11,150000000,,LAMITAN CITY PUBLIC MARKET,Other Commodities,Sugar (Refined) - KG,70.0,
